loss_hist,iteration_hist,epoch_hist
1.5216776132583618,0,0
1.5224393606185913,1,0
1.4578492641448975,2,0
1.6431828737258911,3,0
1.4185055494308472,4,0
1.5450986623764038,5,0
1.4299159049987793,6,0
1.4927560091018677,7,0
1.4267070293426514,8,0
1.2935526371002197,9,0
1.4097812175750732,10,0
1.2435686588287354,11,0
1.3850127458572388,12,0
1.4106048345565796,13,0
1.561619520187378,14,0
1.2641716003417969,15,0
1.402946949005127,16,0
1.478916049003601,17,0
1.2555031776428223,18,0
1.4386467933654785,19,0
1.4479371309280396,20,0
1.530207633972168,21,0
1.1717462539672852,22,0
1.436028003692627,23,0
1.3669054508209229,24,0
1.4272494316101074,25,0
1.1875295639038086,26,0
1.2594947814941406,27,0
1.2864539623260498,28,0
1.3132250308990479,29,0
1.2755420207977295,30,0
1.4201382398605347,31,0
1.5112935304641724,32,0
1.173369288444519,33,0
1.334850549697876,34,0
1.220887303352356,35,0
1.5853078365325928,36,0
1.4101967811584473,37,0
1.1549522876739502,38,0
1.2589788436889648,39,0
1.4361774921417236,40,0
1.3460506200790405,41,0
1.4346179962158203,42,0
1.422935962677002,43,0
1.339306116104126,44,0
1.4149599075317383,45,0
1.3883082866668701,46,0
1.0895262956619263,47,0
1.1047395467758179,48,0
1.153741717338562,49,0
1.2987864017486572,50,0
1.327279806137085,51,0
1.4796078205108643,52,0
1.3941943645477295,53,0
1.0245873928070068,54,0
1.3707276582717896,55,0
1.3992507457733154,56,0
1.397024154663086,57,0
1.036247730255127,58,0
0.8900920152664185,59,0
1.1610777378082275,60,0
1.080443263053894,61,0
1.2869404554367065,62,0
1.4576278924942017,63,0
1.5997099876403809,64,0
1.2125954627990723,65,0
1.3192286491394043,66,0
1.380518913269043,67,0
1.2736294269561768,68,0
1.1659226417541504,69,0
1.371192216873169,70,0
1.4208970069885254,71,0
1.1498651504516602,72,0
1.3422703742980957,73,0
0.8793987035751343,74,0
1.3580117225646973,75,0
1.1757445335388184,76,0
0.9005633592605591,77,0
1.0043576955795288,78,0
1.1641559600830078,79,0
1.2556400299072266,80,0
1.2690141201019287,81,0
1.5228819847106934,82,0
1.0990216732025146,83,0
1.2831398248672485,84,0
1.2784721851348877,85,0
1.1312129497528076,86,0
1.4130041599273682,87,0
1.2992753982543945,88,0
1.0341615676879883,89,0
0.9636610746383667,90,0
1.1048372983932495,91,0
1.3758418560028076,92,0
1.3025994300842285,93,0
1.576297640800476,94,0
1.244092583656311,95,0
1.3411312103271484,96,0
1.3354436159133911,97,0
1.45047926902771,98,0
1.2960138320922852,99,0
1.285737156867981,100,0
1.1323492527008057,101,0
1.3447651863098145,102,0
1.4075756072998047,103,0
1.0887293815612793,104,0
1.205315351486206,105,0
1.2220814228057861,106,0
1.2940788269042969,107,0
0.9923555254936218,108,0
1.219968557357788,109,0
1.2943120002746582,110,0
1.04859459400177,111,0
0.7841411828994751,112,0
1.5615861415863037,113,0
1.3699536323547363,114,0
1.0770515203475952,115,0
1.1370199918746948,116,0
1.2793878316879272,117,0
1.2134008407592773,118,0
1.0195338726043701,119,0
1.0763099193572998,120,0
1.3783055543899536,121,0
1.4727494716644287,122,0
1.036970853805542,123,0
1.424859881401062,124,0
1.3651022911071777,125,0
1.1565299034118652,126,0
1.046407699584961,127,0
1.2375338077545166,128,0
1.068084716796875,129,0
1.486009120941162,130,0
1.0254765748977661,131,0
1.1208537817001343,132,0
1.4282715320587158,133,0
1.3769330978393555,134,0
1.0853720903396606,135,0
0.9937059879302979,136,0
1.219435453414917,137,0
1.1090495586395264,138,0
1.0374741554260254,139,0
1.2005547285079956,140,0
1.0950241088867188,141,0
1.268754005432129,142,0
1.3984246253967285,143,0
1.3281300067901611,144,0
0.938463568687439,145,0
1.2350329160690308,146,0
1.0922616720199585,147,0
1.0806077718734741,148,0
1.0957543849945068,149,0
1.1529446840286255,150,0
1.2833502292633057,151,0
0.9123032689094543,152,0
1.12135910987854,153,0
1.2620865106582642,154,0
1.2328782081604004,155,0
1.4527363777160645,156,0
0.9303700923919678,157,0
1.1603443622589111,158,0
1.5061416625976562,159,0
1.1166725158691406,160,0
1.2095919847488403,161,0
0.8748995661735535,162,0
1.2629704475402832,163,0
1.0540882349014282,164,0
1.0051665306091309,165,0
1.4219934940338135,166,0
1.5614031553268433,167,0
1.4137871265411377,168,0
1.271561861038208,169,0
0.9766163229942322,170,0
1.1026136875152588,171,0
1.281652569770813,172,0
0.921507716178894,173,0
1.2565836906433105,174,0
0.9640741348266602,175,0
1.4456453323364258,176,0
1.4184503555297852,177,0
1.5181142091751099,178,0
1.0308473110198975,179,0
1.0813884735107422,180,0
1.165342092514038,181,0
0.9527881145477295,182,0
1.1945304870605469,183,0
1.1611056327819824,184,0
1.480414628982544,185,0
1.3302043676376343,186,0
0.9923853278160095,187,0
1.111961007118225,188,0
1.286784291267395,189,0
1.1301029920578003,190,0
1.1463127136230469,191,0
1.1450049877166748,192,0
1.3952445983886719,193,0
1.082686185836792,194,0
1.1219305992126465,195,0
1.2411777973175049,196,0
1.2207821607589722,197,0
1.1409424543380737,198,0
1.0687981843948364,199,0
1.0903446674346924,200,0
1.0483665466308594,201,0
0.9831559658050537,202,0
1.104414701461792,203,0
1.3677537441253662,204,0
1.253478765487671,205,0
1.1400226354599,206,0
0.9897890686988831,207,0
1.2504355907440186,208,0
0.9789131283760071,209,0
1.1388137340545654,210,0
1.0515480041503906,211,0
1.1211187839508057,212,0
1.2807505130767822,213,0
1.0836873054504395,214,0
1.218760371208191,215,0
1.189361810684204,216,0
1.1393184661865234,217,0
1.1871154308319092,218,0
0.9669291973114014,219,0
0.9169934988021851,220,0
1.0792590379714966,221,0
0.9526054859161377,222,0
1.4718650579452515,223,0
1.1028125286102295,224,0
0.871228814125061,225,0
1.219521403312683,226,0
0.9201138019561768,227,0
0.982549786567688,228,0
1.0380297899246216,229,0
1.174041986465454,230,0
0.9705377221107483,231,0
0.8921715021133423,232,0
1.2895772457122803,233,0
1.4553720951080322,234,0
1.2220021486282349,235,0
1.1488568782806396,236,0
1.0630097389221191,237,0
1.5384762287139893,238,0
1.1572661399841309,239,0
1.205633521080017,240,0
1.1643295288085938,241,0
1.1022634506225586,242,0
1.1120414733886719,243,0
1.1879571676254272,244,0
0.8873415589332581,245,0
1.1268081665039062,246,0
0.9998791217803955,247,0
0.870189368724823,248,0
1.3601449728012085,249,0
1.2888177633285522,250,0
1.2690467834472656,251,0
0.9802758693695068,252,0
1.0008981227874756,253,0
0.7769721746444702,254,0
0.9889392852783203,255,0
1.1023874282836914,256,0
0.9238697290420532,257,0
0.9899042844772339,258,0
0.9498080611228943,259,0
0.9730421304702759,260,0
0.92354816198349,261,0
0.976041853427887,262,0
1.0814647674560547,263,0
1.0971100330352783,264,0
1.1418581008911133,265,0
1.2082295417785645,266,0
0.9604349136352539,267,0
1.1070665121078491,268,0
0.9650190472602844,269,0
1.0416254997253418,270,0
1.1206631660461426,271,0
0.8886566162109375,272,0
1.1923744678497314,273,0
0.8403351306915283,274,0
0.763941764831543,275,0
0.8603326082229614,276,0
0.8464714884757996,277,0
1.0487046241760254,278,0
1.2293543815612793,279,0
1.1206743717193604,280,0
0.7586874961853027,281,0
1.125492811203003,282,0
1.0291855335235596,283,0
0.9709635972976685,284,0
0.9111878871917725,285,0
1.231318712234497,286,0
0.935602605342865,287,0
0.9446703195571899,288,0
1.2360165119171143,289,0
0.7914830446243286,290,0
0.7144990563392639,291,0
0.9687923192977905,292,0
1.065714955329895,293,0
0.8520644307136536,294,0
0.9318307042121887,295,0
0.9634811878204346,296,0
0.966270923614502,297,0
0.9944876432418823,298,0
1.4385097026824951,299,0
1.0884202718734741,300,0
0.8625578880310059,301,0
1.3260211944580078,302,0
1.1886844635009766,303,0
0.6053165793418884,304,0
0.9933522343635559,305,0
0.8578722476959229,306,0
0.7660809755325317,307,0
1.0450668334960938,308,0
1.1261004209518433,309,0
1.2014418840408325,310,0
0.8091011643409729,311,0
0.8509796261787415,312,0
1.0407311916351318,313,0
1.1067103147506714,314,0
0.9736184477806091,315,0
1.0415120124816895,316,0
0.9548120498657227,317,0
0.990746796131134,318,0
1.177249789237976,319,0
0.9602702260017395,320,0
0.8546618223190308,321,0
0.9748132228851318,322,0
0.9777396321296692,323,0
0.9375977516174316,324,0
1.028294563293457,325,0
1.127225637435913,326,0
1.306455135345459,327,0
0.7587197422981262,328,0
0.8952322006225586,329,0
0.9091442227363586,330,0
0.9140520691871643,331,0
0.9574151635169983,332,0
0.6721007823944092,333,0
0.9276673793792725,334,0
1.2693407535552979,335,0
1.227510690689087,336,0
0.7821242213249207,337,0
0.9261214733123779,338,0
1.2551804780960083,339,0
0.9718095064163208,340,0
0.7965472936630249,341,0
1.1685259342193604,342,0
1.0027912855148315,343,0
0.9407746195793152,344,0
1.085395336151123,345,0
1.0654292106628418,346,0
0.7789992094039917,347,0
1.0610448122024536,348,0
1.0851871967315674,349,0
1.0967241525650024,350,0
0.9842882752418518,351,0
1.1145501136779785,352,0
0.634440541267395,353,0
0.9241664409637451,354,0
1.0685360431671143,355,0
1.1458226442337036,356,0
0.9259903430938721,357,0
1.3246164321899414,358,0
0.9866785407066345,359,0
0.9405839443206787,360,0
1.2322696447372437,361,0
1.1016969680786133,362,0
1.169224739074707,363,0
1.349371075630188,364,0
0.9909268617630005,365,0
0.9266075491905212,366,0
0.8150821924209595,367,0
1.2840802669525146,368,0
0.7946486473083496,369,0
0.8704280853271484,370,0
0.9079523086547852,371,0
0.8423489332199097,372,0
0.8590278029441833,373,0
0.9969624876976013,374,0
0.6854102611541748,375,0
0.7873542308807373,376,0
1.0957098007202148,377,0
0.9199929237365723,378,0
1.101385235786438,379,0
0.9910696744918823,380,0
1.046591877937317,381,0
1.0117623805999756,382,0
0.8312448859214783,383,0
1.1017136573791504,384,0
0.9530873894691467,385,0
1.2930328845977783,386,0
0.8603562116622925,387,0
0.8943189382553101,388,0
0.9070563912391663,389,0
1.099752426147461,390,0
1.0325016975402832,391,0
1.0178048610687256,392,0
0.7956929206848145,393,0
1.1445066928863525,394,0
0.8840466737747192,395,0
0.9229459762573242,396,0
0.869875431060791,397,0
1.0728949308395386,398,0
0.7958509922027588,399,0
0.8622400760650635,400,0
0.9439804553985596,401,0
0.9716302156448364,402,0
1.3174362182617188,403,0
0.8789841532707214,404,0
0.945999264717102,405,0
1.0002816915512085,406,0
0.8075289726257324,407,0
1.0141758918762207,408,0
0.9965551495552063,409,0
0.8710908889770508,410,0
0.996202826499939,411,0
0.7151026725769043,412,0
1.101385474205017,413,0
0.9367325305938721,414,0
0.9149618148803711,415,0
0.913240373134613,416,0
0.8747613430023193,417,0
1.1665914058685303,418,0
0.72594153881073,419,0
1.079372525215149,420,0
1.0987892150878906,421,0
0.7547807097434998,422,0
1.0933314561843872,423,0
0.9537550210952759,424,0
0.6127125024795532,425,0
1.0490297079086304,426,0
0.6541321873664856,427,0
0.8251761794090271,428,0
0.9092527627944946,429,0
0.8362807035446167,430,0
1.242065668106079,431,0
0.8341631889343262,432,0
1.1543723344802856,433,0
0.8626001477241516,434,0
1.0205198526382446,435,0
0.9420486688613892,436,0
0.6078430414199829,437,0
0.9238810539245605,438,0
0.9810632467269897,439,0
1.1089403629302979,440,0
0.7978833317756653,441,0
0.9960228800773621,442,0
1.0645031929016113,443,0
1.1119848489761353,444,0
0.9681755304336548,445,0
0.7715364694595337,446,0
1.0010029077529907,447,0
0.8843270540237427,448,0
0.763225793838501,449,0
0.9161050319671631,450,0
0.7863027453422546,451,0
0.8076480031013489,452,0
1.1065069437026978,453,0
1.0856614112854004,454,0
0.827460527420044,455,0
0.6708942651748657,456,0
0.9848515391349792,457,0
0.9104310274124146,458,0
0.6079303622245789,459,0
0.7502057552337646,460,0
1.077265739440918,461,0
0.7039486765861511,462,0
0.9999933838844299,463,0
1.1287848949432373,464,0
0.9338857531547546,465,0
0.8103077411651611,466,0
0.9616718888282776,467,0
0.9111579060554504,468,0
0.7058227062225342,469,0
0.7834890484809875,470,0
0.9728939533233643,471,0
0.8556553721427917,472,0
0.8124794960021973,473,0
0.987009584903717,474,0
0.7926381826400757,475,0
0.7174633145332336,476,0
0.9096132516860962,477,0
0.8380712270736694,478,0
0.7903404235839844,479,0
0.7068331241607666,480,0
0.8060747385025024,481,0
1.06184720993042,482,0
1.1289417743682861,483,0
0.6068834662437439,484,0
0.9352560639381409,485,0
1.063671588897705,486,0
0.8596532344818115,487,0
0.8072642087936401,488,0
1.03481125831604,489,0
1.212151050567627,490,0
0.7903549671173096,491,0
0.8971285820007324,492,0
0.8386555314064026,493,0
1.4149181842803955,494,0
0.7750329971313477,495,0
1.128218650817871,496,0
0.6291339993476868,497,0
1.022595763206482,498,0
0.7152141332626343,499,0
0.9629452228546143,500,0
0.8660821318626404,501,0
0.9949522018432617,502,0
0.8240131139755249,503,0
1.1320185661315918,504,0
0.8854196667671204,505,0
0.8013526201248169,506,0
0.8002904653549194,507,0
0.6847354173660278,508,0
0.7668874263763428,509,0
0.7241814136505127,510,0
1.091596245765686,511,0
1.3375623226165771,512,0
0.7463516592979431,513,0
0.9682109355926514,514,0
0.9805726408958435,515,0
0.7727617025375366,516,0
0.6934084892272949,517,0
0.9398590922355652,518,0
0.7728804349899292,519,0
1.1100965738296509,520,0
1.0092300176620483,521,0
0.7607278823852539,522,0
0.9199486970901489,523,0
0.6122860908508301,524,0
0.6935645341873169,525,0
0.7451019287109375,526,0
0.8011526465415955,527,0
1.3490153551101685,528,0
0.7442450523376465,529,0
1.2758064270019531,530,0
0.6849446892738342,531,0
0.8919600248336792,532,0
0.9179339408874512,533,0
0.880851149559021,534,0
0.9523390531539917,535,0
0.8925848007202148,536,0
0.6304690837860107,537,0
0.9316844940185547,538,0
0.9175243377685547,539,0
0.9860274791717529,540,0
1.1793138980865479,541,0
0.9622901082038879,542,0
0.7391546368598938,543,0
1.2406108379364014,544,0
0.9916552901268005,545,0
0.8650973439216614,546,0
0.9949541091918945,547,0
0.9434828162193298,548,0
0.9505600333213806,549,0
1.021145224571228,550,0
0.8641668558120728,551,0
0.7197673916816711,552,0
0.8241804838180542,553,0
0.833071231842041,554,0
0.845257043838501,555,0
0.7728360891342163,556,0
0.9649699926376343,557,0
0.8345997929573059,558,0
0.8068087697029114,559,0
0.8476536273956299,560,0
0.7312371730804443,561,0
0.6627197265625,562,0
0.5859061479568481,563,0
0.654682457447052,564,0
0.5469882488250732,565,0
1.1006895303726196,566,0
0.8926736116409302,567,0
0.6946999430656433,568,0
0.7821694612503052,569,0
0.8709733486175537,570,0
0.8864824175834656,571,0
0.747390866279602,572,0
0.827656626701355,573,0
0.733080267906189,574,0
1.1351581811904907,575,0
0.6292423009872437,576,0
1.0632851123809814,577,0
1.0408728122711182,578,0
0.8172935247421265,579,0
0.9477951526641846,580,0
1.0247530937194824,581,0
0.5877249836921692,582,0
0.7337623834609985,583,0
0.9337607622146606,584,0
0.7956879138946533,585,0
0.6074880361557007,586,0
0.5931904315948486,587,0
0.662105917930603,588,0
0.725779116153717,589,0
0.517612874507904,590,0
0.6169658899307251,591,0
0.8369091153144836,592,0
0.9736306667327881,593,0
0.8039757013320923,594,0
1.1771996021270752,595,0
0.9216513633728027,596,0
0.6209068894386292,597,0
0.6609647274017334,598,0
0.6310536861419678,599,0
0.6798022985458374,600,0
0.8454803228378296,601,0
0.6095167994499207,602,0
0.7730761766433716,603,0
0.7954080104827881,604,0
0.6896085739135742,605,0
0.7044903039932251,606,0
0.7168543338775635,607,0
0.5664646625518799,608,0
0.70958411693573,609,0
0.5238131284713745,610,0
1.1404924392700195,611,0
1.1720976829528809,612,0
0.7839027643203735,613,0
0.6055890321731567,614,0
1.0610077381134033,615,0
0.6073335409164429,616,0
0.8948696851730347,617,0
0.7346975803375244,618,0
0.7402498722076416,619,0
0.9361268281936646,620,0
0.6709760427474976,621,0
1.184499740600586,622,0
0.8716896772384644,623,0
0.5048704743385315,624,0
0.7525287866592407,625,0
0.7489535212516785,626,0
0.873916506767273,627,0
1.0872251987457275,628,0
0.8696688413619995,629,0
0.5300742387771606,630,0
0.6468095779418945,631,0
0.8000591993331909,632,0
0.8606997132301331,633,0
1.1021662950515747,634,0
1.2193830013275146,635,0
0.5843344926834106,636,0
0.6402299404144287,637,0
0.8169349431991577,638,0
0.7564159631729126,639,0
0.7432147264480591,640,0
0.8130490779876709,641,0
0.9507704973220825,642,0
0.6456353664398193,643,0
1.0493987798690796,644,0
0.6762130260467529,645,0
0.6893349289894104,646,0
0.8890907764434814,647,0
0.6870659589767456,648,0
0.5593084692955017,649,0
0.6671357154846191,650,0
1.0563695430755615,651,0
0.4899321496486664,652,0
1.3297382593154907,653,0
0.6921611428260803,654,0
0.687140703201294,655,0
0.8492920398712158,656,0
0.6430389881134033,657,0
0.9385887384414673,658,0
0.6732736825942993,659,0
1.0517657995224,660,0
0.5435158014297485,661,0
0.5343865752220154,662,0
0.6593759059906006,663,0
1.1094239950180054,664,0
0.9818153381347656,665,0
0.7784315943717957,666,0
0.6489622592926025,667,0
0.9656267166137695,668,0
1.024366855621338,669,0
1.0240402221679688,670,0
0.9330884218215942,671,0
0.734209418296814,672,0
0.8866794109344482,673,0
0.750332236289978,674,0
0.7480036616325378,675,0
0.6269018650054932,676,0
0.8271436095237732,677,0
0.8115847110748291,678,0
0.9294805526733398,679,0
0.9345789551734924,680,0
0.8119953870773315,681,0
0.5523505210876465,682,0
0.5600654482841492,683,0
0.9021775126457214,684,0
0.5428022146224976,685,0
0.729263186454773,686,0
0.40803420543670654,687,0
0.943329393863678,688,0
0.8881016969680786,689,0
0.5478640198707581,690,0
0.5987300872802734,691,0
0.847854495048523,692,0
0.46737074851989746,693,0
0.9136509299278259,694,0
0.511551022529602,695,0
0.5846871137619019,696,0
0.7096298933029175,697,0
0.6725031137466431,698,0
0.8513208627700806,699,0
1.2511457204818726,700,0
0.695888876914978,701,0
0.9284561276435852,702,0
0.6474721431732178,703,0
0.7028093338012695,704,0
0.6685515642166138,705,0
0.7839341163635254,706,0
0.7651857137680054,707,0
0.5602608323097229,708,0
0.7315965294837952,709,0
0.6423356533050537,710,0
0.6304542422294617,711,0
0.6687987446784973,712,0
0.928329348564148,713,0
0.9170398712158203,714,0
0.542022705078125,715,0
1.1329373121261597,716,0
0.5798918008804321,717,0
0.6304025650024414,718,0
0.7929987907409668,719,0
0.5468844771385193,720,0
0.5945188999176025,721,0
0.8934738636016846,722,0
0.7213524580001831,723,0
0.7935994863510132,724,0
0.7714062929153442,725,0
0.6991727352142334,726,0
1.173280954360962,727,0
0.6611974239349365,728,0
0.8070214986801147,729,0
0.6906853914260864,730,0
0.7433902025222778,731,0
0.7421854138374329,732,0
0.8948627710342407,733,0
0.5694438815116882,734,0
0.6275022029876709,735,0
0.4749014973640442,736,0
0.4320760667324066,737,0
0.5295430421829224,738,0
0.614122748374939,739,0
0.48680436611175537,740,0
0.6461679935455322,741,0
0.49687427282333374,742,0
0.5934386253356934,743,0
0.5805678367614746,744,0
0.6039174795150757,745,0
0.6660496592521667,746,0
0.7516063451766968,747,0
0.8082069158554077,748,0
0.6665919423103333,749,0
0.9258318543434143,750,0
0.7421711683273315,751,0
0.6379591226577759,752,0
0.7436966896057129,753,0
0.8659685850143433,754,0
0.888616681098938,755,0
0.450276643037796,756,0
0.46351760625839233,757,0
0.6586127281188965,758,0
0.8928755521774292,759,0
0.6129887700080872,760,0
0.9637196063995361,761,0
0.8459981679916382,762,0
0.6820926666259766,763,0
1.1300756931304932,764,0
0.7446790933609009,765,0
0.777713418006897,766,0
0.7401021718978882,767,0
0.6223623752593994,768,0
0.7584561109542847,769,0
0.5509786009788513,770,0
0.7500638365745544,771,0
0.8331629037857056,772,0
0.9999276399612427,773,0
0.6158306002616882,774,0
0.46380355954170227,775,0
0.95443195104599,776,0
0.681339681148529,777,0
0.6193135380744934,778,0
0.7308775186538696,779,0
0.6047260761260986,780,0
0.6410127878189087,781,0
0.7758633494377136,782,0
0.35011690855026245,783,0
0.6838811039924622,784,0
0.6649565696716309,785,0
0.8379266262054443,786,0
0.8900635242462158,787,0
1.1874003410339355,788,0
0.7795346975326538,789,0
0.7359026670455933,790,0
0.6055641174316406,791,0
1.1178441047668457,792,0
0.5819333791732788,793,0
0.5920400619506836,794,0
0.7500275373458862,795,0
0.4539797306060791,796,0
1.0048161745071411,797,0
0.6737534403800964,798,0
1.0728559494018555,799,0
0.4512236714363098,800,0
0.7177951335906982,801,0
0.6821881532669067,802,0
0.38888221979141235,803,0
0.48264002799987793,804,0
0.7909267544746399,805,0
0.6795276403427124,806,0
0.9781785011291504,807,0
1.0101401805877686,808,0
0.5683450698852539,809,0
0.36542561650276184,810,0
0.7721768617630005,811,0
0.7019355297088623,812,0
0.6831634044647217,813,0
0.45560675859451294,814,0
0.7616161108016968,815,0
0.5256743431091309,816,0
0.8170166015625,817,0
1.11344575881958,818,0
0.5790542960166931,819,0
0.765263557434082,820,0
0.6343198418617249,821,0
0.3774118423461914,822,0
0.5879448652267456,823,0
0.5164262056350708,824,0
0.5422531962394714,825,0
0.4137326776981354,826,0
0.6807209253311157,827,0
0.4950546324253082,828,0
0.8728520274162292,829,0
0.8657776117324829,830,0
0.4915286898612976,831,0
0.39692258834838867,832,0
0.7512872219085693,833,0
0.3941776156425476,834,0
0.524662435054779,835,0
0.6691581010818481,836,0
0.716219425201416,837,0
0.53623366355896,838,0
0.29255199432373047,839,0
0.2642906904220581,840,0
0.6819572448730469,841,0
0.7491654753684998,842,0
0.778374969959259,843,0
0.6807534694671631,844,0
0.9703061580657959,845,0
0.6186361312866211,846,0
0.6212910413742065,847,0
1.2412066459655762,848,0
0.810990571975708,849,0
0.7740297913551331,850,0
0.490611732006073,851,0
0.6665832996368408,852,0
0.7534770965576172,853,0
0.7298905849456787,854,0
0.47686997056007385,855,0
0.39900141954421997,856,0
0.7638373374938965,857,0
0.6273062229156494,858,0
0.8440086841583252,859,0
0.8323615193367004,860,0
1.0148799419403076,861,0
0.5318855047225952,862,0
0.647408127784729,863,0
0.9742388129234314,864,0
0.7455299496650696,865,0
0.4226439595222473,866,0
0.47141826152801514,867,0
0.5850008726119995,868,0
0.4892376661300659,869,0
0.7695590257644653,870,0
0.5258965492248535,871,0
0.5534728765487671,872,0
0.6229021549224854,873,0
0.6282892227172852,874,0
0.46751752495765686,875,0
0.7188093662261963,876,0
0.639846682548523,877,0
0.7592277526855469,878,0
0.9478453397750854,879,0
0.8193070888519287,880,0
0.6580824851989746,881,0
0.573845624923706,882,0
1.0022590160369873,883,0
0.9434581995010376,884,0
0.7406846284866333,885,0
0.5598273873329163,886,0
0.7320270538330078,887,0
0.8384619951248169,888,0
0.5145811438560486,889,0
0.5442196130752563,890,0
0.3922295868396759,891,0
0.5827417969703674,892,0
0.5376119613647461,893,0
0.7692233324050903,894,0
0.677878201007843,895,0
0.9056857228279114,896,0
0.7107396125793457,897,0
0.7513114213943481,898,0
0.671174168586731,899,0
0.5699280500411987,900,0
0.6532973051071167,901,0
0.7321567535400391,902,0
0.6409235000610352,903,0
0.532028079032898,904,0
0.570095419883728,905,0
0.5171073079109192,906,0
0.8457187414169312,907,0
0.7272238731384277,908,0
0.5501421689987183,909,0
0.5838831663131714,910,0
0.5888803601264954,911,0
0.5545575618743896,912,0
0.5874634385108948,913,0
0.829410970211029,914,0
0.7752537727355957,915,0
0.462373286485672,916,0
0.7662317752838135,917,0
0.661831796169281,918,0
0.7690368294715881,919,0
0.785863995552063,920,0
0.5967998504638672,921,0
0.5383926630020142,922,0
0.7624537944793701,923,0
0.9424969553947449,924,0
0.9286829233169556,925,0
0.6595165729522705,926,0
0.7530573606491089,927,0
0.8572902679443359,928,0
0.7018730640411377,929,0
0.3984418511390686,930,0
0.9312798976898193,931,0
0.8001048564910889,932,0
0.8810014128684998,933,0
0.7213096618652344,934,0
0.4104365110397339,935,0
0.37455716729164124,936,0
0.4485625624656677,937,0
0.7254947423934937,938,0
0.733328640460968,939,0
0.7195392847061157,940,0
0.8736135959625244,941,0
0.7342548370361328,942,0
1.1398499011993408,943,0
0.5285394787788391,944,0
0.4851837456226349,945,0
0.47246241569519043,946,0
0.7473099231719971,947,0
0.653086245059967,948,0
0.7066256999969482,949,0
0.7308965921401978,950,0
0.9819848537445068,951,0
0.5595242977142334,952,0
0.9479700922966003,953,0
0.7705826759338379,954,0
0.6683287620544434,955,0
0.5218483209609985,956,0
0.8170493841171265,957,0
0.6844402551651001,958,0
0.47840699553489685,959,0
0.8637725114822388,960,0
1.0264359712600708,961,0
0.6668965816497803,962,0
0.9622709155082703,963,0
0.5145574808120728,964,0
0.960903525352478,965,0
0.8232370615005493,966,0
0.8014867305755615,967,0
0.5574616193771362,968,0
0.5983356833457947,969,0
0.3749547600746155,970,0
0.80069899559021,971,0
0.60072922706604,972,0
0.30905812978744507,973,0
0.5167659521102905,974,0
0.45440608263015747,975,0
0.8455314040184021,976,0
0.497151255607605,977,0
0.4128549098968506,978,0
0.7251234650611877,979,0
0.7530549764633179,980,0
0.5359271168708801,981,0
0.5018826723098755,982,0
0.8022754192352295,983,0
0.6002688407897949,984,0
0.855135977268219,985,0
0.7665541172027588,986,0
0.43890130519866943,987,0
0.8200101852416992,988,0
0.6399736404418945,989,0
0.8277188539505005,990,0
0.46169930696487427,991,0
0.3912699222564697,992,0
0.40301406383514404,993,0
0.5418119430541992,994,0
0.7598510980606079,995,0
0.7329713106155396,996,0
0.6805524826049805,997,0
0.49798133969306946,998,0
0.632256269454956,999,0
0.6386432647705078,1000,0
0.48896872997283936,1001,0
0.6722791790962219,1002,0
0.8406967520713806,1003,0
0.53709477186203,1004,0
0.8798012137413025,1005,0
0.6163875460624695,1006,0
0.49570852518081665,1007,0
0.8721932768821716,1008,0
0.5078195333480835,1009,0
0.6805722117424011,1010,0
0.590266227722168,1011,0
0.8106632828712463,1012,0
0.765715479850769,1013,0
0.9066550135612488,1014,0
0.4595848321914673,1015,0
0.45749956369400024,1016,0
0.6004945039749146,1017,0
0.6040691137313843,1018,0
0.5333707332611084,1019,0
0.5182925462722778,1020,0
0.5937520265579224,1021,0
0.6544955968856812,1022,0
1.0360450744628906,1023,0
0.6457624435424805,1024,0
0.7439115047454834,1025,0
0.7838490605354309,1026,0
0.7775073051452637,1027,0
0.6958423852920532,1028,0
0.4827587604522705,1029,0
0.5242205858230591,1030,0
0.7076089382171631,1031,0
0.4159891605377197,1032,0
0.6110273599624634,1033,0
0.6420470476150513,1034,0
0.5904059410095215,1035,0
1.0308396816253662,1036,0
0.8146054744720459,1037,0
0.6819669008255005,1038,0
0.7670963406562805,1039,0
0.5231063365936279,1040,0
0.8638512492179871,1041,0
0.6901144981384277,1042,0
0.4869321882724762,1043,0
0.7853441834449768,1044,0
0.9166038036346436,1045,0
0.5153576731681824,1046,0
0.4531433582305908,1047,0
0.767466127872467,1048,0
0.48732003569602966,1049,0
0.5046548247337341,1050,0
0.593546986579895,1051,0
0.3881669342517853,1052,0
0.7301737070083618,1053,0
0.3790091276168823,1054,0
0.763111412525177,1055,0
0.8585999011993408,1056,0
0.6499788761138916,1057,0
0.6749791502952576,1058,0
0.4026429057121277,1059,0
0.7566816806793213,1060,0
0.4367641806602478,1061,0
1.0679253339767456,1062,0
0.3634170591831207,1063,0
0.38582420349121094,1064,0
0.7406274080276489,1065,0
0.40367040038108826,1066,0
0.6961724162101746,1067,0
0.6197245717048645,1068,0
0.4748256206512451,1069,0
0.4404464364051819,1070,0
0.3966373801231384,1071,0
0.5339325070381165,1072,0
0.41595301032066345,1073,0
0.5204251408576965,1074,0
0.6146449446678162,1075,0
0.7907648086547852,1076,0
0.45306870341300964,1077,0
0.447003036737442,1078,0
0.4721749424934387,1079,0
0.6199941039085388,1080,0
0.4901314079761505,1081,0
0.7012964487075806,1082,0
0.9477592706680298,1083,0
0.7700223326683044,1084,0
0.6403719782829285,1085,0
0.26291078329086304,1086,0
1.2127759456634521,1087,0
0.5321088433265686,1088,0
0.38545477390289307,1089,0
0.6371289491653442,1090,0
0.3130914568901062,1091,0
0.3316485583782196,1092,0
0.31915709376335144,1093,0
0.7116206884384155,1094,0
0.4310190677642822,1095,0
0.5777666568756104,1096,0
0.5849816799163818,1097,0
0.5763049721717834,1098,0
1.0912814140319824,1099,0
0.5437990427017212,1100,0
0.4507269263267517,1101,0
0.46329566836357117,1102,0
0.5401418805122375,1103,0
0.48215538263320923,1104,0
0.5548603534698486,1105,0
0.7252119779586792,1106,0
0.5014722347259521,1107,0
0.7750599980354309,1108,0
0.528091311454773,1109,0
0.45392441749572754,1110,0
0.5999751091003418,1111,0
0.5286439061164856,1112,0
1.055556058883667,1113,0
0.7764831781387329,1114,0
0.5221235156059265,1115,0
0.5953891277313232,1116,0
0.6871815919876099,1117,0
0.5617260932922363,1118,0
0.7681824564933777,1119,0
0.751374363899231,1120,0
0.4078182578086853,1121,0
0.6072503328323364,1122,0
0.5142621994018555,1123,0
0.8631389141082764,1124,0
0.6997361183166504,1125,0
0.3718373775482178,1126,0
0.47237980365753174,1127,0
0.42402249574661255,1128,0
0.5023691058158875,1129,0
1.0251306295394897,1130,0
0.3700256943702698,1131,0
0.37994158267974854,1132,0
0.4092438220977783,1133,0
0.5897122621536255,1134,0
0.6865675449371338,1135,0
0.7755193114280701,1136,0
0.6337966918945312,1137,0
0.2926136255264282,1138,0
0.38060104846954346,1139,0
0.46892452239990234,1140,0
0.4569105803966522,1141,0
0.495063841342926,1142,0
0.4244246482849121,1143,0
0.6808085441589355,1144,0
0.7085841298103333,1145,0
0.5622646808624268,1146,0
0.37850990891456604,1147,0
0.38130655884742737,1148,0
0.6994495391845703,1149,0
0.22851817309856415,1150,0
0.939678430557251,1151,0
0.23230260610580444,1152,0
0.5550746917724609,1153,0
0.6863886117935181,1154,0
0.6263128519058228,1155,0
0.5603411197662354,1156,0
0.4689878821372986,1157,0
0.5183404684066772,1158,0
0.32669416069984436,1159,0
0.8124914765357971,1160,0
0.7501375675201416,1161,0
0.5438824892044067,1162,0
0.5552537441253662,1163,0
0.278239905834198,1164,0
0.3484603762626648,1165,0
0.5553880333900452,1166,0
0.5582833290100098,1167,0
0.5055574178695679,1168,0
0.555587112903595,1169,0
0.3899315595626831,1170,0
0.47454071044921875,1171,0
0.4386354088783264,1172,0
0.3967587947845459,1173,0
0.4687933325767517,1174,0
0.9178830981254578,1175,0
0.9106084704399109,1176,0
0.5857076644897461,1177,0
0.2534211277961731,1178,0
0.794863224029541,1179,0
0.8360058665275574,1180,0
0.3714759945869446,1181,0
0.4290854036808014,1182,0
0.3664109706878662,1183,0
0.2677307724952698,1184,0
0.6971300840377808,1185,0
0.5709201097488403,1186,0
0.5511783957481384,1187,0
0.47638964653015137,1188,0
0.7516872882843018,1189,0
0.28961899876594543,1190,0
0.5926896333694458,1191,0
0.42112576961517334,1192,0
0.3673492968082428,1193,0
0.6633943319320679,1194,0
0.47682297229766846,1195,0
0.6155717372894287,1196,0
0.8905289769172668,1197,0
0.6044903993606567,1198,0
0.4234972596168518,1199,0
0.4682164788246155,1200,0
0.2538259029388428,1201,0
1.023915410041809,1202,0
0.7216634750366211,1203,0
0.5384646058082581,1204,0
0.4039522409439087,1205,0
0.3983165919780731,1206,0
0.40405139327049255,1207,0
0.5368094444274902,1208,0
0.3575524687767029,1209,0
0.46304845809936523,1210,0
0.6001806259155273,1211,0
0.6749505996704102,1212,0
0.6986223459243774,1213,0
0.4355645179748535,1214,0
0.8663763999938965,1215,0
0.5117509365081787,1216,0
0.23395204544067383,1217,0
0.3966858983039856,1218,0
0.608593225479126,1219,0
0.3643147945404053,1220,0
0.37750324606895447,1221,0
0.842403769493103,1222,0
0.5085945129394531,1223,0
0.5835959911346436,1224,0
0.7255212068557739,1225,0
0.3670133650302887,1226,0
0.9617535471916199,1227,0
0.4985429644584656,1228,0
0.5323957204818726,1229,0
0.5675930976867676,1230,0
0.8020901679992676,1231,0
0.844632625579834,1232,0
0.6044285297393799,1233,0
0.6482620239257812,1234,0
0.2872796952724457,1235,0
0.48808205127716064,1236,0
0.6056277751922607,1237,0
0.9448163509368896,1238,0
0.3726236820220947,1239,0
0.4180990755558014,1240,0
0.6955191493034363,1241,0
0.47959664463996887,1242,0
0.5321358442306519,1243,0
0.7469519972801208,1244,0
0.7399857044219971,1245,0
0.4564177989959717,1246,0
0.31498804688453674,1247,0
0.8909363746643066,1248,0
0.5899716019630432,1249,0
0.6035351753234863,1250,0
0.49443286657333374,1251,0
0.5358877182006836,1252,0
0.3381321430206299,1253,0
0.5652657747268677,1254,0
0.41479623317718506,1255,0
0.41733163595199585,1256,0
0.7163513898849487,1257,0
0.5102440714836121,1258,0
0.5867091417312622,1259,0
0.7807586789131165,1260,0
0.4654562175273895,1261,0
0.37151798605918884,1262,0
0.646397590637207,1263,0
0.7315527200698853,1264,0
0.4891572594642639,1265,0
0.32640382647514343,1266,0
0.48197826743125916,1267,0
0.7656456828117371,1268,0
0.5216377973556519,1269,0
0.31356173753738403,1270,0
0.7460437417030334,1271,0
0.7890273332595825,1272,0
0.6865863800048828,1273,0
0.8446458578109741,1274,0
0.24525631964206696,1275,0
0.579237699508667,1276,0
0.4791388511657715,1277,0
0.6333585381507874,1278,0
0.5156181454658508,1279,0
0.38898512721061707,1280,0
0.7812536954879761,1281,0
0.5730270147323608,1282,0
0.6667101383209229,1283,0
0.4548708200454712,1284,0
0.19947487115859985,1285,0
0.5470519065856934,1286,0
0.5215958952903748,1287,0
0.46090856194496155,1288,0
0.4719736576080322,1289,0
0.3660361170768738,1290,0
0.5698418617248535,1291,0
0.42803698778152466,1292,0
0.28307607769966125,1293,0
0.7254686951637268,1294,0
0.6192140579223633,1295,0
0.4457876682281494,1296,0
0.2566470205783844,1297,0
0.5036401748657227,1298,0
0.6070022583007812,1299,0
0.487015962600708,1300,0
0.4980200529098511,1301,0
0.5533716082572937,1302,0
0.640511691570282,1303,0
0.47565725445747375,1304,0
0.46345093846321106,1305,0
0.6737943887710571,1306,0
0.5466889142990112,1307,0
0.4257316589355469,1308,0
0.4126599133014679,1309,0
0.671241044998169,1310,0
0.35032254457473755,1311,0
0.31460487842559814,1312,0
0.6250729560852051,1313,0
0.4380393922328949,1314,0
0.3680332899093628,1315,0
0.2733232378959656,1316,0
0.43931034207344055,1317,0
0.2544231116771698,1318,0
0.3795818090438843,1319,0
0.4737246036529541,1320,0
0.3559989333152771,1321,0
0.3096276521682739,1322,0
0.24142107367515564,1323,0
0.648737907409668,1324,0
0.4446820318698883,1325,0
0.7522500157356262,1326,0
0.38068896532058716,1327,0
0.5972135066986084,1328,0
0.5339617729187012,1329,0
0.504332423210144,1330,0
0.7759567499160767,1331,0
0.28658488392829895,1332,0
0.7427436709403992,1333,0
0.502219021320343,1334,0
0.3354814648628235,1335,0
0.42830193042755127,1336,0
0.8484033942222595,1337,0
0.5890887975692749,1338,0
0.5064928531646729,1339,0
0.464759886264801,1340,0
0.4851868450641632,1341,0
0.634696364402771,1342,0
0.574769139289856,1343,0
0.3065537214279175,1344,0
0.6092918515205383,1345,0
0.42209315299987793,1346,0
0.40675264596939087,1347,0
0.5602458715438843,1348,0
0.5214115381240845,1349,0
1.2236567735671997,1350,0
0.5213632583618164,1351,0
0.3327741026878357,1352,0
0.30663827061653137,1353,0
0.5786904096603394,1354,0
0.5153676867485046,1355,0
0.2538009285926819,1356,0
0.8716060519218445,1357,0
0.40990859270095825,1358,0
0.3647385835647583,1359,0
0.6544970273971558,1360,0
0.7448037266731262,1361,0
0.8209762573242188,1362,0
0.5575534105300903,1363,0
0.318666011095047,1364,0
0.5715160965919495,1365,0
0.7477515339851379,1366,0
0.509452760219574,1367,0
0.6476823091506958,1368,0
0.7371826767921448,1369,0
0.37569570541381836,1370,0
0.4279610514640808,1371,0
0.4621194005012512,1372,0
0.45883679389953613,1373,0
0.23815646767616272,1374,0
0.46707066893577576,1375,0
0.46375590562820435,1376,0
0.6414530277252197,1377,0
0.4795398712158203,1378,0
0.2766878306865692,1379,0
0.6562850475311279,1380,0
0.5637456178665161,1381,0
0.33495721220970154,1382,0
0.7546217441558838,1383,0
0.4757503569126129,1384,0
0.6550190448760986,1385,0
0.3673213720321655,1386,0
0.577631950378418,1387,0
0.4872472286224365,1388,0
0.3559015393257141,1389,0
0.32269638776779175,1390,0
0.6022797226905823,1391,0
0.8016538619995117,1392,0
0.5924296975135803,1393,0
0.23618610203266144,1394,0
0.6261840462684631,1395,0
0.41368091106414795,1396,0
0.6296044588088989,1397,0
0.3409227430820465,1398,0
0.35599401593208313,1399,0
0.6892330646514893,1400,0
0.656510055065155,1401,0
0.5821157097816467,1402,0
0.701580286026001,1403,0
0.7036409378051758,1404,0
0.3869968354701996,1405,0
0.7116380929946899,1406,0
0.3592947721481323,1407,0
0.43109336495399475,1408,0
0.4305144250392914,1409,0
0.18867190182209015,1410,0
0.2662786841392517,1411,0
0.588557243347168,1412,0
0.52606201171875,1413,0
0.6456847190856934,1414,0
0.6103562712669373,1415,0
0.8460706472396851,1416,0
0.5854548215866089,1417,0
0.23121337592601776,1418,0
0.6558886766433716,1419,0
0.3719087839126587,1420,0
0.263460636138916,1421,0
0.34299740195274353,1422,0
0.6716470718383789,1423,0
0.5896279811859131,1424,0
0.3747293949127197,1425,0
0.6146974563598633,1426,0
0.8809244632720947,1427,0
0.41317981481552124,1428,0
0.45275381207466125,1429,0
0.4857212007045746,1430,0
0.2301466464996338,1431,0
0.2587248682975769,1432,0
0.7152259349822998,1433,0
0.2767389416694641,1434,0
0.7644823789596558,1435,0
0.3943628668785095,1436,0
0.5012741088867188,1437,0
0.3958818316459656,1438,0
0.5121150612831116,1439,0
0.5049948692321777,1440,0
0.4814513921737671,1441,0
0.7066943645477295,1442,0
0.6876692771911621,1443,0
0.40814220905303955,1444,0
0.7210389971733093,1445,0
0.760776162147522,1446,0
0.5853802561759949,1447,0
0.28249919414520264,1448,0
0.3794664442539215,1449,0
0.4517560601234436,1450,0
0.5210456848144531,1451,0
0.3387352526187897,1452,0
0.22208818793296814,1453,0
0.5555602312088013,1454,0
0.26725828647613525,1455,0
0.7609452605247498,1456,0
0.7498904466629028,1457,0
0.5302556753158569,1458,0
0.3831252455711365,1459,0
0.6559814214706421,1460,0
0.6358962059020996,1461,0
0.6618682146072388,1462,0
0.4435626268386841,1463,0
0.47584545612335205,1464,0
0.38801634311676025,1465,0
0.4323968291282654,1466,0
0.39404869079589844,1467,0
0.3885582685470581,1468,0
0.26309502124786377,1469,0
0.24953538179397583,1470,0
0.8479608297348022,1471,0
0.3030239939689636,1472,0
0.263180136680603,1473,0
0.4359707832336426,1474,0
0.8093145489692688,1475,0
0.32163363695144653,1476,0
0.7512794137001038,1477,0
0.4645755887031555,1478,0
0.5985372066497803,1479,0
0.340867280960083,1480,0
0.6052008867263794,1481,0
0.8243643641471863,1482,0
0.23419605195522308,1483,0
0.26076191663742065,1484,0
0.7065936326980591,1485,0
0.29537683725357056,1486,0
0.6595567464828491,1487,0
0.6906577348709106,1488,0
0.677700400352478,1489,0
0.26739466190338135,1490,0
0.5133166313171387,1491,0
0.980746328830719,1492,0
0.8974148631095886,1493,0
0.447482168674469,1494,0
0.7337799668312073,1495,0
0.2925797402858734,1496,0
0.5657622814178467,1497,0
0.4542904496192932,1498,0
0.16784566640853882,1499,0
0.3633568286895752,1500,0
0.5075284838676453,1501,0
0.24491572380065918,1502,0
0.2745257019996643,1503,0
0.5744525194168091,1504,0
0.6447479724884033,1505,0
0.6224174499511719,1506,0
0.4415833652019501,1507,0
0.5027745366096497,1508,0
0.5237146019935608,1509,0
0.18541307747364044,1510,0
0.2595556378364563,1511,0
0.3990139961242676,1512,0
0.7209067344665527,1513,0
0.29612988233566284,1514,0
0.4315412938594818,1515,0
0.34206947684288025,1516,0
0.304749459028244,1517,0
0.6451826095581055,1518,0
0.38507547974586487,1519,0
0.5335620641708374,1520,0
0.45888960361480713,1521,0
0.709442138671875,1522,0
0.20459473133087158,1523,0
0.6352871656417847,1524,0
0.5801392793655396,1525,0
0.2080758810043335,1526,0
0.3574075698852539,1527,0
0.2526590824127197,1528,0
0.7341352701187134,1529,0
0.41975241899490356,1530,0
0.29763567447662354,1531,0
0.5953390598297119,1532,0
0.36292871832847595,1533,0
0.8189961314201355,1534,0
0.4485377073287964,1535,0
0.2078607976436615,1536,0
0.4007623493671417,1537,0
0.28285276889801025,1538,0
0.6300145387649536,1539,0
0.29292500019073486,1540,0
0.4178375005722046,1541,0
0.3241226077079773,1542,0
0.3856332004070282,1543,0
0.3235663175582886,1544,0
0.47125864028930664,1545,0
0.4623163044452667,1546,0
0.17886309325695038,1547,0
0.29383838176727295,1548,0
0.7399969100952148,1549,0
0.3565725088119507,1550,0
0.6650427579879761,1551,0
0.24989601969718933,1552,0
0.3108583688735962,1553,0
0.9044718742370605,1554,0
0.35607409477233887,1555,0
0.45271891355514526,1556,0
0.7278162240982056,1557,0
0.3777157664299011,1558,0
0.4548466205596924,1559,0
0.53713458776474,1560,0
0.3225865960121155,1561,0
0.37420183420181274,1562,0
0.624502956867218,1563,0
0.3476349115371704,1564,0
0.36186033487319946,1565,0
0.8607269525527954,1566,0
0.2834218144416809,1567,0
0.5330585241317749,1568,0
0.4407075047492981,1569,0
0.3087022304534912,1570,0
0.24703150987625122,1571,0
0.5625141859054565,1572,0
0.3475344181060791,1573,0
0.18626758456230164,1574,0
0.2729542553424835,1575,0
0.5692427158355713,1576,0
0.21226368844509125,1577,0
0.3689327538013458,1578,0
0.5096225142478943,1579,0
0.3597119450569153,1580,0
0.46718400716781616,1581,0
0.5931167602539062,1582,0
0.7099064588546753,1583,0
0.2892332673072815,1584,0
0.2887652814388275,1585,0
0.3776453137397766,1586,0
0.5591167211532593,1587,0
0.4552688002586365,1588,0
0.49413973093032837,1589,0
0.4627532958984375,1590,0
0.243895024061203,1591,0
0.32587534189224243,1592,0
0.3389817476272583,1593,0
0.2754823565483093,1594,0
0.36367934942245483,1595,0
0.8521599173545837,1596,0
0.21621021628379822,1597,0
0.2743535339832306,1598,0
0.384985089302063,1599,0
0.4294931888580322,1600,0
0.5706560611724854,1601,0
0.5862769484519958,1602,0
0.21250997483730316,1603,0
0.36358585953712463,1604,0
0.5619953870773315,1605,0
0.8906428813934326,1606,0
0.43315568566322327,1607,0
0.8443917036056519,1608,0
0.5728549957275391,1609,0
0.5006223917007446,1610,0
0.7767693996429443,1611,0
0.36738863587379456,1612,0
0.3422014117240906,1613,0
0.5361088514328003,1614,0
0.6392907500267029,1615,0
0.3763832151889801,1616,0
0.5431984663009644,1617,0
0.25130265951156616,1618,0
0.4578385353088379,1619,0
0.3760119676589966,1620,0
0.5620532035827637,1621,0
0.30958640575408936,1622,0
0.629289984703064,1623,0
0.3689858615398407,1624,0
0.2958807051181793,1625,0
0.3866155743598938,1626,0
0.8852165937423706,1627,0
0.48502275347709656,1628,0
0.27810510993003845,1629,0
0.4388497769832611,1630,0
0.3236318826675415,1631,0
0.3884614408016205,1632,0
0.3944091796875,1633,0
0.4905296266078949,1634,0
0.5238482356071472,1635,0
0.30942055583000183,1636,0
0.20069743692874908,1637,0
0.43087056279182434,1638,0
0.3909981846809387,1639,0
0.3924090266227722,1640,0
0.43851369619369507,1641,0
0.18229970335960388,1642,0
0.292731910943985,1643,0
0.6155269145965576,1644,0
0.6112616062164307,1645,0
0.6723741292953491,1646,0
0.48465317487716675,1647,0
0.30605947971343994,1648,0
0.43667182326316833,1649,0
0.7843834161758423,1650,0
0.6393752694129944,1651,0
0.6527091264724731,1652,0
0.45669013261795044,1653,0
0.5639783143997192,1654,0
0.4611086845397949,1655,0
0.5867636203765869,1656,0
0.6141389608383179,1657,0
0.24388372898101807,1658,0
0.48555344343185425,1659,0
0.18839888274669647,1660,0
0.36481690406799316,1661,0
0.6651005744934082,1662,0
0.2864108681678772,1663,0
0.3268048167228699,1664,0
0.14080969989299774,1665,0
0.2086973637342453,1666,0
0.40525585412979126,1667,0
0.36389124393463135,1668,0
0.3868888318538666,1669,0
0.28188610076904297,1670,0
0.48069095611572266,1671,0
0.7090693712234497,1672,0
0.2929789423942566,1673,0
0.5069077014923096,1674,0
0.325471967458725,1675,0
0.5740023851394653,1676,0
0.4612981677055359,1677,0
0.2326417863368988,1678,0
0.40621668100357056,1679,0
0.5074977278709412,1680,0
0.18765577673912048,1681,0
0.38670483231544495,1682,0
0.5262261033058167,1683,0
0.3548039197921753,1684,0
0.2465149462223053,1685,0
0.5186574459075928,1686,0
0.30145084857940674,1687,0
0.47094812989234924,1688,0
0.4099270701408386,1689,0
0.43015632033348083,1690,0
0.5595940351486206,1691,0
0.39539647102355957,1692,0
0.2691635489463806,1693,0
0.24895897507667542,1694,0
0.7630621194839478,1695,0
0.5552825927734375,1696,0
0.41451483964920044,1697,0
0.5356594324111938,1698,0
0.8961853384971619,1699,0
0.32289597392082214,1700,0
0.3083036243915558,1701,0
0.3338336944580078,1702,0
0.46477141976356506,1703,0
0.5109479427337646,1704,0
0.3509598970413208,1705,0
0.7586306929588318,1706,0
0.7490110397338867,1707,0
0.43032681941986084,1708,0
0.2612893581390381,1709,0
0.3379606008529663,1710,0
0.817456841468811,1711,0
0.4707980751991272,1712,0
0.16300517320632935,1713,0
0.321991503238678,1714,0
0.49621957540512085,1715,0
0.3478890061378479,1716,0
0.7237615585327148,1717,0
0.570588231086731,1718,0
0.383823037147522,1719,0
0.5733819603919983,1720,0
0.21007011830806732,1721,0
0.47216182947158813,1722,0
0.43121737241744995,1723,0
0.4110470414161682,1724,0
0.553516149520874,1725,0
0.5229886770248413,1726,0
0.2842978835105896,1727,0
0.21098016202449799,1728,0
0.4459157884120941,1729,0
0.7556253671646118,1730,0
0.4124247133731842,1731,0
0.5653074979782104,1732,0
0.5169811248779297,1733,0
0.4821995496749878,1734,0
0.46870866417884827,1735,0
0.3540295660495758,1736,0
0.2858054041862488,1737,0
0.6812169551849365,1738,0
0.5358355641365051,1739,0
0.4996284544467926,1740,0
0.2625916302204132,1741,0
0.39282387495040894,1742,0
0.2252095341682434,1743,0
0.6109265089035034,1744,0
0.19460265338420868,1745,0
0.34377413988113403,1746,0
0.26575565338134766,1747,0
0.7420437335968018,1748,0
0.5217044353485107,1749,0
0.4453579783439636,1750,0
0.5948060750961304,1751,0
0.6755987405776978,1752,0
0.3908018469810486,1753,0
0.6309932470321655,1754,0
0.2712874412536621,1755,0
0.38832661509513855,1756,0
0.2520921230316162,1757,0
0.47324034571647644,1758,0
0.5395869612693787,1759,0
0.47047656774520874,1760,0
0.5696447491645813,1761,0
0.30702120065689087,1762,0
0.19628500938415527,1763,0
0.4957236349582672,1764,0
0.4660550057888031,1765,0
0.2343789041042328,1766,0
0.33947479724884033,1767,0
0.44416600465774536,1768,0
0.3912416100502014,1769,0
0.18657249212265015,1770,0
0.3387356102466583,1771,0
0.8796483874320984,1772,0
0.522347092628479,1773,0
0.3844916820526123,1774,0
0.47753334045410156,1775,0
0.39684250950813293,1776,0
0.5002541542053223,1777,0
0.1759302020072937,1778,0
0.3263888955116272,1779,0
0.3102377653121948,1780,0
0.5011557340621948,1781,0
0.29871124029159546,1782,0
0.31061238050460815,1783,0
0.3376453220844269,1784,0
0.581173837184906,1785,0
0.2822965383529663,1786,0
0.4629473090171814,1787,0
0.18080765008926392,1788,0
0.4009069800376892,1789,0
0.546186625957489,1790,0
0.41248273849487305,1791,0
0.22067692875862122,1792,0
0.24310410022735596,1793,0
0.30811232328414917,1794,0
0.5982106924057007,1795,0
0.6539561748504639,1796,0
0.3325323164463043,1797,0
0.3716699481010437,1798,0
0.403123140335083,1799,0
0.3810338079929352,1800,0
0.31800001859664917,1801,0
0.29902106523513794,1802,0
0.8775945901870728,1803,0
0.3986437916755676,1804,0
0.47593265771865845,1805,0
0.3347904682159424,1806,0
0.26402348279953003,1807,0
0.13944664597511292,1808,0
0.5791463255882263,1809,0
0.5412139892578125,1810,0
0.16267497837543488,1811,0
0.6266978979110718,1812,0
1.0261147022247314,1813,0
0.38266903162002563,1814,0
0.244517982006073,1815,0
0.6329106092453003,1816,0
0.9148945212364197,1817,0
0.34380027651786804,1818,0
0.5141008496284485,1819,0
0.3834892213344574,1820,0
0.28614041209220886,1821,0
0.20489756762981415,1822,0
0.3332537114620209,1823,0
0.4775638282299042,1824,0
0.24977177381515503,1825,0
0.3566528856754303,1826,0
0.15642288327217102,1827,0
0.2984863221645355,1828,0
0.29803332686424255,1829,0
0.2820568084716797,1830,0
0.548534631729126,1831,0
0.44591057300567627,1832,0
0.5016878843307495,1833,0
0.4193287491798401,1834,0
0.24640609323978424,1835,0
0.3401605188846588,1836,0
0.40191662311553955,1837,0
0.5749295949935913,1838,0
0.7459701895713806,1839,0
0.2347903847694397,1840,0
0.483160138130188,1841,0
0.512877345085144,1842,0
0.630992591381073,1843,0
0.39309489727020264,1844,0
0.5186635255813599,1845,0
0.5691430568695068,1846,0
0.30236542224884033,1847,0
0.3084412217140198,1848,0
0.2577268183231354,1849,0
0.6052323579788208,1850,0
0.3338920474052429,1851,0
0.3277488052845001,1852,0
0.6136463284492493,1853,0
0.23669907450675964,1854,0
0.43759843707084656,1855,0
0.529971718788147,1856,0
0.4310515820980072,1857,0
0.18960291147232056,1858,0
0.5764687061309814,1859,0
0.3526386320590973,1860,0
0.22913727164268494,1861,0
0.42272770404815674,1862,0
0.18633562326431274,1863,0
0.42704349756240845,1864,0
0.16967666149139404,1865,0
0.5023925304412842,1866,0
0.5785744786262512,1867,0
0.26240962743759155,1868,0
0.2531573176383972,1869,0
0.47598955035209656,1870,0
0.1835956573486328,1871,0
0.6042165756225586,1872,0
0.3176438808441162,1873,0
0.17486122250556946,1874,0
0.49078240990638733,1875,0
0.6242930889129639,1876,0
0.5926651954650879,1877,0
0.6191033720970154,1878,0
0.19234605133533478,1879,0
0.36440902948379517,1880,0
0.7623796463012695,1881,0
0.3129473328590393,1882,0
0.4885505437850952,1883,0
0.5845323801040649,1884,0
0.1632184386253357,1885,0
0.31171008944511414,1886,0
0.4127963185310364,1887,0
0.3464597463607788,1888,0
0.3190491795539856,1889,0
0.5345685482025146,1890,0
0.19912786781787872,1891,0
0.28902092576026917,1892,0
0.5486875772476196,1893,0
0.33869650959968567,1894,0
0.5304876565933228,1895,0
0.3111182451248169,1896,0
0.2745247483253479,1897,0
0.191001296043396,1898,0
0.2484583556652069,1899,0
0.17083320021629333,1900,0
0.4895719885826111,1901,0
0.49555468559265137,1902,0
0.44180232286453247,1903,0
0.6784982085227966,1904,0
0.4803418517112732,1905,0
0.8287646770477295,1906,0
0.5356104373931885,1907,0
0.3001530170440674,1908,0
0.3041815161705017,1909,0
0.4159196615219116,1910,0
0.37593451142311096,1911,0
0.4238443076610565,1912,0
0.1743629276752472,1913,0
0.17259307205677032,1914,0
0.37555116415023804,1915,0
0.4455180764198303,1916,0
0.5697758197784424,1917,0
0.373456746339798,1918,0
0.2370678186416626,1919,0
0.16843479871749878,1920,0
0.41793036460876465,1921,0
0.5145357251167297,1922,0
0.1399456411600113,1923,0
0.38314080238342285,1924,0
0.24913382530212402,1925,0
0.24361184239387512,1926,0
0.38541966676712036,1927,0
0.40777692198753357,1928,0
0.3455764055252075,1929,0
0.2995603680610657,1930,0
0.3549706041812897,1931,0
0.39554306864738464,1932,0
0.5083019137382507,1933,0
0.38225966691970825,1934,0
0.309510737657547,1935,0
0.6246311664581299,1936,0
0.3377872109413147,1937,0
0.17446929216384888,1938,0
0.21314984560012817,1939,0
0.5527610182762146,1940,0
0.3528590202331543,1941,0
0.6127669811248779,1942,0
0.48101353645324707,1943,0
0.2975066304206848,1944,0
0.4555974006652832,1945,0
0.6809220314025879,1946,0
0.2955709397792816,1947,0
0.456356942653656,1948,0
0.5449997186660767,1949,0
0.2860385477542877,1950,0
0.18519441783428192,1951,0
0.5055949091911316,1952,0
0.4550698399543762,1953,0
0.36616745591163635,1954,0
0.20801369845867157,1955,0
0.4950905740261078,1956,0
0.30156394839286804,1957,0
0.4537060260772705,1958,0
0.4249308407306671,1959,0
0.43522006273269653,1960,0
0.34233376383781433,1961,0
0.39532482624053955,1962,0
0.24110937118530273,1963,0
0.33725398778915405,1964,0
0.1529180109500885,1965,0
0.38452112674713135,1966,0
0.5497524738311768,1967,0
0.11107271164655685,1968,0
0.18662162125110626,1969,0
0.3110451102256775,1970,0
0.4492358863353729,1971,0
0.4467662274837494,1972,0
0.7190316319465637,1973,0
0.2017502784729004,1974,0
0.6231772303581238,1975,0
0.41966480016708374,1976,0
0.6635550260543823,1977,0
0.19312316179275513,1978,0
0.20275938510894775,1979,0
0.5476678609848022,1980,0
0.47930699586868286,1981,0
0.4687999486923218,1982,0
0.20697343349456787,1983,0
0.4895451068878174,1984,0
0.21971049904823303,1985,0
0.28651124238967896,1986,0
0.3307608962059021,1987,0
0.701427698135376,1988,0
0.42014744877815247,1989,0
0.6243582367897034,1990,0
0.5120311975479126,1991,0
0.39280009269714355,1992,0
0.44705742597579956,1993,0
0.170579731464386,1994,0
0.796620786190033,1995,0
0.2902209460735321,1996,0
0.42076799273490906,1997,0
0.3480796813964844,1998,0
0.2557712197303772,1999,0
0.46815070509910583,2000,0
0.3201846778392792,2001,0
0.569481372833252,2002,0
0.4756022095680237,2003,0
0.18590790033340454,2004,0
0.43006637692451477,2005,0
0.22388306260108948,2006,0
0.4498802423477173,2007,0
0.3229633867740631,2008,0
0.7197979688644409,2009,0
0.1495533287525177,2010,0
0.3938293755054474,2011,0
0.24181944131851196,2012,0
0.5763423442840576,2013,0
0.37773191928863525,2014,0
0.5784149169921875,2015,0
0.788004457950592,2016,0
0.3238106966018677,2017,0
0.13884106278419495,2018,0
0.18340718746185303,2019,0
0.42272698879241943,2020,0
0.22691403329372406,2021,0
0.588556706905365,2022,0
0.2780393958091736,2023,0
0.5396924018859863,2024,0
0.39232057332992554,2025,0
0.5410231351852417,2026,0
0.1623016595840454,2027,0
0.2064955234527588,2028,0
0.2239697426557541,2029,0
0.16292180120944977,2030,0
0.1878024786710739,2031,0
0.5126916766166687,2032,0
0.3402065336704254,2033,0
0.16675439476966858,2034,0
0.3400641083717346,2035,0
0.4334946572780609,2036,0
0.37607407569885254,2037,0
0.22762753069400787,2038,0
0.46902233362197876,2039,0
0.1617249846458435,2040,0
0.26753169298171997,2041,0
0.3423188626766205,2042,0
0.307513952255249,2043,0
0.26493412256240845,2044,0
0.32604458928108215,2045,0
0.38434284925460815,2046,0
0.49086591601371765,2047,0
0.43647900223731995,2048,0
0.3199155926704407,2049,0
0.2585490345954895,2050,0
0.3965449035167694,2051,0
0.11605144292116165,2052,0
0.25842610001564026,2053,0
0.7093812227249146,2054,0
0.1823505461215973,2055,0
0.21067610383033752,2056,0
0.2800174653530121,2057,0
0.44017598032951355,2058,0
0.320458322763443,2059,0
0.31646156311035156,2060,0
0.22012561559677124,2061,0
0.2553882598876953,2062,0
0.301811546087265,2063,0
0.35068023204803467,2064,0
0.37069979310035706,2065,0
0.21914052963256836,2066,0
0.47413480281829834,2067,0
0.1673823744058609,2068,0
0.5466116666793823,2069,0
0.24401754140853882,2070,0
0.4966766834259033,2071,0
0.15741735696792603,2072,0
0.435241162776947,2073,0
0.16278187930583954,2074,0
0.15831932425498962,2075,0
0.561771810054779,2076,0
0.3110836446285248,2077,0
0.30463898181915283,2078,0
0.390862375497818,2079,0
0.27706044912338257,2080,0
0.7569669485092163,2081,0
0.15946140885353088,2082,0
0.2366330325603485,2083,0
0.24630701541900635,2084,0
0.4556765556335449,2085,0
0.21834273636341095,2086,0
0.27078986167907715,2087,0
0.5070929527282715,2088,0
0.49698349833488464,2089,0
0.2612537741661072,2090,0
0.5102875232696533,2091,0
0.23753172159194946,2092,0
0.12735722959041595,2093,0
0.2384895384311676,2094,0
0.24796231091022491,2095,0
0.6941932439804077,2096,0
0.37833303213119507,2097,0
0.19318142533302307,2098,0
0.19411441683769226,2099,0
0.12410608679056168,2100,0
0.5603604316711426,2101,0
0.175359308719635,2102,0
0.3172420859336853,2103,0
0.2422238290309906,2104,0
0.4036116600036621,2105,0
0.51152503490448,2106,0
0.3679763078689575,2107,0
0.4090440571308136,2108,0
0.38801586627960205,2109,0
0.2546836733818054,2110,0
0.25029247999191284,2111,0
0.3385211229324341,2112,0
0.3221091628074646,2113,0
0.44144952297210693,2114,0
0.3220626413822174,2115,0
0.4962734580039978,2116,0
0.3064430356025696,2117,0
0.5682461857795715,2118,0
0.1983775645494461,2119,0
0.28089630603790283,2120,0
0.4888327121734619,2121,0
0.12668949365615845,2122,0
0.21701067686080933,2123,0
0.08112745732069016,2124,0
0.28237754106521606,2125,0
0.2502880394458771,2126,0
0.28275012969970703,2127,0
0.1588544249534607,2128,0
0.5775795578956604,2129,0
0.33688339591026306,2130,0
0.3633679151535034,2131,0
0.13521438837051392,2132,0
0.19661979377269745,2133,0
0.3454572260379791,2134,0
0.2199079990386963,2135,0
0.42152827978134155,2136,0
0.35979053378105164,2137,0
0.14317567646503448,2138,0
0.369335412979126,2139,0
0.4458306133747101,2140,0
0.2157583385705948,2141,0
0.9181827306747437,2142,0
0.32947781682014465,2143,0
0.33764559030532837,2144,0
0.11842209100723267,2145,0
0.2480413019657135,2146,0
0.11805827915668488,2147,0
0.3438122272491455,2148,0
0.17826810479164124,2149,0
0.45887672901153564,2150,0
0.27512386441230774,2151,0
0.7930542230606079,2152,0
0.2621716260910034,2153,0
0.23789003491401672,2154,0
0.49438148736953735,2155,0
0.487775981426239,2156,0
0.3526192307472229,2157,0
0.41027235984802246,2158,0
0.1757204532623291,2159,0
0.6332659721374512,2160,0
0.18455111980438232,2161,0
0.4967072010040283,2162,0
0.27785682678222656,2163,0
0.4976220428943634,2164,0
0.5025835633277893,2165,0
0.320212185382843,2166,0
0.23165813088417053,2167,0
0.47047290205955505,2168,0
0.4857627749443054,2169,0
0.3159116506576538,2170,0
0.35223153233528137,2171,0
0.2986990213394165,2172,0
0.894293487071991,2173,0
0.4542602598667145,2174,0
0.21216073632240295,2175,0
0.3126649856567383,2176,0
0.6307437419891357,2177,0
0.27401649951934814,2178,0
1.1214169263839722,2179,0
0.5567229986190796,2180,0
0.27321943640708923,2181,0
0.2904217541217804,2182,0
0.28870445489883423,2183,0
0.2553164064884186,2184,0
0.44003352522850037,2185,0
0.5564281940460205,2186,0
0.4875066578388214,2187,0
0.24992208182811737,2188,0
0.29056021571159363,2189,0
0.24975907802581787,2190,0
0.30621337890625,2191,0
0.3069726824760437,2192,0
0.39310580492019653,2193,0
0.2729519009590149,2194,0
0.4999970495700836,2195,0
0.5472063422203064,2196,0
0.48294466733932495,2197,0
0.16270223259925842,2198,0
0.07391977310180664,2199,0
0.08879955857992172,2200,0
0.5068204998970032,2201,0
0.40182459354400635,2202,0
0.3059999346733093,2203,0
0.3558215796947479,2204,0
0.18663176894187927,2205,0
0.18377678096294403,2206,0
0.16765500605106354,2207,0
0.19669295847415924,2208,0
0.7256028652191162,2209,0
0.2211855798959732,2210,0
0.4759712815284729,2211,0
0.2936234474182129,2212,0
0.17358969151973724,2213,0
0.2733033299446106,2214,0
0.16538089513778687,2215,0
0.15215489268302917,2216,0
0.22456616163253784,2217,0
0.45688366889953613,2218,0
0.26365792751312256,2219,0
0.13294482231140137,2220,0
0.49767762422561646,2221,0
0.49659091234207153,2222,0
0.3330235481262207,2223,0
0.08666640520095825,2224,0
0.199564129114151,2225,0
0.1527002453804016,2226,0
0.2783378064632416,2227,0
0.2524798810482025,2228,0
0.39119595289230347,2229,0
0.17141248285770416,2230,0
0.5877252817153931,2231,0
0.627051055431366,2232,0
0.33427608013153076,2233,0
0.4231557548046112,2234,0
0.7433910965919495,2235,0
0.4154066741466522,2236,0
0.38779425621032715,2237,0
0.3416826128959656,2238,0
0.40790536999702454,2239,0
0.2070956528186798,2240,0
0.4124140739440918,2241,0
0.31135034561157227,2242,0
0.3252618610858917,2243,0
0.14671097695827484,2244,0
0.15858173370361328,2245,0
0.5219424366950989,2246,0
0.12382568418979645,2247,0
0.4188196659088135,2248,0
0.24701961874961853,2249,0
0.297398179769516,2250,0
0.2585430145263672,2251,0
0.5298628211021423,2252,0
0.22134661674499512,2253,0
0.19581514596939087,2254,0
0.25514477491378784,2255,0
0.31413471698760986,2256,0
0.42116671800613403,2257,0
0.19843252003192902,2258,0
0.5830549597740173,2259,0
0.5398131608963013,2260,0
0.20645321905612946,2261,0
0.41267016530036926,2262,0
0.328334242105484,2263,0
0.3566069006919861,2264,0
0.5095664262771606,2265,0
0.8542050123214722,2266,0
0.21079383790493011,2267,0
0.3795734941959381,2268,0
0.2537645697593689,2269,0
0.07033790647983551,2270,0
0.4026902914047241,2271,0
0.2589190602302551,2272,0
0.28352102637290955,2273,0
0.34068912267684937,2274,0
0.4692377746105194,2275,0
0.5940507650375366,2276,0
0.2440088391304016,2277,0
0.2271808385848999,2278,0
0.23487354815006256,2279,0
0.3001194894313812,2280,0
0.168325275182724,2281,0
0.3802550435066223,2282,0
0.20752501487731934,2283,0
0.5935252904891968,2284,0
0.08170033991336823,2285,0
0.2614423632621765,2286,0
0.5463001132011414,2287,0
0.3507383167743683,2288,0
0.11813181638717651,2289,0
0.1482844054698944,2290,0
0.3023192882537842,2291,0
0.18567220866680145,2292,0
0.20135869085788727,2293,0
0.13287167251110077,2294,0
0.1778559386730194,2295,0
0.4035927653312683,2296,0
0.32260191440582275,2297,0
0.49035587906837463,2298,0
0.26271283626556396,2299,0
0.11760561168193817,2300,0
0.258805513381958,2301,0
0.13651199638843536,2302,0
0.2146141678094864,2303,0
0.14276236295700073,2304,0
0.12884005904197693,2305,0
0.19971953332424164,2306,0
0.17307525873184204,2307,0
0.10006839036941528,2308,0
0.15000838041305542,2309,0
0.23573604226112366,2310,0
0.2379615604877472,2311,0
0.36181050539016724,2312,0
0.3954097032546997,2313,0
0.09987805783748627,2314,0
0.3988268971443176,2315,0
0.3345694839954376,2316,0
0.4697086811065674,2317,0
0.1352262645959854,2318,0
0.40182024240493774,2319,0
0.5781538486480713,2320,0
0.24344821274280548,2321,0
0.3670373558998108,2322,0
0.12091419100761414,2323,0
0.23609530925750732,2324,0
0.08539239317178726,2325,0
0.20380936563014984,2326,0
0.3197139501571655,2327,0
0.17847472429275513,2328,0
0.20563513040542603,2329,0
0.1964143067598343,2330,0
0.13493803143501282,2331,0
0.28586873412132263,2332,0
0.5015877485275269,2333,0
0.17619004845619202,2334,0
0.4163933992385864,2335,0
0.28118401765823364,2336,0
0.37725967168807983,2337,0
0.3522433638572693,2338,0
0.4414072632789612,2339,0
0.8907389640808105,2340,0
0.19255468249320984,2341,0
0.6994739174842834,2342,0
0.5173958539962769,2343,0
0.21339531242847443,2344,0
0.25659558176994324,2345,0
0.3735249638557434,2346,0
0.481151282787323,2347,0
0.5937603712081909,2348,0
0.48847171664237976,2349,0
0.4596444368362427,2350,0
0.38869816064834595,2351,0
0.10764986276626587,2352,0
0.5028393864631653,2353,0
0.43402761220932007,2354,0
0.1900119185447693,2355,0
0.36511170864105225,2356,0
0.3592701256275177,2357,0
0.5086988210678101,2358,0
0.5507806539535522,2359,0
0.6425572633743286,2360,0
0.4812200367450714,2361,0
0.27951300144195557,2362,0
0.18545295298099518,2363,0
0.42711561918258667,2364,0
0.48837587237358093,2365,0
0.17263001203536987,2366,0
0.07382389903068542,2367,0
0.205694317817688,2368,0
0.15552067756652832,2369,0
0.3858765959739685,2370,0
0.12582845985889435,2371,0
0.33796241879463196,2372,0
0.3112623989582062,2373,0
0.28804928064346313,2374,0
0.3620551526546478,2375,0
0.15865114331245422,2376,0
0.247247576713562,2377,0
0.5078870058059692,2378,0
0.461913138628006,2379,0
0.3535069227218628,2380,0
0.3309653103351593,2381,0
0.08100743591785431,2382,0
0.3760411739349365,2383,0
0.4301869869232178,2384,0
0.27135103940963745,2385,0
0.31621813774108887,2386,0
0.32275158166885376,2387,0
0.29749345779418945,2388,0
0.3411993384361267,2389,0
0.23433806002140045,2390,0
0.28870275616645813,2391,0
0.28321972489356995,2392,0
0.213800311088562,2393,0
0.3365652859210968,2394,0
0.1485067456960678,2395,0
0.29090961813926697,2396,0
0.40050047636032104,2397,0
0.3238798975944519,2398,0
0.4705597162246704,2399,0
0.3989589810371399,2400,0
0.5568073987960815,2401,0
0.3026229739189148,2402,0
0.3939574360847473,2403,0
0.2072255164384842,2404,0
0.1581304669380188,2405,0
0.30936485528945923,2406,0
0.21554219722747803,2407,0
0.31933698058128357,2408,0
0.30422243475914,2409,0
0.16703900694847107,2410,0
0.0813247561454773,2411,0
0.10917124897241592,2412,0
0.27518898248672485,2413,0
0.24480438232421875,2414,0
0.5630807280540466,2415,0
0.24925383925437927,2416,0
0.434452086687088,2417,0
0.4308910369873047,2418,0
0.5282551646232605,2419,0
0.09348775446414948,2420,0
0.37643322348594666,2421,0
0.3662474751472473,2422,0
0.2557271122932434,2423,0
0.11576728522777557,2424,0
0.1089051365852356,2425,0
0.38171300292015076,2426,0
0.127297043800354,2427,0
0.35565996170043945,2428,0
0.5744603872299194,2429,0
0.4467926621437073,2430,0
0.4564257860183716,2431,0
0.24412694573402405,2432,0
0.21247150003910065,2433,0
0.13499072194099426,2434,0
0.14762546122074127,2435,0
0.21019499003887177,2436,0
0.6837582588195801,2437,0
0.2927919030189514,2438,0
0.1817784309387207,2439,0
0.15762299299240112,2440,0
0.2753550410270691,2441,0
0.29771262407302856,2442,0
0.22016304731369019,2443,0
0.22837024927139282,2444,0
0.17965207993984222,2445,0
0.45413997769355774,2446,0
0.2928663194179535,2447,0
0.6681743860244751,2448,0
0.44169992208480835,2449,0
0.8066799640655518,2450,0
0.28367894887924194,2451,0
0.1276552975177765,2452,0
0.2597658038139343,2453,0
0.3289344310760498,2454,0
0.34541162848472595,2455,0
0.5470729470252991,2456,0
0.31738242506980896,2457,0
0.30008119344711304,2458,0
0.11848239600658417,2459,0
0.11349144577980042,2460,0
0.3009285032749176,2461,0
0.16306084394454956,2462,0
0.20534008741378784,2463,0
0.37917566299438477,2464,0
0.227540984749794,2465,0
0.4201430380344391,2466,0
0.13949355483055115,2467,0
0.5204726457595825,2468,0
0.20256701111793518,2469,0
0.47833794355392456,2470,0
0.41381585597991943,2471,0
0.4556428790092468,2472,0
0.5276137590408325,2473,0
0.5248584151268005,2474,0
0.12182629853487015,2475,0
0.11739107966423035,2476,0
0.6730446815490723,2477,0
0.11232257634401321,2478,0
0.19524136185646057,2479,0
0.19810360670089722,2480,0
0.32846635580062866,2481,0
0.4315061569213867,2482,0
0.07609084248542786,2483,0
0.15272225439548492,2484,0
0.23931464552879333,2485,0
0.25100117921829224,2486,0
0.1596144437789917,2487,0
0.33717936277389526,2488,0
0.12066112458705902,2489,0
0.32212913036346436,2490,0
0.11704219877719879,2491,0
0.21825921535491943,2492,0
0.5584688186645508,2493,0
0.27310052514076233,2494,0
0.1757754236459732,2495,0
0.3890693485736847,2496,0
0.37340664863586426,2497,0
0.09368763864040375,2498,0
0.4576948583126068,2499,0
0.4034629464149475,2500,0
0.3494446575641632,2501,0
0.13160990178585052,2502,0
0.49939385056495667,2503,0
0.24597764015197754,2504,0
0.24552613496780396,2505,0
0.5506985187530518,2506,0
0.1361839324235916,2507,0
0.43597933650016785,2508,0
0.1791355013847351,2509,0
0.13996633887290955,2510,0
0.43026554584503174,2511,0
0.31034889817237854,2512,0
0.09908537566661835,2513,0
0.15766523778438568,2514,0
0.12314179539680481,2515,0
0.08940812200307846,2516,0
0.1941245198249817,2517,0
0.08576953411102295,2518,0
0.09423644095659256,2519,0
0.8747155666351318,2520,0
0.28934288024902344,2521,0
0.2362130880355835,2522,0
0.19620485603809357,2523,0
0.4067454934120178,2524,0
0.15735095739364624,2525,0
0.27292174100875854,2526,0
0.523875892162323,2527,0
0.3409298360347748,2528,0
0.07632526755332947,2529,0
0.3791138529777527,2530,0
0.3101094365119934,2531,0
0.20195382833480835,2532,0
0.4559873938560486,2533,0
0.7032368779182434,2534,0
1.0262120962142944,2535,0
0.7361462116241455,2536,0
0.21262261271476746,2537,0
0.06987227499485016,2538,0
0.45453134179115295,2539,0
0.5767160654067993,2540,0
0.29932814836502075,2541,0
0.1560392677783966,2542,0
0.3989781141281128,2543,0
0.09724187850952148,2544,0
0.26349058747291565,2545,0
0.5296027064323425,2546,0
0.13926276564598083,2547,0
0.4633060693740845,2548,0
0.5200214385986328,2549,0
0.78816819190979,2550,0
0.10876945406198502,2551,0
0.06618817150592804,2552,0
0.3441767692565918,2553,0
0.4377506375312805,2554,0
0.29381000995635986,2555,0
0.2450210303068161,2556,0
0.11033234000205994,2557,0
0.0904318243265152,2558,0
0.2479822337627411,2559,0
0.2741110026836395,2560,0
0.22890245914459229,2561,0
0.22849637269973755,2562,0
0.5811806917190552,2563,0
0.26955342292785645,2564,0
0.3195981979370117,2565,0
0.37619253993034363,2566,0
0.6384944915771484,2567,0
0.6281386017799377,2568,0
0.38359057903289795,2569,0
0.32277077436447144,2570,0
0.5262731313705444,2571,0
0.22855369746685028,2572,0
0.08972784876823425,2573,0
0.08058671653270721,2574,0
0.3807763457298279,2575,0
0.7081302404403687,2576,0
0.43095874786376953,2577,0
0.697585940361023,2578,0
0.2795797884464264,2579,0
0.27076593041419983,2580,0
0.15240478515625,2581,0
0.5927325487136841,2582,0
0.33642351627349854,2583,0
0.5771604776382446,2584,0
0.1431744396686554,2585,0
0.3253357410430908,2586,0
0.17046591639518738,2587,0
0.6018267869949341,2588,0
0.4822365343570709,2589,0
0.1285506933927536,2590,0
0.2562454044818878,2591,0
0.4317187964916229,2592,0
0.14310084283351898,2593,0
0.24945296347141266,2594,0
0.19714197516441345,2595,0
0.5063432455062866,2596,0
0.23651070892810822,2597,0
0.19787241518497467,2598,0
0.14246484637260437,2599,0
0.6304788589477539,2600,0
0.48697370290756226,2601,0
0.1260923147201538,2602,0
0.25759828090667725,2603,0
0.3503250181674957,2604,0
0.1423487663269043,2605,0
0.239690899848938,2606,0
0.21079881489276886,2607,0
0.1578378528356552,2608,0
0.17719700932502747,2609,0
0.13200947642326355,2610,0
0.1463807225227356,2611,0
0.07685951888561249,2612,0
0.09942877292633057,2613,0
0.21240800619125366,2614,0
0.12762239575386047,2615,0
0.6032403111457825,2616,0
0.5435651540756226,2617,0
0.156071275472641,2618,0
0.4856985807418823,2619,0
0.18747413158416748,2620,0
0.21776074171066284,2621,0
0.3736119866371155,2622,0
0.23058122396469116,2623,0
0.30275797843933105,2624,0
0.660302996635437,2625,0
0.39457637071609497,2626,0
0.4130306839942932,2627,0
0.4807150363922119,2628,0
0.13107559084892273,2629,0
0.16558724641799927,2630,0
0.2634223401546478,2631,0
0.5018934607505798,2632,0
0.1019444540143013,2633,0
0.1619051992893219,2634,0
0.6886723041534424,2635,0
0.2799854278564453,2636,0
0.20663593709468842,2637,0
0.49650079011917114,2638,0
0.0969378650188446,2639,0
0.413636714220047,2640,0
0.33416447043418884,2641,0
0.1038823276758194,2642,0
0.14465340971946716,2643,0
0.560971736907959,2644,0
0.21926794946193695,2645,0
0.11150681227445602,2646,0
0.4243341088294983,2647,0
0.2110919952392578,2648,0
0.1124834418296814,2649,0
0.10833320021629333,2650,0
0.09887479990720749,2651,0
0.18757858872413635,2652,0
0.14960426092147827,2653,0
0.35810112953186035,2654,0
0.28634852170944214,2655,0
0.26733526587486267,2656,0
0.4945889115333557,2657,0
0.2231970876455307,2658,0
0.31926512718200684,2659,0
0.14910267293453217,2660,0
0.38091951608657837,2661,0
0.1390787661075592,2662,0
0.10398992896080017,2663,0
0.2792235314846039,2664,0
0.36396580934524536,2665,0
0.38809651136398315,2666,0
0.5998940467834473,2667,0
0.3467732071876526,2668,0
0.3228740394115448,2669,0
0.16467878222465515,2670,0
0.07831811904907227,2671,0
0.11067960411310196,2672,0
0.27223074436187744,2673,0
0.09800092875957489,2674,0
0.116623155772686,2675,0
0.13448721170425415,2676,0
0.32846739888191223,2677,0
0.5132114291191101,2678,0
0.44044801592826843,2679,0
0.24119797348976135,2680,0
0.2998458445072174,2681,0
0.19912225008010864,2682,0
0.11604516953229904,2683,0
0.1114683523774147,2684,0
0.31413280963897705,2685,0
0.1194581538438797,2686,0
0.29767876863479614,2687,0
0.3685905933380127,2688,0
0.19119292497634888,2689,0
0.09391440451145172,2690,0
0.5850250720977783,2691,0
0.4604509472846985,2692,0
0.07398059964179993,2693,0
0.446332722902298,2694,0
0.2230750173330307,2695,0
0.14384350180625916,2696,0
0.11911477148532867,2697,0
0.33624061942100525,2698,0
0.22858472168445587,2699,0
0.3495928645133972,2700,0
0.3554355800151825,2701,0
0.3832018971443176,2702,0
0.26675862073898315,2703,0
0.293160617351532,2704,0
0.08971425145864487,2705,0
0.2744542956352234,2706,0
0.31180697679519653,2707,0
0.3402797281742096,2708,0
0.11761659383773804,2709,0
0.07573892176151276,2710,0
0.2018827497959137,2711,0
0.25955629348754883,2712,0
0.15394333004951477,2713,0
0.29152911901474,2714,0
0.4337073564529419,2715,0
0.2427106499671936,2716,0
0.5547618865966797,2717,0
0.14972016215324402,2718,0
0.19223222136497498,2719,0
0.1884615123271942,2720,0
0.30302658677101135,2721,0
0.24307990074157715,2722,0
0.11286132782697678,2723,0
0.1558373123407364,2724,0
0.2089850902557373,2725,0
0.20111528038978577,2726,0
0.17252619564533234,2727,0
0.487388551235199,2728,0
0.26717981696128845,2729,0
0.0858338326215744,2730,0
0.18770162761211395,2731,0
0.5699718594551086,2732,0
0.3231770694255829,2733,0
0.1864512413740158,2734,0
0.40310806035995483,2735,0
0.04141184315085411,2736,0
0.36461007595062256,2737,0
0.5602827072143555,2738,0
0.22475028038024902,2739,0
0.370760977268219,2740,0
0.5560228228569031,2741,0
0.22542732954025269,2742,0
0.12087927758693695,2743,0
0.22937938570976257,2744,0
0.09995108842849731,2745,0
0.41264429688453674,2746,0
0.6469581127166748,2747,0
0.11907333880662918,2748,0
0.4326624870300293,2749,0
0.17083726823329926,2750,0
0.2903626263141632,2751,0
0.48401182889938354,2752,0
0.1781342476606369,2753,0
0.21072721481323242,2754,0
0.06437955796718597,2755,0
0.22617113590240479,2756,0
0.13186994194984436,2757,0
0.4386839270591736,2758,0
0.06265263259410858,2759,0
0.12950101494789124,2760,0
0.39165908098220825,2761,0
0.1483864188194275,2762,0
0.37241047620773315,2763,0
0.3176514208316803,2764,0
0.40644192695617676,2765,0
0.1578628420829773,2766,0
0.09083318710327148,2767,0
0.3207852840423584,2768,0
0.12835592031478882,2769,0
0.26203322410583496,2770,0
0.32941481471061707,2771,0
0.27295273542404175,2772,0
0.5143723487854004,2773,0
0.14701887965202332,2774,0
0.36540085077285767,2775,0
0.2229512631893158,2776,0
0.24257314205169678,2777,0
0.1462104320526123,2778,0
0.08812391757965088,2779,0
0.3578510582447052,2780,0
0.40413594245910645,2781,0
0.1204042136669159,2782,0
0.09409235417842865,2783,0
0.3196074366569519,2784,0
0.16893607378005981,2785,0
0.45985373854637146,2786,0
0.1701730340719223,2787,0
0.4621538519859314,2788,0
0.8888570070266724,2789,1
0.20917682349681854,2790,1
0.10461673140525818,2791,1
0.18683233857154846,2792,1
0.36217576265335083,2793,1
0.6889462471008301,2794,1
0.14734692871570587,2795,1
0.07314424216747284,2796,1
0.09105221927165985,2797,1
0.32866206765174866,2798,1
0.49125102162361145,2799,1
0.7200175523757935,2800,1
0.14642134308815002,2801,1
0.23506060242652893,2802,1
0.39189210534095764,2803,1
0.11517530679702759,2804,1
0.4872306287288666,2805,1
0.4963213801383972,2806,1
0.08191860467195511,2807,1
0.18767724931240082,2808,1
0.35992687940597534,2809,1
0.3248395025730133,2810,1
0.177215576171875,2811,1
0.21983268857002258,2812,1
0.22653883695602417,2813,1
0.12117651104927063,2814,1
0.21447962522506714,2815,1
0.06337172538042068,2816,1
0.24051523208618164,2817,1
0.2785094678401947,2818,1
0.3446617126464844,2819,1
0.5734371542930603,2820,1
0.06075916811823845,2821,1
0.2005225419998169,2822,1
0.1707266867160797,2823,1
0.33935409784317017,2824,1
0.09575454890727997,2825,1
0.10037609189748764,2826,1
0.12156087905168533,2827,1
0.5910449624061584,2828,1
0.21526959538459778,2829,1
0.09876124560832977,2830,1
0.1237802803516388,2831,1
0.11802569776773453,2832,1
0.08755766600370407,2833,1
0.09869714081287384,2834,1
0.08535058796405792,2835,1
0.4799779951572418,2836,1
0.21469832956790924,2837,1
0.2443767488002777,2838,1
0.6085286736488342,2839,1
0.49015873670578003,2840,1
0.4389159083366394,2841,1
0.10606012493371964,2842,1
0.314922571182251,2843,1
0.06871279329061508,2844,1
0.18109990656375885,2845,1
0.17622840404510498,2846,1
0.18806147575378418,2847,1
0.13043075799942017,2848,1
0.2128954976797104,2849,1
0.26535817980766296,2850,1
0.3842238783836365,2851,1
0.16367876529693604,2852,1
0.0913834497332573,2853,1
0.21943752467632294,2854,1
0.1883537322282791,2855,1
0.20385946333408356,2856,1
0.21881376206874847,2857,1
0.1821490377187729,2858,1
0.5606429576873779,2859,1
0.4163242280483246,2860,1
0.32122886180877686,2861,1
0.08789119869470596,2862,1
0.4995357394218445,2863,1
0.774823784828186,2864,1
0.16476282477378845,2865,1
0.2591923475265503,2866,1
0.11782076209783554,2867,1
0.23284763097763062,2868,1
0.06911084055900574,2869,1
0.29062700271606445,2870,1
0.2219889909029007,2871,1
0.7871356010437012,2872,1
0.28293377161026,2873,1
0.37009957432746887,2874,1
0.12719717621803284,2875,1
0.6083043813705444,2876,1
0.1875763237476349,2877,1
0.21977312862873077,2878,1
0.08122945576906204,2879,1
0.0815134197473526,2880,1
0.10987882316112518,2881,1
0.36186325550079346,2882,1
0.261189341545105,2883,1
0.48200806975364685,2884,1
0.3846423625946045,2885,1
0.09078460931777954,2886,1
0.08038195967674255,2887,1
0.20053650438785553,2888,1
0.1914597898721695,2889,1
0.21652963757514954,2890,1
0.38796544075012207,2891,1
0.45476415753364563,2892,1
0.3512393832206726,2893,1
0.28809797763824463,2894,1
0.32087162137031555,2895,1
0.0984559953212738,2896,1
0.3068251609802246,2897,1
0.3959815800189972,2898,1
0.25871533155441284,2899,1
0.31278476119041443,2900,1
0.21253100037574768,2901,1
0.1512630581855774,2902,1
0.23027804493904114,2903,1
0.327852725982666,2904,1
0.08678160607814789,2905,1
0.4134143888950348,2906,1
0.17114046216011047,2907,1
0.18307851254940033,2908,1
0.38585031032562256,2909,1
0.1009586900472641,2910,1
0.2728794813156128,2911,1
0.14838874340057373,2912,1
0.22261035442352295,2913,1
0.15005525946617126,2914,1
0.33797383308410645,2915,1
0.6113685369491577,2916,1
0.204507976770401,2917,1
0.3985941410064697,2918,1
0.2614252269268036,2919,1
0.1492542326450348,2920,1
0.3652312755584717,2921,1
0.12317295372486115,2922,1
0.15817515552043915,2923,1
0.406444251537323,2924,1
0.10742612183094025,2925,1
0.10117392987012863,2926,1
0.1964782029390335,2927,1
0.30063119530677795,2928,1
0.2778972089290619,2929,1
0.383867472410202,2930,1
0.13292928040027618,2931,1
0.2757629454135895,2932,1
0.40886983275413513,2933,1
0.05954756587743759,2934,1
0.22855475544929504,2935,1
0.5236652493476868,2936,1
0.0685095489025116,2937,1
0.0720352977514267,2938,1
0.3081817924976349,2939,1
0.15524087846279144,2940,1
0.06782977283000946,2941,1
0.5257736444473267,2942,1
0.16302794218063354,2943,1
0.20310340821743011,2944,1
0.4549548029899597,2945,1
0.141136035323143,2946,1
0.29926061630249023,2947,1
0.37192416191101074,2948,1
0.3777376413345337,2949,1
0.4399556517601013,2950,1
0.17791953682899475,2951,1
0.08992892503738403,2952,1
0.17312413454055786,2953,1
0.12896186113357544,2954,1
0.2819698750972748,2955,1
0.07082092016935349,2956,1
0.3122943043708801,2957,1
0.1395336091518402,2958,1
0.4753892421722412,2959,1
0.3071348965167999,2960,1
0.40133750438690186,2961,1
0.5457074046134949,2962,1
0.4332844018936157,2963,1
0.24310211837291718,2964,1
0.3222755491733551,2965,1
0.338454008102417,2966,1
0.28866758942604065,2967,1
0.1820521056652069,2968,1
0.41364166140556335,2969,1
0.108685702085495,2970,1
0.34799352288246155,2971,1
0.1433781087398529,2972,1
0.11647435277700424,2973,1
0.13462921977043152,2974,1
0.33515897393226624,2975,1
0.09941444545984268,2976,1
0.22206690907478333,2977,1
0.16962437331676483,2978,1
0.5900245308876038,2979,1
0.21311308443546295,2980,1
0.1295117735862732,2981,1
0.05263855308294296,2982,1
0.1906408816576004,2983,1
0.08950570225715637,2984,1
0.39916759729385376,2985,1
0.40697064995765686,2986,1
0.12975744903087616,2987,1
0.06534765660762787,2988,1
0.2780492305755615,2989,1
0.24137651920318604,2990,1
0.5491483807563782,2991,1
0.43364912271499634,2992,1
0.4604566693305969,2993,1
0.13993337750434875,2994,1
0.36855241656303406,2995,1
0.07796907424926758,2996,1
0.2697930335998535,2997,1
0.8512197732925415,2998,1
0.229866623878479,2999,1
0.27197638154029846,3000,1
0.44983553886413574,3001,1
0.3921530246734619,3002,1
0.16516759991645813,3003,1
0.1928224116563797,3004,1
0.07770969718694687,3005,1
0.15159927308559418,3006,1
0.11807335913181305,3007,1
0.4565959572792053,3008,1
0.08075325191020966,3009,1
0.265038400888443,3010,1
0.0843086987733841,3011,1
0.3481332063674927,3012,1
0.12181906402111053,3013,1
0.08605777472257614,3014,1
0.5886482000350952,3015,1
0.09871724992990494,3016,1
0.2901090085506439,3017,1
0.3582392632961273,3018,1
0.5637139081954956,3019,1
0.08499440550804138,3020,1
0.09704263508319855,3021,1
0.07934683561325073,3022,1
0.26349735260009766,3023,1
0.44021740555763245,3024,1
0.24730223417282104,3025,1
0.23475073277950287,3026,1
0.13338258862495422,3027,1
0.4039034843444824,3028,1
0.2278497815132141,3029,1
0.14662721753120422,3030,1
0.13176646828651428,3031,1
0.11602495610713959,3032,1
0.3773425221443176,3033,1
0.07503311336040497,3034,1
0.40751567482948303,3035,1
0.11668328940868378,3036,1
0.4503632187843323,3037,1
0.37377482652664185,3038,1
0.15088322758674622,3039,1
0.09063445031642914,3040,1
0.14202453196048737,3041,1
0.26249220967292786,3042,1
0.6110835671424866,3043,1
0.30094659328460693,3044,1
0.5810865163803101,3045,1
0.1531483232975006,3046,1
0.27926570177078247,3047,1
0.1261684000492096,3048,1
0.11740890890359879,3049,1
0.13026604056358337,3050,1
0.15167231857776642,3051,1
0.17647401988506317,3052,1
0.3085903525352478,3053,1
0.44437581300735474,3054,1
0.1685815155506134,3055,1
0.21536147594451904,3056,1
0.1195492222905159,3057,1
0.3121417760848999,3058,1
0.29983675479888916,3059,1
0.1197025328874588,3060,1
0.27088820934295654,3061,1
0.4795334041118622,3062,1
0.3042844533920288,3063,1
0.2982119619846344,3064,1
0.22189176082611084,3065,1
0.09583167731761932,3066,1
0.3455348312854767,3067,1
0.4723694324493408,3068,1
0.34601226449012756,3069,1
0.1443396955728531,3070,1
0.4851232171058655,3071,1
0.10786700993776321,3072,1
0.09310033917427063,3073,1
0.09816985577344894,3074,1
0.2664322555065155,3075,1
0.16002684831619263,3076,1
0.23459935188293457,3077,1
0.24644538760185242,3078,1
0.7723696231842041,3079,1
0.10958734899759293,3080,1
0.35162028670310974,3081,1
0.11808903515338898,3082,1
0.3192363977432251,3083,1
0.3855452239513397,3084,1
0.09345240890979767,3085,1
0.1785946935415268,3086,1
0.19797059893608093,3087,1
0.34364864230155945,3088,1
0.20980331301689148,3089,1
0.0834612175822258,3090,1
0.13344161212444305,3091,1
0.18909695744514465,3092,1
0.9400821924209595,3093,1
0.16497056186199188,3094,1
0.2375679314136505,3095,1
0.11774551123380661,3096,1
0.3251830041408539,3097,1
0.16889776289463043,3098,1
0.17750748991966248,3099,1
0.3456520140171051,3100,1
0.11460693925619125,3101,1
0.35933351516723633,3102,1
0.29156064987182617,3103,1
0.2760017514228821,3104,1
0.2247997671365738,3105,1
0.4540933072566986,3106,1
0.45077404379844666,3107,1
0.29015085101127625,3108,1
0.07285837829113007,3109,1
0.15603560209274292,3110,1
0.12974177300930023,3111,1
0.4636366665363312,3112,1
0.11625997722148895,3113,1
0.07963217794895172,3114,1
0.10032106935977936,3115,1
0.46554356813430786,3116,1
0.12956371903419495,3117,1
0.3938349783420563,3118,1
0.23322775959968567,3119,1
0.25160616636276245,3120,1
0.40034568309783936,3121,1
0.4236266016960144,3122,1
0.210359126329422,3123,1
0.4270869493484497,3124,1
0.34842270612716675,3125,1
0.0901511162519455,3126,1
0.20704659819602966,3127,1
0.25994694232940674,3128,1
0.06185954064130783,3129,1
0.346951961517334,3130,1
0.35618698596954346,3131,1
0.2786140441894531,3132,1
0.12569209933280945,3133,1
0.1901802271604538,3134,1
0.11379623413085938,3135,1
0.22186435759067535,3136,1
0.0496441088616848,3137,1
0.18462565541267395,3138,1
0.28284895420074463,3139,1
0.1746206134557724,3140,1
0.10535717755556107,3141,1
0.09513528645038605,3142,1
0.08238566666841507,3143,1
0.583141028881073,3144,1
0.3714020550251007,3145,1
0.36589115858078003,3146,1
0.08268706500530243,3147,1
0.1297394037246704,3148,1
0.30823543667793274,3149,1
0.0353705957531929,3150,1
0.08834220468997955,3151,1
0.2133634090423584,3152,1
0.33160921931266785,3153,1
0.09155791252851486,3154,1
0.2774893641471863,3155,1
0.13955079019069672,3156,1
0.058842696249485016,3157,1
0.05215735733509064,3158,1
0.13013046979904175,3159,1
0.29975301027297974,3160,1
0.355713427066803,3161,1
0.1816847324371338,3162,1
0.041535817086696625,3163,1
0.14362570643424988,3164,1
0.25070682168006897,3165,1
0.39989423751831055,3166,1
0.07542001456022263,3167,1
0.25047987699508667,3168,1
0.07878106832504272,3169,1
0.29208627343177795,3170,1
0.28719067573547363,3171,1
0.08069166541099548,3172,1
0.18844401836395264,3173,1
0.06538046151399612,3174,1
0.20559704303741455,3175,1
0.39368683099746704,3176,1
0.21300508081912994,3177,1
0.23874357342720032,3178,1
0.21407084167003632,3179,1
0.2522827982902527,3180,1
0.11663439124822617,3181,1
0.11093033850193024,3182,1
0.213058739900589,3183,1
0.1992945373058319,3184,1
0.3382946252822876,3185,1
0.10405877232551575,3186,1
0.142766073346138,3187,1
0.0812968909740448,3188,1
0.21371552348136902,3189,1
0.29086044430732727,3190,1
0.12659934163093567,3191,1
0.270130455493927,3192,1
0.661652684211731,3193,1
0.2772878110408783,3194,1
0.46922963857650757,3195,1
0.3653169870376587,3196,1
0.6081213355064392,3197,1
0.36074313521385193,3198,1
0.2296869158744812,3199,1
0.13890710473060608,3200,1
0.159193217754364,3201,1
0.22974926233291626,3202,1
0.3432011008262634,3203,1
0.13282443583011627,3204,1
0.6393890380859375,3205,1
0.10342252999544144,3206,1
0.21138694882392883,3207,1
0.09937053918838501,3208,1
0.15218819677829742,3209,1
0.06352274864912033,3210,1
0.04622650891542435,3211,1
0.4933003783226013,3212,1
0.5564585328102112,3213,1
0.16530238091945648,3214,1
0.09642978012561798,3215,1
0.15995749831199646,3216,1
0.30138397216796875,3217,1
0.4081208109855652,3218,1
0.1862640380859375,3219,1
0.08453677594661713,3220,1
0.4764937162399292,3221,1
0.40013396739959717,3222,1
0.15566301345825195,3223,1
0.16750288009643555,3224,1
0.8706681728363037,3225,1
0.17499478161334991,3226,1
0.3548462390899658,3227,1
0.3073200583457947,3228,1
0.07987162470817566,3229,1
0.4424514174461365,3230,1
0.14828743040561676,3231,1
0.18539555370807648,3232,1
0.113008052110672,3233,1
0.13006292283535004,3234,1
0.19523727893829346,3235,1
0.36350923776626587,3236,1
0.34340131282806396,3237,1
0.05597497522830963,3238,1
0.16584791243076324,3239,1
0.4422069787979126,3240,1
0.2048562467098236,3241,1
0.21188950538635254,3242,1
0.09853947162628174,3243,1
0.08557680994272232,3244,1
0.2771434783935547,3245,1
0.05946512520313263,3246,1
0.44013914465904236,3247,1
0.3860092759132385,3248,1
0.43461161851882935,3249,1
0.3308207094669342,3250,1
0.3348722755908966,3251,1
0.13507816195487976,3252,1
0.5392260551452637,3253,1
0.2095758020877838,3254,1
0.13495410978794098,3255,1
0.13579349219799042,3256,1
0.5978978872299194,3257,1
0.06492562592029572,3258,1
0.07673123478889465,3259,1
0.1955019235610962,3260,1
0.4219229221343994,3261,1
0.20861691236495972,3262,1
0.18246996402740479,3263,1
0.29434508085250854,3264,1
0.11742889881134033,3265,1
0.469506174325943,3266,1
0.29150837659835815,3267,1
0.06331582367420197,3268,1
0.38510599732398987,3269,1
0.39232978224754333,3270,1
0.07519746571779251,3271,1
0.1145361065864563,3272,1
0.1146189272403717,3273,1
0.3294854462146759,3274,1
0.16398094594478607,3275,1
0.11691412329673767,3276,1
0.2570282816886902,3277,1
0.2458087056875229,3278,1
0.35995161533355713,3279,1
0.16305218636989594,3280,1
0.21101568639278412,3281,1
0.10584582388401031,3282,1
0.24237453937530518,3283,1
0.14971379935741425,3284,1
0.07328462600708008,3285,1
0.07525814324617386,3286,1
0.08799279481172562,3287,1
0.1520514190196991,3288,1
0.1069006472826004,3289,1
0.09849793463945389,3290,1
0.40721434354782104,3291,1
0.20382647216320038,3292,1
0.3847199082374573,3293,1
0.1489429473876953,3294,1
0.2506970763206482,3295,1
0.39578431844711304,3296,1
0.1186751127243042,3297,1
0.2682948112487793,3298,1
0.396272212266922,3299,1
0.4768734276294708,3300,1
0.3804648518562317,3301,1
0.512721061706543,3302,1
0.271208792924881,3303,1
0.24821047484874725,3304,1
0.16530928015708923,3305,1
0.18657588958740234,3306,1
0.1152147501707077,3307,1
0.40111681818962097,3308,1
0.06047911196947098,3309,1
0.10881118476390839,3310,1
0.37555181980133057,3311,1
1.018105149269104,3312,1
0.2535969018936157,3313,1
0.05609354376792908,3314,1
0.25784435868263245,3315,1
0.05668037757277489,3316,1
0.29208579659461975,3317,1
0.09533665329217911,3318,1
0.23514333367347717,3319,1
0.3324384093284607,3320,1
0.06297680735588074,3321,1
0.2219800502061844,3322,1
0.10863751918077469,3323,1
0.23527298867702484,3324,1
0.08609230071306229,3325,1
0.34156960248947144,3326,1
0.09989704191684723,3327,1
0.07549656927585602,3328,1
0.10260605067014694,3329,1
0.23197811841964722,3330,1
0.7288422584533691,3331,1
0.20551232993602753,3332,1
0.10095160454511642,3333,1
0.24266690015792847,3334,1
0.09543272852897644,3335,1
0.08631297945976257,3336,1
0.1732722967863083,3337,1
0.3876359462738037,3338,1
0.08073966205120087,3339,1
0.5316734910011292,3340,1
0.244248628616333,3341,1
0.10856468975543976,3342,1
0.06797505915164948,3343,1
0.09391210228204727,3344,1
0.15623417496681213,3345,1
0.07815173268318176,3346,1
0.21932406723499298,3347,1
0.15995055437088013,3348,1
0.1444520354270935,3349,1
0.3080313205718994,3350,1
0.09412677586078644,3351,1
0.15054693818092346,3352,1
0.19505734741687775,3353,1
0.2692011296749115,3354,1
0.18026426434516907,3355,1
0.22794389724731445,3356,1
0.08940806984901428,3357,1
0.08730766177177429,3358,1
0.0747094601392746,3359,1
0.09964291751384735,3360,1
0.14088144898414612,3361,1
0.2492823749780655,3362,1
0.15413211286067963,3363,1
0.1437021791934967,3364,1
0.16638770699501038,3365,1
0.17862509191036224,3366,1
0.10468848049640656,3367,1
0.048975881189107895,3368,1
0.47186118364334106,3369,1
0.056959815323352814,3370,1
0.3300250172615051,3371,1
0.24095900356769562,3372,1
0.08974866569042206,3373,1
0.1323552131652832,3374,1
0.05584995448589325,3375,1
0.37232956290245056,3376,1
0.09587056189775467,3377,1
0.33586016297340393,3378,1
0.24207133054733276,3379,1
0.1891242265701294,3380,1
0.14283183217048645,3381,1
0.03335604816675186,3382,1
0.32557088136672974,3383,1
0.08425821363925934,3384,1
0.23434051871299744,3385,1
0.06044333055615425,3386,1
0.13558918237686157,3387,1
0.5056659579277039,3388,1
0.2539559602737427,3389,1
0.10506844520568848,3390,1
0.2596421241760254,3391,1
0.05694646015763283,3392,1
0.05111498758196831,3393,1
0.05767052620649338,3394,1
0.14844077825546265,3395,1
0.20732074975967407,3396,1
0.07824566215276718,3397,1
0.0883466899394989,3398,1
0.14252230525016785,3399,1
0.3129977583885193,3400,1
0.1442570984363556,3401,1
0.09601694345474243,3402,1
0.3281864523887634,3403,1
0.2092769593000412,3404,1
0.41968628764152527,3405,1
0.159213125705719,3406,1
0.08856669068336487,3407,1
0.0928640067577362,3408,1
0.36015886068344116,3409,1
0.48425042629241943,3410,1
0.16097374260425568,3411,1
0.06777974218130112,3412,1
0.09912481904029846,3413,1
0.10987210273742676,3414,1
0.05876641348004341,3415,1
0.04803086072206497,3416,1
0.157564178109169,3417,1
0.5380842685699463,3418,1
0.2038494050502777,3419,1
0.271397203207016,3420,1
0.5711577534675598,3421,1
0.08891443908214569,3422,1
0.20963820815086365,3423,1
0.30385541915893555,3424,1
0.0881030261516571,3425,1
0.06558776646852493,3426,1
0.14241085946559906,3427,1
0.3958666920661926,3428,1
0.06984300911426544,3429,1
0.07156539708375931,3430,1
0.06117679923772812,3431,1
0.5063354969024658,3432,1
0.08421184122562408,3433,1
0.2413041889667511,3434,1
0.10261619091033936,3435,1
0.23695781826972961,3436,1
0.43150031566619873,3437,1
0.4914555847644806,3438,1
0.32897666096687317,3439,1
0.2770671248435974,3440,1
0.08405333012342453,3441,1
0.37101104855537415,3442,1
0.08169294893741608,3443,1
0.16704560816287994,3444,1
0.6364432573318481,3445,1
0.2582308351993561,3446,1
0.1553344875574112,3447,1
0.2727913558483124,3448,1
0.4318825602531433,3449,1
0.08060082793235779,3450,1
0.22166657447814941,3451,1
0.09950461983680725,3452,1
0.591593861579895,3453,1
0.23003219068050385,3454,1
0.06251774728298187,3455,1
0.0901363343000412,3456,1
0.23183128237724304,3457,1
0.13100814819335938,3458,1
0.09222446382045746,3459,1
0.0699414610862732,3460,1
0.09314408153295517,3461,1
0.3500855267047882,3462,1
0.08398942649364471,3463,1
0.498338907957077,3464,1
0.32932049036026,3465,1
0.06167897954583168,3466,1
0.07035182416439056,3467,1
0.16133970022201538,3468,1
0.1320006102323532,3469,1
0.1735355257987976,3470,1
0.49683070182800293,3471,1
0.3381595313549042,3472,1
0.08033043146133423,3473,1
0.3007020652294159,3474,1
0.11854596436023712,3475,1
0.13049650192260742,3476,1
0.16361871361732483,3477,1
0.5255894064903259,3478,1
0.17057202756404877,3479,1
0.5315786600112915,3480,1
0.14464670419692993,3481,1
0.37127628922462463,3482,1
0.6358998417854309,3483,1
0.32714200019836426,3484,1
0.12416661530733109,3485,1
0.18564747273921967,3486,1
0.23724694550037384,3487,1
0.15160813927650452,3488,1
0.43798255920410156,3489,1
0.08363786339759827,3490,1
0.6106877326965332,3491,1
0.10442554950714111,3492,1
0.12960417568683624,3493,1
0.1422709822654724,3494,1
0.07263119518756866,3495,1
0.2652806341648102,3496,1
0.2631831765174866,3497,1
0.11452264338731766,3498,1
0.47609633207321167,3499,1
0.13624006509780884,3500,1
0.06296806037425995,3501,1
0.04274371266365051,3502,1
0.10851719975471497,3503,1
0.2362215220928192,3504,1
0.1722221076488495,3505,1
0.3136213719844818,3506,1
0.21167980134487152,3507,1
0.08990959078073502,3508,1
0.8155854344367981,3509,1
0.1280277669429779,3510,1
0.21880757808685303,3511,1
0.2816495895385742,3512,1
0.192205548286438,3513,1
0.25538790225982666,3514,1
0.44015249609947205,3515,1
0.25154075026512146,3516,1
0.14523610472679138,3517,1
0.1950787901878357,3518,1
0.22632791101932526,3519,1
0.04765082150697708,3520,1
0.13154885172843933,3521,1
0.5903120040893555,3522,1
0.2721610367298126,3523,1
0.09014267474412918,3524,1
0.08199335634708405,3525,1
0.214787095785141,3526,1
0.08512161672115326,3527,1
0.0731828436255455,3528,1
0.49417227506637573,3529,1
0.1706273853778839,3530,1
0.07272318005561829,3531,1
0.09993478655815125,3532,1
0.0657319575548172,3533,1
0.09202521294355392,3534,1
0.3447483777999878,3535,1
0.04138529673218727,3536,1
0.19475071132183075,3537,1
0.490442156791687,3538,1
0.2575402855873108,3539,1
0.28387218713760376,3540,1
0.18994390964508057,3541,1
0.37266403436660767,3542,1
0.42867517471313477,3543,1
0.20940972864627838,3544,1
0.14507150650024414,3545,1
0.2761533260345459,3546,1
0.05895815044641495,3547,1
1.3867676258087158,3548,1
0.25376027822494507,3549,1
0.12619352340698242,3550,1
0.03537946194410324,3551,1
0.2664714455604553,3552,1
0.14093756675720215,3553,1
0.4517732262611389,3554,1
0.3094325363636017,3555,1
0.2653372883796692,3556,1
0.04735543578863144,3557,1
0.460597425699234,3558,1
0.44672536849975586,3559,1
0.3781050145626068,3560,1
0.09624214470386505,3561,1
0.16182032227516174,3562,1
0.06546370685100555,3563,1
0.0935894250869751,3564,1
0.05003155767917633,3565,1
0.1485486924648285,3566,1
0.7538504600524902,3567,1
0.2161632776260376,3568,1
0.26979124546051025,3569,1
0.11681067943572998,3570,1
0.4127926528453827,3571,1
0.08875852078199387,3572,1
0.5664240121841431,3573,1
0.181418776512146,3574,1
0.2925891578197479,3575,1
0.4436672329902649,3576,1
0.2775247395038605,3577,1
0.4012872278690338,3578,1
0.24829283356666565,3579,1
0.26565051078796387,3580,1
0.5263699293136597,3581,1
0.4598108232021332,3582,1
0.19071830809116364,3583,1
0.12839412689208984,3584,1
0.08542442321777344,3585,1
0.13844585418701172,3586,1
0.5868842601776123,3587,1
0.17409199476242065,3588,1
0.11222869157791138,3589,1
0.15792252123355865,3590,1
0.2424444854259491,3591,1
0.47748640179634094,3592,1
0.1533442884683609,3593,1
0.05353741720318794,3594,1
0.15891943871974945,3595,1
0.07401010394096375,3596,1
0.049884576350450516,3597,1
0.08196139335632324,3598,1
0.07395558804273605,3599,1
0.23856335878372192,3600,1
0.4455523192882538,3601,1
0.27317601442337036,3602,1
0.4291311204433441,3603,1
0.07755774259567261,3604,1
0.384647011756897,3605,1
0.10145768523216248,3606,1
0.10417485982179642,3607,1
0.14590387046337128,3608,1
0.34232816100120544,3609,1
0.17868277430534363,3610,1
0.31766897439956665,3611,1
0.4438936710357666,3612,1
0.1454208791255951,3613,1
0.3789525330066681,3614,1
0.34980207681655884,3615,1
0.43372079730033875,3616,1
0.06077602505683899,3617,1
0.3399854600429535,3618,1
0.32842445373535156,3619,1
0.07166998088359833,3620,1
0.1368044912815094,3621,1
0.053844355046749115,3622,1
0.2928117513656616,3623,1
0.26625698804855347,3624,1
0.07201583683490753,3625,1
0.580348551273346,3626,1
0.2081824541091919,3627,1
0.21937748789787292,3628,1
0.11057989299297333,3629,1
0.13827110826969147,3630,1
0.05836597830057144,3631,1
0.14372575283050537,3632,1
0.15209677815437317,3633,1
0.04125934839248657,3634,1
0.07972259819507599,3635,1
0.23055356740951538,3636,1
0.13230657577514648,3637,1
0.269309401512146,3638,1
0.15605902671813965,3639,1
0.5146969556808472,3640,1
0.0686948150396347,3641,1
0.3612504005432129,3642,1
0.30312618613243103,3643,1
0.2149387151002884,3644,1
0.13117384910583496,3645,1
0.24778757989406586,3646,1
0.5395675301551819,3647,1
0.07796211540699005,3648,1
0.16931918263435364,3649,1
0.04299169033765793,3650,1
0.07855501770973206,3651,1
0.3499535918235779,3652,1
0.3768468499183655,3653,1
0.4909883737564087,3654,1
0.2996516525745392,3655,1
0.16226552426815033,3656,1
0.08019736409187317,3657,1
0.11613249778747559,3658,1
0.10041701793670654,3659,1
0.27728134393692017,3660,1
0.19987079501152039,3661,1
0.25616759061813354,3662,1
0.09047223627567291,3663,1
0.07822460681200027,3664,1
0.19636774063110352,3665,1
0.11175429821014404,3666,1
0.3172021806240082,3667,1
0.2660117745399475,3668,1
0.07413783669471741,3669,1
0.06327863037586212,3670,1
0.03995233029127121,3671,1
0.3228487968444824,3672,1
0.43360114097595215,3673,1
0.2059398591518402,3674,1
0.2723638713359833,3675,1
0.41872209310531616,3676,1
0.10954450070858002,3677,1
0.10096393525600433,3678,1
0.340080589056015,3679,1
0.34013667702674866,3680,1
0.3252211809158325,3681,1
0.13787421584129333,3682,1
0.0944889634847641,3683,1
0.09525629132986069,3684,1
0.31420519948005676,3685,1
0.11258836835622787,3686,1
0.11776848137378693,3687,1
0.09097528457641602,3688,1
0.14233949780464172,3689,1
0.05677666515111923,3690,1
0.0930580347776413,3691,1
0.11919265985488892,3692,1
0.09385359287261963,3693,1
0.0447610467672348,3694,1
0.1590586006641388,3695,1
0.20839986205101013,3696,1
0.0932026281952858,3697,1
0.13360929489135742,3698,1
0.04531710594892502,3699,1
0.34758827090263367,3700,1
0.41020604968070984,3701,1
0.10499618947505951,3702,1
0.17931097745895386,3703,1
0.2619425058364868,3704,1
0.4341135323047638,3705,1
0.38145655393600464,3706,1
0.4336267113685608,3707,1
0.07263220101594925,3708,1
0.12862586975097656,3709,1
0.20821163058280945,3710,1
0.40768563747406006,3711,1
0.2861367166042328,3712,1
0.5327343940734863,3713,1
0.09246043860912323,3714,1
0.05404176563024521,3715,1
0.20045408606529236,3716,1
0.09079855680465698,3717,1
0.09155255556106567,3718,1
0.12951843440532684,3719,1
0.06287749856710434,3720,1
0.15696211159229279,3721,1
0.03467409685254097,3722,1
0.10272324085235596,3723,1
0.28707653284072876,3724,1
0.22023843228816986,3725,1
0.0671265721321106,3726,1
0.16018790006637573,3727,1
0.07678364962339401,3728,1
0.09057372808456421,3729,1
0.3355604410171509,3730,1
0.08911348134279251,3731,1
0.35908064246177673,3732,1
0.07452668249607086,3733,1
0.3019246459007263,3734,1
0.5288339257240295,3735,1
0.06894174963235855,3736,1
0.2146410048007965,3737,1
0.4707753658294678,3738,1
0.5889715552330017,3739,1
0.32568907737731934,3740,1
0.04702907055616379,3741,1
0.25873371958732605,3742,1
0.36603212356567383,3743,1
0.05057666450738907,3744,1
0.15203934907913208,3745,1
0.06500039994716644,3746,1
0.173686221241951,3747,1
0.07070334255695343,3748,1
0.14307865500450134,3749,1
0.059015363454818726,3750,1
0.38236868381500244,3751,1
0.20783042907714844,3752,1
0.13658173382282257,3753,1
0.09218497574329376,3754,1
0.06823821365833282,3755,1
0.16164733469486237,3756,1
0.057335905730724335,3757,1
0.47885528206825256,3758,1
0.10242308676242828,3759,1
0.4441199004650116,3760,1
0.3006804287433624,3761,1
0.07032054662704468,3762,1
0.21577218174934387,3763,1
0.15960602462291718,3764,1
0.34478268027305603,3765,1
0.1911371648311615,3766,1
0.3459429442882538,3767,1
0.30007416009902954,3768,1
0.1734260469675064,3769,1
0.08983397483825684,3770,1
0.13698524236679077,3771,1
0.09420923888683319,3772,1
0.051332876086235046,3773,1
0.4377245306968689,3774,1
0.044968701899051666,3775,1
0.18476757407188416,3776,1
0.38370901346206665,3777,1
0.3523072302341461,3778,1
0.08130069822072983,3779,1
0.3171243667602539,3780,1
0.07128357887268066,3781,1
0.48202988505363464,3782,1
0.3115534782409668,3783,1
0.07388240844011307,3784,1
0.29033058881759644,3785,1
0.07923601567745209,3786,1
0.03895092010498047,3787,1
0.04151079058647156,3788,1
0.058888375759124756,3789,1
0.39871102571487427,3790,1
0.059099242091178894,3791,1
0.08273610472679138,3792,1
0.23652119934558868,3793,1
0.07568565756082535,3794,1
0.23135685920715332,3795,1
0.08410420268774033,3796,1
0.16646616160869598,3797,1
0.051104918122291565,3798,1
0.03658290207386017,3799,1
0.0660954937338829,3800,1
0.10145316272974014,3801,1
0.0744047462940216,3802,1
0.7282944321632385,3803,1
0.2587065100669861,3804,1
0.37382784485816956,3805,1
0.4479140639305115,3806,1
0.07919497787952423,3807,1
0.05774471163749695,3808,1
0.11374911665916443,3809,1
0.12055947631597519,3810,1
0.23931658267974854,3811,1
0.2919447124004364,3812,1
0.32682541012763977,3813,1
0.1540609449148178,3814,1
0.27060726284980774,3815,1
0.08357829600572586,3816,1
0.08180419355630875,3817,1
0.11805334687232971,3818,1
0.4117095172405243,3819,1
0.23124386370182037,3820,1
0.05725224316120148,3821,1
0.5456399917602539,3822,1
0.2561017572879791,3823,1
0.05222904682159424,3824,1
0.05437203869223595,3825,1
0.046677365899086,3826,1
0.11597531288862228,3827,1
0.1250929981470108,3828,1
0.07813547551631927,3829,1
0.0432116873562336,3830,1
0.17839966714382172,3831,1
0.18180063366889954,3832,1
0.319225937128067,3833,1
0.10791604965925217,3834,1
0.12729844450950623,3835,1
0.2725072503089905,3836,1
0.4032784402370453,3837,1
0.2987365126609802,3838,1
0.15571343898773193,3839,1
0.24063996970653534,3840,1
0.2440333366394043,3841,1
0.06725752353668213,3842,1
0.4327314496040344,3843,1
0.3360719084739685,3844,1
0.18096524477005005,3845,1
0.059907689690589905,3846,1
0.06795810908079147,3847,1
0.07976362854242325,3848,1
0.23788803815841675,3849,1
0.06668517738580704,3850,1
0.04051123932003975,3851,1
0.43235817551612854,3852,1
0.11026667803525925,3853,1
0.24409668147563934,3854,1
0.3249194025993347,3855,1
0.37921541929244995,3856,1
0.093595951795578,3857,1
0.2515074908733368,3858,1
0.09980090707540512,3859,1
0.5456934571266174,3860,1
0.24523010849952698,3861,1
0.05793441832065582,3862,1
0.2996973991394043,3863,1
0.1423192173242569,3864,1
0.05966370552778244,3865,1
0.0739988461136818,3866,1
0.19586195051670074,3867,1
0.08121392130851746,3868,1
0.05756593123078346,3869,1
0.07391089200973511,3870,1
0.2838556170463562,3871,1
0.1681405007839203,3872,1
0.1019907295703888,3873,1
0.05578039214015007,3874,1
0.08170652389526367,3875,1
0.15882575511932373,3876,1
0.15014608204364777,3877,1
0.04103344678878784,3878,1
0.039914570748806,3879,1
0.5198769569396973,3880,1
0.4162061810493469,3881,1
0.35971131920814514,3882,1
0.1867693066596985,3883,1
0.06872855126857758,3884,1
0.17259295284748077,3885,1
0.07758815586566925,3886,1
0.28975507616996765,3887,1
0.0798082947731018,3888,1
0.13060295581817627,3889,1
0.12221644073724747,3890,1
0.24000433087348938,3891,1
0.07871487736701965,3892,1
0.35161030292510986,3893,1
0.22256088256835938,3894,1
0.29497790336608887,3895,1
0.17432443797588348,3896,1
0.21433711051940918,3897,1
0.09561587870121002,3898,1
0.04460541158914566,3899,1
0.12358541041612625,3900,1
0.06969654560089111,3901,1
0.12839928269386292,3902,1
0.13968819379806519,3903,1
0.2629964351654053,3904,1
0.07219815254211426,3905,1
0.12641586363315582,3906,1
0.06932432949542999,3907,1
0.3794156312942505,3908,1
0.037617336958646774,3909,1
0.8667640089988708,3910,1
0.2829308807849884,3911,1
0.13683943450450897,3912,1
0.0746782124042511,3913,1
0.07101795077323914,3914,1
0.10504062473773956,3915,1
0.10073783993721008,3916,1
0.17817549407482147,3917,1
0.1379333734512329,3918,1
0.297372967004776,3919,1
0.19751745462417603,3920,1
0.05051306635141373,3921,1
0.10819509625434875,3922,1
0.07308349013328552,3923,1
0.179671972990036,3924,1
0.571296215057373,3925,1
0.12654127180576324,3926,1
0.14566166698932648,3927,1
0.5578403472900391,3928,1
0.147062748670578,3929,1
0.07640025019645691,3930,1
0.0842655748128891,3931,1
0.09585052728652954,3932,1
0.2741374373435974,3933,1
0.0619075670838356,3934,1
0.26251593232154846,3935,1
0.11429528892040253,3936,1
0.33216890692710876,3937,1
0.1892535239458084,3938,1
0.24285338819026947,3939,1
0.1338139921426773,3940,1
0.0820910632610321,3941,1
0.2874740660190582,3942,1
0.2133287638425827,3943,1
0.08819606900215149,3944,1
0.19930019974708557,3945,1
0.5376027822494507,3946,1
0.40968379378318787,3947,1
0.051447756588459015,3948,1
0.07447820156812668,3949,1
0.1521347016096115,3950,1
0.38016533851623535,3951,1
0.22133520245552063,3952,1
0.3340475857257843,3953,1
0.13391640782356262,3954,1
0.196833536028862,3955,1
0.2341107875108719,3956,1
0.11443768441677094,3957,1
0.21697314083576202,3958,1
0.16518136858940125,3959,1
0.11582205444574356,3960,1
0.17628511786460876,3961,1
0.14122739434242249,3962,1
0.14642420411109924,3963,1
0.11495935916900635,3964,1
0.09531445056200027,3965,1
0.45581722259521484,3966,1
0.12028506398200989,3967,1
0.20848572254180908,3968,1
0.06658516824245453,3969,1
0.2189115285873413,3970,1
0.06997096538543701,3971,1
0.2951224148273468,3972,1
0.12828800082206726,3973,1
0.1903582215309143,3974,1
0.09569491446018219,3975,1
0.1777433454990387,3976,1
0.09470123797655106,3977,1
0.1367177814245224,3978,1
0.0801135003566742,3979,1
0.08866088092327118,3980,1
0.0726989358663559,3981,1
0.14313772320747375,3982,1
0.12399490922689438,3983,1
0.27922630310058594,3984,1
0.6033724546432495,3985,1
0.03445729985833168,3986,1
0.24425053596496582,3987,1
0.04630257189273834,3988,1
0.05273100733757019,3989,1
0.07210998237133026,3990,1
0.2062903493642807,3991,1
0.43259197473526,3992,1
0.1379276067018509,3993,1
0.20797015726566315,3994,1
0.18294674158096313,3995,1
0.24440431594848633,3996,1
0.12275410443544388,3997,1
0.27880948781967163,3998,1
0.03724462538957596,3999,1
0.0465686172246933,4000,1
0.2931872606277466,4001,1
0.16329827904701233,4002,1
0.028244728222489357,4003,1
0.6180301904678345,4004,1
0.21622464060783386,4005,1
0.20803606510162354,4006,1
0.240809366106987,4007,1
0.0521339550614357,4008,1
0.06662397086620331,4009,1
0.24245359003543854,4010,1
0.04584207385778427,4011,1
0.12491166591644287,4012,1
0.05900251865386963,4013,1
0.0581575445830822,4014,1
0.12409227341413498,4015,1
0.15662473440170288,4016,1
0.26825955510139465,4017,1
0.0408271886408329,4018,1
0.055829569697380066,4019,1
0.0684862732887268,4020,1
0.04528578370809555,4021,1
0.253032922744751,4022,1
0.13903267681598663,4023,1
0.21871709823608398,4024,1
0.055526815354824066,4025,1
0.11640503257513046,4026,1
0.13158495724201202,4027,1
0.07596969604492188,4028,1
0.13256987929344177,4029,1
0.11504286527633667,4030,1
0.08989209681749344,4031,1
0.1289680302143097,4032,1
0.063557930290699,4033,1
0.4135136008262634,4034,1
0.377194344997406,4035,1
0.14281606674194336,4036,1
0.03970857709646225,4037,1
0.10335834324359894,4038,1
0.05952312424778938,4039,1
0.3068240284919739,4040,1
0.387185275554657,4041,1
0.38071227073669434,4042,1
0.1523190289735794,4043,1
0.4471803605556488,4044,1
0.0808793231844902,4045,1
0.12507620453834534,4046,1
0.04879516735672951,4047,1
0.08834102749824524,4048,1
0.1697821319103241,4049,1
0.502663254737854,4050,1
0.1686350256204605,4051,1
0.1361442506313324,4052,1
0.32255464792251587,4053,1
0.1841069906949997,4054,1
0.2940026521682739,4055,1
0.04092741012573242,4056,1
0.42426812648773193,4057,1
0.0527479313313961,4058,1
0.13716374337673187,4059,1
0.3236742913722992,4060,1
0.14464256167411804,4061,1
0.18345345556735992,4062,1
0.24985703825950623,4063,1
0.0885297954082489,4064,1
0.5348184704780579,4065,1
0.20164723694324493,4066,1
0.2863973081111908,4067,1
0.3352629542350769,4068,1
0.33631205558776855,4069,1
0.08313393592834473,4070,1
0.08685529232025146,4071,1
0.08153580129146576,4072,1
0.06204846128821373,4073,1
0.09296011924743652,4074,1
0.05962073430418968,4075,1
0.35297808051109314,4076,1
0.19126972556114197,4077,1
0.24441732466220856,4078,1
0.0834990069270134,4079,1
0.333152711391449,4080,1
0.6528262495994568,4081,1
0.13039106130599976,4082,1
0.12240150570869446,4083,1
0.13452234864234924,4084,1
0.09207847714424133,4085,1
0.4312923848628998,4086,1
0.3515433371067047,4087,1
0.13139092922210693,4088,1
0.46704545617103577,4089,1
0.0541374646127224,4090,1
0.08186130225658417,4091,1
0.05864296853542328,4092,1
0.16122066974639893,4093,1
0.06616561114788055,4094,1
0.07604540139436722,4095,1
0.05725958198308945,4096,1
0.12472543865442276,4097,1
0.35502153635025024,4098,1
0.04526849836111069,4099,1
0.3203074634075165,4100,1
0.22388021647930145,4101,1
0.07988743484020233,4102,1
0.03655783087015152,4103,1
0.05326991528272629,4104,1
0.31279364228248596,4105,1
0.2275409996509552,4106,1
0.18565122783184052,4107,1
0.02410339005291462,4108,1
0.05013733357191086,4109,1
0.042295970022678375,4110,1
0.04966965317726135,4111,1
0.24845707416534424,4112,1
0.16357219219207764,4113,1
0.2580406665802002,4114,1
0.09550628811120987,4115,1
0.08520365506410599,4116,1
0.10957066714763641,4117,1
0.20336610078811646,4118,1
0.2025717794895172,4119,1
0.06597154587507248,4120,1
0.16808989644050598,4121,1
0.11282913386821747,4122,1
0.08134415745735168,4123,1
0.4927491247653961,4124,1
0.14443880319595337,4125,1
0.08329549431800842,4126,1
0.20949746668338776,4127,1
0.11901375651359558,4128,1
0.28728923201560974,4129,1
0.3055325448513031,4130,1
0.05958111584186554,4131,1
0.08070588111877441,4132,1
0.1466781347990036,4133,1
0.17907193303108215,4134,1
0.0558038055896759,4135,1
0.0455339178442955,4136,1
0.06184615567326546,4137,1
0.11025969684123993,4138,1
0.27545398473739624,4139,1
0.29104214906692505,4140,1
0.23785296082496643,4141,1
0.02880224399268627,4142,1
0.04855810105800629,4143,1
0.34702786803245544,4144,1
0.05711489915847778,4145,1
0.37812668085098267,4146,1
0.27989235520362854,4147,1
0.0754660964012146,4148,1
0.17077839374542236,4149,1
0.40604719519615173,4150,1
0.31496402621269226,4151,1
0.3134027123451233,4152,1
0.25278982520103455,4153,1
0.03696497157216072,4154,1
0.556039571762085,4155,1
0.2937239408493042,4156,1
0.09253716468811035,4157,1
0.115245521068573,4158,1
0.05781443789601326,4159,1
0.13539576530456543,4160,1
0.1215006411075592,4161,1
0.06620700657367706,4162,1
0.06490311026573181,4163,1
0.12503205239772797,4164,1
0.0766628086566925,4165,1
0.3408416509628296,4166,1
0.09834644198417664,4167,1
0.03239099681377411,4168,1
0.38367924094200134,4169,1
0.30433979630470276,4170,1
0.36938634514808655,4171,1
0.42764919996261597,4172,1
0.03727078065276146,4173,1
0.09420330822467804,4174,1
0.1320498138666153,4175,1
0.07037109136581421,4176,1
0.13338372111320496,4177,1
0.4639261066913605,4178,1
0.055216580629348755,4179,1
0.17576545476913452,4180,1
0.4170435070991516,4181,1
0.10753883421421051,4182,1
0.31840091943740845,4183,1
0.030488625168800354,4184,1
0.2758713662624359,4185,1
0.056636519730091095,4186,1
0.14604943990707397,4187,1
0.24772143363952637,4188,1
0.06029883399605751,4189,1
0.036481548100709915,4190,1
0.18910641968250275,4191,1
0.09975896775722504,4192,1
0.37189772725105286,4193,1
0.04687406122684479,4194,1
0.27877703309059143,4195,1
0.1095118448138237,4196,1
0.0877065435051918,4197,1
0.12001259624958038,4198,1
0.4669969975948334,4199,1
0.07082399725914001,4200,1
0.11505747586488724,4201,1
0.04625215008854866,4202,1
0.2221505045890808,4203,1
0.16026030480861664,4204,1
0.1599910706281662,4205,1
0.04569941759109497,4206,1
0.10840526223182678,4207,1
0.03387951850891113,4208,1
0.24670636653900146,4209,1
0.0703754648566246,4210,1
0.19171342253684998,4211,1
0.04343235492706299,4212,1
0.050708964467048645,4213,1
0.5288816690444946,4214,1
0.05887136608362198,4215,1
0.30225491523742676,4216,1
0.06492801755666733,4217,1
0.1490735113620758,4218,1
0.035737648606300354,4219,1
0.10602645576000214,4220,1
0.21222667396068573,4221,1
0.04519621282815933,4222,1
0.04100726544857025,4223,1
0.5256742835044861,4224,1
0.6478162407875061,4225,1
0.36322930455207825,4226,1
0.3549661338329315,4227,1
0.07868960499763489,4228,1
0.07398736476898193,4229,1
0.3042299747467041,4230,1
0.13151775300502777,4231,1
0.07083678245544434,4232,1
0.07499977946281433,4233,1
0.17713040113449097,4234,1
0.039691656827926636,4235,1
0.08522972464561462,4236,1
0.322262167930603,4237,1
0.08587924391031265,4238,1
0.13532952964305878,4239,1
0.038330428302288055,4240,1
0.07102876901626587,4241,1
0.07109744101762772,4242,1
0.1433255672454834,4243,1
0.24270106852054596,4244,1
0.036794357001781464,4245,1
0.03766171634197235,4246,1
0.250436931848526,4247,1
0.7171730399131775,4248,1
0.05565951392054558,4249,1
0.17356574535369873,4250,1
0.3863160312175751,4251,1
0.06118738278746605,4252,1
0.05347294360399246,4253,1
0.05171317607164383,4254,1
0.33030983805656433,4255,1
0.11271737515926361,4256,1
0.12791059911251068,4257,1
0.051040224730968475,4258,1
0.21022243797779083,4259,1
0.3137539029121399,4260,1
0.18513651192188263,4261,1
0.04207226634025574,4262,1
0.5501272678375244,4263,1
0.1432744562625885,4264,1
0.11457253992557526,4265,1
0.4262862205505371,4266,1
0.1663844734430313,4267,1
0.30488041043281555,4268,1
0.07196579873561859,4269,1
0.1432805359363556,4270,1
0.1707770824432373,4271,1
0.07249964773654938,4272,1
0.5019863247871399,4273,1
0.08952154219150543,4274,1
0.13711035251617432,4275,1
0.22365835309028625,4276,1
0.3822302222251892,4277,1
0.25106847286224365,4278,1
0.0787556916475296,4279,1
0.07869736850261688,4280,1
0.06723667681217194,4281,1
0.06297141313552856,4282,1
0.4697139263153076,4283,1
0.06174992397427559,4284,1
0.13905197381973267,4285,1
0.6673872470855713,4286,1
0.049469999969005585,4287,1
0.15159542858600616,4288,1
0.1831737756729126,4289,1
0.10483179986476898,4290,1
0.4605802297592163,4291,1
0.1530378758907318,4292,1
0.06750856339931488,4293,1
0.04118933901190758,4294,1
0.10981438308954239,4295,1
0.5999367833137512,4296,1
0.21590407192707062,4297,1
0.5317487120628357,4298,1
0.2987276315689087,4299,1
0.08926491439342499,4300,1
0.08240120112895966,4301,1
0.05351842939853668,4302,1
0.06498046219348907,4303,1
0.20182891190052032,4304,1
0.02886040322482586,4305,1
0.04085175320506096,4306,1
0.16269740462303162,4307,1
0.3978535830974579,4308,1
0.03721098601818085,4309,1
0.06330382823944092,4310,1
0.655540406703949,4311,1
0.07142332196235657,4312,1
0.1022300198674202,4313,1
0.30026596784591675,4314,1
0.0860758125782013,4315,1
0.4502032995223999,4316,1
0.06165989488363266,4317,1
0.06753908097743988,4318,1
0.23495575785636902,4319,1
0.2816130518913269,4320,1
0.2682172656059265,4321,1
0.055551677942276,4322,1
0.22671234607696533,4323,1
0.04672367498278618,4324,1
0.06063852831721306,4325,1
0.06511074304580688,4326,1
0.1382947862148285,4327,1
0.0312319565564394,4328,1
0.5378379821777344,4329,1
0.06431498378515244,4330,1
0.09220653772354126,4331,1
0.08936562389135361,4332,1
0.2860162854194641,4333,1
0.055113404989242554,4334,1
0.3999103009700775,4335,1
0.07602831721305847,4336,1
0.05686921998858452,4337,1
0.3032758831977844,4338,1
0.3055785298347473,4339,1
0.37955549359321594,4340,1
0.08260273933410645,4341,1
0.20560801029205322,4342,1
0.34521913528442383,4343,1
0.11618105322122574,4344,1
0.90860915184021,4345,1
0.41345837712287903,4346,1
0.26973819732666016,4347,1
0.08289530873298645,4348,1
0.36995309591293335,4349,1
0.09591343998908997,4350,1
0.15818175673484802,4351,1
0.036656755954027176,4352,1
0.10716851055622101,4353,1
0.0779324620962143,4354,1
0.07262825220823288,4355,1
0.0974186584353447,4356,1
0.03245941177010536,4357,1
0.12980005145072937,4358,1
0.1310930699110031,4359,1
0.41162848472595215,4360,1
0.11365815997123718,4361,1
0.3116711974143982,4362,1
0.2599666118621826,4363,1
0.09525316953659058,4364,1
0.031564339995384216,4365,1
0.10877642780542374,4366,1
0.2391934096813202,4367,1
0.2599499523639679,4368,1
0.5256590843200684,4369,1
0.22297464311122894,4370,1
0.09553457796573639,4371,1
0.22606220841407776,4372,1
0.09036442637443542,4373,1
0.14727431535720825,4374,1
0.45459914207458496,4375,1
0.09756293147802353,4376,1
0.32520511746406555,4377,1
0.3460581302642822,4378,1
0.23129567503929138,4379,1
0.08522097021341324,4380,1
0.3092637360095978,4381,1
0.2173338532447815,4382,1
0.09923041611909866,4383,1
0.04445426166057587,4384,1
0.2514684796333313,4385,1
0.09033450484275818,4386,1
0.30365440249443054,4387,1
0.5936933159828186,4388,1
0.15131577849388123,4389,1
0.29633939266204834,4390,1
0.07190407812595367,4391,1
0.1813543140888214,4392,1
0.29405978322029114,4393,1
0.2933325469493866,4394,1
0.36628958582878113,4395,1
0.05794953182339668,4396,1
0.3401019871234894,4397,1
0.08811125159263611,4398,1
0.106316938996315,4399,1
0.40011537075042725,4400,1
0.04893966764211655,4401,1
0.0882706493139267,4402,1
0.17394837737083435,4403,1
0.3066791892051697,4404,1
0.10599443316459656,4405,1
0.4340479075908661,4406,1
0.04439869523048401,4407,1
0.0430486798286438,4408,1
0.12080224603414536,4409,1
0.10283473134040833,4410,1
0.28016266226768494,4411,1
0.061532892286777496,4412,1
0.031009525060653687,4413,1
0.39629387855529785,4414,1
0.14181634783744812,4415,1
0.06461139768362045,4416,1
0.055958859622478485,4417,1
0.3060457706451416,4418,1
0.26763394474983215,4419,1
0.2722187340259552,4420,1
0.18964281678199768,4421,1
0.03847670182585716,4422,1
0.1007562130689621,4423,1
0.38195061683654785,4424,1
0.236641064286232,4425,1
0.05955679342150688,4426,1
0.17307092249393463,4427,1
0.043539490550756454,4428,1
0.17578910291194916,4429,1
0.06383205950260162,4430,1
0.04854317754507065,4431,1
0.21525931358337402,4432,1
0.0826643854379654,4433,1
0.1572534143924713,4434,1
0.05352427810430527,4435,1
0.0782439261674881,4436,1
0.07276037335395813,4437,1
0.035923030227422714,4438,1
0.041790999472141266,4439,1
0.09188356250524521,4440,1
0.08747921884059906,4441,1
0.05470197647809982,4442,1
0.04925614222884178,4443,1
0.05241042375564575,4444,1
0.18704594671726227,4445,1
0.26538991928100586,4446,1
0.13889971375465393,4447,1
0.3653293550014496,4448,1
0.1957392543554306,4449,1
0.14654527604579926,4450,1
0.13922733068466187,4451,1
0.4229406714439392,4452,1
0.11932100355625153,4453,1
0.06855589151382446,4454,1
0.03994761034846306,4455,1
0.10430678725242615,4456,1
0.047316838055849075,4457,1
0.3499332070350647,4458,1
0.03728470206260681,4459,1
0.03548319637775421,4460,1
0.07852678000926971,4461,1
0.14529120922088623,4462,1
0.3940424621105194,4463,1
0.34530243277549744,4464,1
0.1838422566652298,4465,1
0.07597143203020096,4466,1
0.08676978200674057,4467,1
0.12867796421051025,4468,1
0.6214585304260254,4469,1
0.38086748123168945,4470,1
0.08445470035076141,4471,1
0.03883317857980728,4472,1
0.1193297728896141,4473,1
0.1253562718629837,4474,1
0.41085371375083923,4475,1
0.3731664717197418,4476,1
0.28826582431793213,4477,1
0.4885038435459137,4478,1
0.05502963811159134,4479,1
0.12451387941837311,4480,1
0.05468868091702461,4481,1
0.05681613087654114,4482,1
0.19139328598976135,4483,1
0.12480632960796356,4484,1
0.11456363648176193,4485,1
0.39417287707328796,4486,1
0.07516388595104218,4487,1
0.39358848333358765,4488,1
0.34087222814559937,4489,1
0.10624029487371445,4490,1
0.050527505576610565,4491,1
0.2466922253370285,4492,1
0.2543694078922272,4493,1
0.03126615285873413,4494,1
0.29075315594673157,4495,1
0.04192440211772919,4496,1
0.3086387813091278,4497,1
0.10554666817188263,4498,1
0.09052082896232605,4499,1
0.24411894381046295,4500,1
0.07298979163169861,4501,1
0.459632009267807,4502,1
0.38622501492500305,4503,1
0.15941336750984192,4504,1
0.219831645488739,4505,1
0.16381248831748962,4506,1
0.39722222089767456,4507,1
0.4232124984264374,4508,1
0.0510077178478241,4509,1
0.14787687361240387,4510,1
0.16663557291030884,4511,1
0.10793180763721466,4512,1
0.35071834921836853,4513,1
0.13644446432590485,4514,1
0.20034463703632355,4515,1
0.4026274085044861,4516,1
0.2084646075963974,4517,1
0.2270367443561554,4518,1
0.26575055718421936,4519,1
0.3395621180534363,4520,1
0.2761751413345337,4521,1
0.13838201761245728,4522,1
0.14937704801559448,4523,1
0.20098896324634552,4524,1
0.09910982847213745,4525,1
0.15052147209644318,4526,1
0.05676224082708359,4527,1
0.05246206372976303,4528,1
0.10827299952507019,4529,1
0.1304370015859604,4530,1
0.1043194979429245,4531,1
0.19432824850082397,4532,1
0.08558700978755951,4533,1
0.16694465279579163,4534,1
0.05840829014778137,4535,1
0.07973187416791916,4536,1
0.05889979749917984,4537,1
0.033328745514154434,4538,1
0.03643389418721199,4539,1
0.043870165944099426,4540,1
0.054048776626586914,4541,1
0.08654742687940598,4542,1
0.23462308943271637,4543,1
0.06221744418144226,4544,1
0.06461859494447708,4545,1
0.07461985945701599,4546,1
0.060742612928152084,4547,1
0.4567631483078003,4548,1
0.25551798939704895,4549,1
0.42237669229507446,4550,1
0.1516208052635193,4551,1
0.10650019347667694,4552,1
0.07945159822702408,4553,1
0.25633156299591064,4554,1
0.26287007331848145,4555,1
0.04600100219249725,4556,1
0.1563478708267212,4557,1
0.050291065126657486,4558,1
0.10982869565486908,4559,1
0.06348271667957306,4560,1
0.18684667348861694,4561,1
0.0762033462524414,4562,1
0.03603903576731682,4563,1
0.05107303708791733,4564,1
0.04559320956468582,4565,1
0.18865688145160675,4566,1
0.04235522449016571,4567,1
0.061304282397031784,4568,1
0.0404769629240036,4569,1
0.2616383731365204,4570,1
0.0652962327003479,4571,1
0.3151951730251312,4572,1
0.36985358595848083,4573,1
0.29814258217811584,4574,1
0.09493643045425415,4575,1
0.1524238884449005,4576,1
0.053531669080257416,4577,1
0.038384079933166504,4578,1
0.15474751591682434,4579,1
0.058733485639095306,4580,1
0.12518225610256195,4581,1
0.1752014011144638,4582,1
0.27552294731140137,4583,1
0.030836205929517746,4584,1
0.21795901656150818,4585,1
0.04797094315290451,4586,1
0.3679259419441223,4587,1
0.42729005217552185,4588,1
0.06535915285348892,4589,1
0.04687120020389557,4590,1
0.08761421591043472,4591,1
0.0812586098909378,4592,1
0.07486693561077118,4593,1
0.042150795459747314,4594,1
0.3003539741039276,4595,1
0.06809619814157486,4596,1
0.4734317660331726,4597,1
0.11011168360710144,4598,1
0.03125705569982529,4599,1
0.4599999189376831,4600,1
0.10714228451251984,4601,1
0.07967924326658249,4602,1
0.07641737163066864,4603,1
0.27343183755874634,4604,1
0.05820804089307785,4605,1
0.12698717415332794,4606,1
0.025179222226142883,4607,1
0.039310526102781296,4608,1
0.09347901493310928,4609,1
0.04541598632931709,4610,1
0.05116013437509537,4611,1
0.1705196499824524,4612,1
0.2414182424545288,4613,1
0.04732012748718262,4614,1
0.2734948396682739,4615,1
0.05557767301797867,4616,1
0.03817690163850784,4617,1
0.13376855850219727,4618,1
0.1053265929222107,4619,1
0.22961142659187317,4620,1
0.06442688405513763,4621,1
0.27371034026145935,4622,1
0.04748481139540672,4623,1
0.20341087877750397,4624,1
0.07299250364303589,4625,1
0.041473109275102615,4626,1
0.6664845943450928,4627,1
0.03912127763032913,4628,1
0.1283816397190094,4629,1
0.06547404825687408,4630,1
0.044994380325078964,4631,1
0.13980689644813538,4632,1
0.06567951291799545,4633,1
0.10161781311035156,4634,1
0.14709386229515076,4635,1
0.057595144957304,4636,1
0.05878094211220741,4637,1
0.06419812142848969,4638,1
0.44636449217796326,4639,1
0.38698017597198486,4640,1
0.08457459509372711,4641,1
0.5683172941207886,4642,1
0.17265667021274567,4643,1
0.042110785841941833,4644,1
0.05974742770195007,4645,1
0.1193215399980545,4646,1
0.19353149831295013,4647,1
0.04769463092088699,4648,1
0.22186875343322754,4649,1
0.1561981588602066,4650,1
0.10638424009084702,4651,1
0.05775385722517967,4652,1
0.3568251430988312,4653,1
0.06483973562717438,4654,1
0.23156695067882538,4655,1
0.1971709430217743,4656,1
0.09716182947158813,4657,1
0.04948854818940163,4658,1
0.36161884665489197,4659,1
0.044198572635650635,4660,1
0.030930770561099052,4661,1
0.4345189929008484,4662,1
0.1288059651851654,4663,1
0.07617416977882385,4664,1
0.06293442100286484,4665,1
0.3104768693447113,4666,1
0.17037320137023926,4667,1
0.053213223814964294,4668,1
0.22408366203308105,4669,1
0.02069433592259884,4670,1
0.026349704712629318,4671,1
0.08683840185403824,4672,1
0.11512058973312378,4673,1
0.05673229694366455,4674,1
0.09604550898075104,4675,1
0.07467271387577057,4676,1
0.03712727874517441,4677,1
0.059023771435022354,4678,1
0.18106959760189056,4679,1
0.039870306849479675,4680,1
0.07742451876401901,4681,1
0.18391487002372742,4682,1
0.14177316427230835,4683,1
0.02702377736568451,4684,1
0.06929944455623627,4685,1
0.03998865559697151,4686,1
0.13361495733261108,4687,1
0.11219733208417892,4688,1
0.21227318048477173,4689,1
0.2917903661727905,4690,1
0.04489322751760483,4691,1
0.02911197766661644,4692,1
0.05219891667366028,4693,1
0.3055044114589691,4694,1
0.17686040699481964,4695,1
0.33925825357437134,4696,1
0.038443803787231445,4697,1
0.05899636819958687,4698,1
0.07761895656585693,4699,1
0.18550345301628113,4700,1
0.2704773545265198,4701,1
0.545457661151886,4702,1
0.05456233769655228,4703,1
0.24141055345535278,4704,1
0.6561365127563477,4705,1
0.14115555584430695,4706,1
0.05185909569263458,4707,1
0.039761483669281006,4708,1
0.042379721999168396,4709,1
0.1392572522163391,4710,1
0.07557681947946548,4711,1
0.046064343303442,4712,1
0.0463114008307457,4713,1
0.08172094821929932,4714,1
0.03151381015777588,4715,1
0.21016469597816467,4716,1
0.04898452013731003,4717,1
0.09066992998123169,4718,1
0.0360848493874073,4719,1
0.04791870713233948,4720,1
0.09912633150815964,4721,1
0.06410438567399979,4722,1
0.14725732803344727,4723,1
0.06657759100198746,4724,1
0.17803479731082916,4725,1
0.15726147592067719,4726,1
0.19228821992874146,4727,1
0.07201910018920898,4728,1
0.09200991690158844,4729,1
0.0703549012541771,4730,1
0.05657543987035751,4731,1
0.10591386258602142,4732,1
0.19035778939723969,4733,1
0.30977967381477356,4734,1
0.10598067939281464,4735,1
0.051975540816783905,4736,1
0.05007817596197128,4737,1
0.08378022164106369,4738,1
0.3687507212162018,4739,1
0.042168475687503815,4740,1
0.07696579396724701,4741,1
0.046969398856163025,4742,1
0.13235124945640564,4743,1
0.2410113364458084,4744,1
0.6467317938804626,4745,1
0.02458150126039982,4746,1
0.037907227873802185,4747,1
0.2237902283668518,4748,1
0.24724715948104858,4749,1
0.08922214061021805,4750,1
0.5005207061767578,4751,1
0.32711273431777954,4752,1
0.1616460680961609,4753,1
0.06823936104774475,4754,1
0.15557131171226501,4755,1
0.029044171795248985,4756,1
0.14552408456802368,4757,1
0.03646106272935867,4758,1
0.1051383838057518,4759,1
0.08449940383434296,4760,1
0.08815066516399384,4761,1
0.03524455428123474,4762,1
0.5176082849502563,4763,1
0.23711448907852173,4764,1
0.1617608368396759,4765,1
0.06520944833755493,4766,1
0.4538571238517761,4767,1
0.04604469984769821,4768,1
0.026146041229367256,4769,1
0.09625333547592163,4770,1
0.09008553624153137,4771,1
0.09233230352401733,4772,1
0.17082332074642181,4773,1
0.1680493950843811,4774,1
0.07211779057979584,4775,1
0.029591621831059456,4776,1
0.03842967376112938,4777,1
0.07854801416397095,4778,1
0.043670907616615295,4779,1
0.22305844724178314,4780,1
0.20484744012355804,4781,1
0.0895565003156662,4782,1
0.03566357120871544,4783,1
0.2225901484489441,4784,1
0.26002398133277893,4785,1
0.03918322175741196,4786,1
0.10342828184366226,4787,1
0.08737201243638992,4788,1
0.40897369384765625,4789,1
0.11900115758180618,4790,1
0.391803115606308,4791,1
0.03817184269428253,4792,1
0.3369866609573364,4793,1
0.05173695832490921,4794,1
0.34610801935195923,4795,1
0.20149926841259003,4796,1
0.2522873282432556,4797,1
0.3362850844860077,4798,1
0.03792965039610863,4799,1
0.108635812997818,4800,1
0.4634675979614258,4801,1
0.48522835969924927,4802,1
0.030377186834812164,4803,1
0.056986626237630844,4804,1
0.03275046497583389,4805,1
0.2842894196510315,4806,1
0.10428130626678467,4807,1
0.04428812861442566,4808,1
0.04133104532957077,4809,1
0.08741122484207153,4810,1
0.06060995161533356,4811,1
0.1322120726108551,4812,1
0.021793553605675697,4813,1
0.17255337536334991,4814,1
0.5396386384963989,4815,1
0.07929994910955429,4816,1
0.09895825386047363,4817,1
0.27634209394454956,4818,1
0.038017638027668,4819,1
0.35803937911987305,4820,1
0.13601496815681458,4821,1
0.04396018758416176,4822,1
0.30575722455978394,4823,1
0.03963179513812065,4824,1
0.03592116758227348,4825,1
0.3132888376712799,4826,1
0.19547754526138306,4827,1
0.3697023093700409,4828,1
0.17641815543174744,4829,1
0.2154293805360794,4830,1
0.06741676479578018,4831,1
0.03878183662891388,4832,1
0.06340735405683517,4833,1
0.03896048292517662,4834,1
0.09399320930242538,4835,1
0.5854970216751099,4836,1
0.0392490029335022,4837,1
0.10237961262464523,4838,1
0.04299351945519447,4839,1
0.05200211703777313,4840,1
0.07915398478507996,4841,1
0.19306842982769012,4842,1
0.12335306406021118,4843,1
0.11158939450979233,4844,1
0.11252769827842712,4845,1
0.092842236161232,4846,1
0.2803754210472107,4847,1
0.21577119827270508,4848,1
0.1732233762741089,4849,1
0.03168492764234543,4850,1
0.13854099810123444,4851,1
0.05770668759942055,4852,1
0.1741766482591629,4853,1
0.14414572715759277,4854,1
0.040366094559431076,4855,1
0.07146760821342468,4856,1
0.0425996258854866,4857,1
0.06418593227863312,4858,1
0.37507015466690063,4859,1
0.0617079995572567,4860,1
0.061012327671051025,4861,1
0.24511729180812836,4862,1
0.14693866670131683,4863,1
0.2049810141324997,4864,1
0.0804729089140892,4865,1
0.1831078827381134,4866,1
0.07533225417137146,4867,1
0.0683218389749527,4868,1
0.03834974393248558,4869,1
0.03276130557060242,4870,1
0.2952730655670166,4871,1
0.11226227879524231,4872,1
0.13704553246498108,4873,1
0.03886288404464722,4874,1
0.05356387048959732,4875,1
0.033895093947649,4876,1
0.07456914335489273,4877,1
0.38792935013771057,4878,1
0.051932912319898605,4879,1
0.08687195926904678,4880,1
0.12392163276672363,4881,1
0.038370873779058456,4882,1
0.11715803295373917,4883,1
0.0593852698802948,4884,1
0.19921907782554626,4885,1
0.020111776888370514,4886,1
0.056891068816185,4887,1
0.17413228750228882,4888,1
0.20170938968658447,4889,1
0.38279297947883606,4890,1
0.0412500724196434,4891,1
0.12119067460298538,4892,1
0.45975548028945923,4893,1
0.17775499820709229,4894,1
0.03329482674598694,4895,1
0.3973213732242584,4896,1
0.3146218955516815,4897,1
0.4287796914577484,4898,1
0.4286971688270569,4899,1
0.11936549842357635,4900,1
0.14125311374664307,4901,1
0.1397847980260849,4902,1
0.04188019037246704,4903,1
0.09384539723396301,4904,1
0.045856066048145294,4905,1
0.1331007331609726,4906,1
0.04624765366315842,4907,1
0.15157394111156464,4908,1
0.2069743424654007,4909,1
0.1201062798500061,4910,1
0.07027167081832886,4911,1
0.2653813362121582,4912,1
0.12522438168525696,4913,1
0.3618620038032532,4914,1
0.047464463859796524,4915,1
0.09022445976734161,4916,1
0.2526629865169525,4917,1
0.03935646265745163,4918,1
0.11301853507757187,4919,1
0.115958072245121,4920,1
0.40985438227653503,4921,1
0.05424866825342178,4922,1
0.06665161997079849,4923,1
0.21904103457927704,4924,1
0.5884587168693542,4925,1
0.10069391876459122,4926,1
0.07385873794555664,4927,1
0.05573514103889465,4928,1
0.13587874174118042,4929,1
0.03592996299266815,4930,1
0.11021482199430466,4931,1
0.23026499152183533,4932,1
0.037056878209114075,4933,1
0.331224650144577,4934,1
0.03836344555020332,4935,1
0.048455677926540375,4936,1
0.10223805159330368,4937,1
0.16514113545417786,4938,1
0.06676711142063141,4939,1
0.04370236396789551,4940,1
0.0452713668346405,4941,1
0.049545690417289734,4942,1
0.45961740612983704,4943,1
0.02997562102973461,4944,1
0.05996979400515556,4945,1
0.03853142634034157,4946,1
0.1660713404417038,4947,1
0.4940055012702942,4948,1
0.08226397633552551,4949,1
0.2776581346988678,4950,1
0.03281888738274574,4951,1
0.3902652859687805,4952,1
0.08334890753030777,4953,1
0.04808565974235535,4954,1
0.049301762133836746,4955,1
0.3038502335548401,4956,1
0.029320383444428444,4957,1
0.033443696796894073,4958,1
0.05714445561170578,4959,1
0.1820046603679657,4960,1
0.039471521973609924,4961,1
0.72585129737854,4962,1
0.04068833589553833,4963,1
0.5155771374702454,4964,1
0.0372876301407814,4965,1
0.08656566590070724,4966,1
0.3767814040184021,4967,1
0.07403510808944702,4968,1
0.040344834327697754,4969,1
0.15346266329288483,4970,1
0.028420303016901016,4971,1
0.026742421090602875,4972,1
0.05855673551559448,4973,1
0.10423030704259872,4974,1
0.03815065324306488,4975,1
0.034789495170116425,4976,1
0.1388889104127884,4977,1
0.07534316927194595,4978,1
0.049211833626031876,4979,1
0.21312423050403595,4980,1
0.1748792827129364,4981,1
0.46724891662597656,4982,1
0.11420677602291107,4983,1
0.03797121345996857,4984,1
0.03328899294137955,4985,1
0.4109518527984619,4986,1
0.09501741081476212,4987,1
0.036458373069763184,4988,1
0.1161467507481575,4989,1
0.49018338322639465,4990,1
0.1107894778251648,4991,1
0.15384936332702637,4992,1
0.08059357851743698,4993,1
0.06066206097602844,4994,1
0.05773119255900383,4995,1
0.26320257782936096,4996,1
0.04036761075258255,4997,1
0.04946417361497879,4998,1
0.2792636454105377,4999,1
0.23218443989753723,5000,1
0.04083210229873657,5001,1
0.030316144227981567,5002,1
0.024054598063230515,5003,1
0.0355629101395607,5004,1
0.03384499251842499,5005,1
0.2941285967826843,5006,1
0.16900968551635742,5007,1
0.1255623996257782,5008,1
0.11017356812953949,5009,1
0.11767081171274185,5010,1
0.03921481966972351,5011,1
0.37291407585144043,5012,1
0.03267059102654457,5013,1
0.025129269808530807,5014,1
0.04292036592960358,5015,1
0.05383993685245514,5016,1
0.05957798659801483,5017,1
0.2857930660247803,5018,1
0.13405755162239075,5019,1
0.04832298308610916,5020,1
0.06994089484214783,5021,1
0.10358450561761856,5022,1
0.07951373606920242,5023,1
0.28122007846832275,5024,1
0.3406978249549866,5025,1
0.04963795095682144,5026,1
0.1677417755126953,5027,1
0.04768967255949974,5028,1
0.03195839747786522,5029,1
0.10216179490089417,5030,1
0.08771471679210663,5031,1
0.20503202080726624,5032,1
0.22954317927360535,5033,1
0.08868463337421417,5034,1
0.11617986112833023,5035,1
0.13463295996189117,5036,1
0.3090604543685913,5037,1
0.4855051338672638,5038,1
0.04788283631205559,5039,1
0.58829665184021,5040,1
0.041235387325286865,5041,1
0.06449419260025024,5042,1
0.0994228944182396,5043,1
0.38570326566696167,5044,1
0.34672459959983826,5045,1
0.0790645033121109,5046,1
0.23297420144081116,5047,1
0.24560417234897614,5048,1
0.06489524990320206,5049,1
0.050761982798576355,5050,1
0.429395467042923,5051,1
0.37281498312950134,5052,1
0.03470738232135773,5053,1
0.035086359828710556,5054,1
0.6946321725845337,5055,1
0.04523972421884537,5056,1
0.10246466845273972,5057,1
0.48139336705207825,5058,1
0.03499738126993179,5059,1
0.036526430398225784,5060,1
0.0648200660943985,5061,1
0.5519300699234009,5062,1
0.06124131754040718,5063,1
0.20473653078079224,5064,1
0.19685162603855133,5065,1
0.38425135612487793,5066,1
0.06118214130401611,5067,1
0.03616690635681152,5068,1
0.032088495790958405,5069,1
0.19438056647777557,5070,1
0.1189778670668602,5071,1
0.4779691696166992,5072,1
0.08130531758069992,5073,1
0.038827620446681976,5074,1
0.09837055951356888,5075,1
0.03855372220277786,5076,1
0.1908142864704132,5077,1
0.037505313754081726,5078,1
0.09286166727542877,5079,1
0.21717417240142822,5080,1
0.21748816967010498,5081,1
0.10190300643444061,5082,1
0.04922390356659889,5083,1
0.03900150954723358,5084,1
0.5407833456993103,5085,1
0.1753499060869217,5086,1
0.08169730752706528,5087,1
0.04809550195932388,5088,1
0.2869931757450104,5089,1
0.42454245686531067,5090,1
0.05667200684547424,5091,1
0.2137192189693451,5092,1
0.028991907835006714,5093,1
0.3881823718547821,5094,1
0.32018133997917175,5095,1
0.33930957317352295,5096,1
0.14024735987186432,5097,1
0.05765394866466522,5098,1
0.11127840727567673,5099,1
0.3860800862312317,5100,1
0.04864458367228508,5101,1
0.18314121663570404,5102,1
0.19154390692710876,5103,1
0.030447740107774734,5104,1
0.12076887488365173,5105,1
0.1053772047162056,5106,1
0.05173807963728905,5107,1
0.028807058930397034,5108,1
0.08180715888738632,5109,1
0.28947776556015015,5110,1
0.21021710336208344,5111,1
0.25553590059280396,5112,1
0.11232322454452515,5113,1
0.13548992574214935,5114,1
0.05380329489707947,5115,1
0.2800068259239197,5116,1
0.12758979201316833,5117,1
0.1535664051771164,5118,1
0.17691507935523987,5119,1
0.3463861048221588,5120,1
0.2678447365760803,5121,1
0.04219009354710579,5122,1
0.20958872139453888,5123,1
0.39526256918907166,5124,1
0.17596650123596191,5125,1
0.13088484108448029,5126,1
0.20759901404380798,5127,1
0.03300467133522034,5128,1
0.1656654328107834,5129,1
0.03274781256914139,5130,1
0.46532678604125977,5131,1
0.034928251057863235,5132,1
0.12205082178115845,5133,1
0.07411585003137589,5134,1
0.15560650825500488,5135,1
0.07631810754537582,5136,1
0.04862498864531517,5137,1
0.05096101760864258,5138,1
0.10645387321710587,5139,1
0.10849489271640778,5140,1
0.20760414004325867,5141,1
0.0711560845375061,5142,1
0.25957927107810974,5143,1
0.28374195098876953,5144,1
0.08003922551870346,5145,1
0.05104526877403259,5146,1
0.057981185615062714,5147,1
0.026523716747760773,5148,1
0.42919212579727173,5149,1
0.14457856118679047,5150,1
0.14909078180789948,5151,1
0.02880876325070858,5152,1
0.06430831551551819,5153,1
0.15311594307422638,5154,1
0.07353141903877258,5155,1
0.029924821108579636,5156,1
0.02559656649827957,5157,1
0.05693776533007622,5158,1
0.31116634607315063,5159,1
0.02116977609694004,5160,1
0.08947727084159851,5161,1
0.21603934466838837,5162,1
0.393469899892807,5163,1
0.09535257518291473,5164,1
0.1535118818283081,5165,1
0.0777568519115448,5166,1
0.29415908455848694,5167,1
0.12084336578845978,5168,1
0.13420982658863068,5169,1
0.029972152784466743,5170,1
0.1650632619857788,5171,1
0.04125375300645828,5172,1
0.04720897972583771,5173,1
0.06629671156406403,5174,1
0.042816534638404846,5175,1
0.26810795068740845,5176,1
0.025067925453186035,5177,1
0.09961239993572235,5178,1
0.03596559911966324,5179,1
0.31025099754333496,5180,1
0.032899416983127594,5181,1
0.028070976957678795,5182,1
0.05191963165998459,5183,1
0.08161508291959763,5184,1
0.1686384081840515,5185,1
0.03034234046936035,5186,1
0.45055198669433594,5187,1
0.44212284684181213,5188,1
0.32595258951187134,5189,1
0.05609576404094696,5190,1
0.3137444257736206,5191,1
0.05537895858287811,5192,1
0.07749505341053009,5193,1
0.049442093819379807,5194,1
0.03179694339632988,5195,1
0.4814697504043579,5196,1
0.023359686136245728,5197,1
0.038665659725666046,5198,1
0.056536901742219925,5199,1
0.1960841715335846,5200,1
0.07938124239444733,5201,1
0.14132066071033478,5202,1
0.20418982207775116,5203,1
0.25687500834465027,5204,1
0.22118887305259705,5205,1
0.040717050433158875,5206,1
0.19356206059455872,5207,1
0.09658760577440262,5208,1
0.04372067749500275,5209,1
0.03241419047117233,5210,1
0.5333026051521301,5211,1
0.0994531512260437,5212,1
0.041842591017484665,5213,1
0.020566992461681366,5214,1
0.06893257051706314,5215,1
0.3570394814014435,5216,1
0.027483459562063217,5217,1
0.040838658809661865,5218,1
0.0435468815267086,5219,1
0.0562756322324276,5220,1
0.4063422679901123,5221,1
0.14544998109340668,5222,1
0.06005347520112991,5223,1
0.06989028304815292,5224,1
0.06651471555233002,5225,1
0.16428601741790771,5226,1
0.054310061037540436,5227,1
0.039866771548986435,5228,1
0.0829107016324997,5229,1
0.031189793720841408,5230,1
0.06247803941369057,5231,1
0.13766643404960632,5232,1
0.6058669090270996,5233,1
0.029429614543914795,5234,1
0.06872399151325226,5235,1
0.09559806436300278,5236,1
0.04524253308773041,5237,1
0.3141418397426605,5238,1
0.3813135623931885,5239,1
0.1281517744064331,5240,1
0.12428327649831772,5241,1
0.1842176616191864,5242,1
0.07555907964706421,5243,1
0.36900168657302856,5244,1
0.06092697009444237,5245,1
0.3456208407878876,5246,1
0.17720945179462433,5247,1
0.21779495477676392,5248,1
0.13473966717720032,5249,1
0.048992693424224854,5250,1
0.05139244347810745,5251,1
0.3183252811431885,5252,1
0.06903915107250214,5253,1
0.06996521353721619,5254,1
0.05863785371184349,5255,1
0.05434621125459671,5256,1
0.02781965211033821,5257,1
0.13132208585739136,5258,1
0.2498972862958908,5259,1
0.2869003415107727,5260,1
0.027746286243200302,5261,1
0.0828581228852272,5262,1
0.11087827384471893,5263,1
0.09737170487642288,5264,1
0.027285723015666008,5265,1
0.04703840613365173,5266,1
0.04585937038064003,5267,1
0.2166866809129715,5268,1
0.045291315764188766,5269,1
0.5581274032592773,5270,1
0.03488266095519066,5271,1
0.33259284496307373,5272,1
0.16587787866592407,5273,1
0.09603843837976456,5274,1
0.18517076969146729,5275,1
0.03491221368312836,5276,1
0.2833220660686493,5277,1
0.031095441430807114,5278,1
0.0314723402261734,5279,1
0.2236589640378952,5280,1
0.2997599244117737,5281,1
0.05136526748538017,5282,1
0.12703825533390045,5283,1
0.05649172514677048,5284,1
0.05462965741753578,5285,1
0.033481910824775696,5286,1
0.0376669280230999,5287,1
0.10102389007806778,5288,1
0.04588291794061661,5289,1
0.06352457404136658,5290,1
0.033633168786764145,5291,1
0.03895443305373192,5292,1
0.05356135591864586,5293,1
0.36669522523880005,5294,1
0.08507350087165833,5295,1
0.032698437571525574,5296,1
0.25780367851257324,5297,1
0.08970494568347931,5298,1
0.10209524631500244,5299,1
0.1307877004146576,5300,1
0.1401570737361908,5301,1
0.15830619633197784,5302,1
0.1611776053905487,5303,1
0.14653901755809784,5304,1
0.06497659534215927,5305,1
0.061021588742733,5306,1
0.04772922396659851,5307,1
0.07618243992328644,5308,1
0.04262441769242287,5309,1
0.06961937993764877,5310,1
0.04277436062693596,5311,1
0.042966343462467194,5312,1
0.1296275407075882,5313,1
0.032176218926906586,5314,1
0.02747909352183342,5315,1
0.14678213000297546,5316,1
0.035157710313797,5317,1
0.09343510121107101,5318,1
0.61189866065979,5319,1
0.5219435095787048,5320,1
0.21233569085597992,5321,1
0.05265464633703232,5322,1
0.031017320230603218,5323,1
0.08051136881113052,5324,1
0.054251473397016525,5325,1
0.2986088693141937,5326,1
0.049711473286151886,5327,1
0.30214834213256836,5328,1
0.137205570936203,5329,1
0.1997225284576416,5330,1
0.043053288012742996,5331,1
0.217020183801651,5332,1
0.02386690117418766,5333,1
0.3067972660064697,5334,1
0.049443572759628296,5335,1
0.2636571526527405,5336,1
0.20822367072105408,5337,1
0.04256148263812065,5338,1
0.22050507366657257,5339,1
0.16082094609737396,5340,1
0.04850168898701668,5341,1
0.0513090081512928,5342,1
0.37598857283592224,5343,1
0.12748531997203827,5344,1
0.3124423027038574,5345,1
0.3211610019207001,5346,1
0.3766815960407257,5347,1
0.43900319933891296,5348,1
0.5423100590705872,5349,1
0.08652933686971664,5350,1
0.03910597413778305,5351,1
0.05000464245676994,5352,1
0.07505542039871216,5353,1
0.04289639741182327,5354,1
0.05906671658158302,5355,1
0.045296356081962585,5356,1
0.03456612676382065,5357,1
0.037600308656692505,5358,1
0.2532387971878052,5359,1
0.43700262904167175,5360,1
0.08944527804851532,5361,1
0.14418688416481018,5362,1
0.3971405029296875,5363,1
0.07657816261053085,5364,1
0.03906844183802605,5365,1
0.3180355727672577,5366,1
0.06815581023693085,5367,1
0.03768474981188774,5368,1
0.517983615398407,5369,1
0.020529985427856445,5370,1
0.13360123336315155,5371,1
0.027313485741615295,5372,1
0.0862366110086441,5373,1
0.028655221685767174,5374,1
0.04936031252145767,5375,1
0.08631269633769989,5376,1
0.1647762805223465,5377,1
0.03267131745815277,5378,1
0.08565624803304672,5379,1
0.06484237313270569,5380,1
0.2584573030471802,5381,1
0.32262206077575684,5382,1
0.22495988011360168,5383,1
0.2903602123260498,5384,1
0.3412705659866333,5385,1
0.019381366670131683,5386,1
0.05175264552235603,5387,1
0.31487974524497986,5388,1
0.15486447513103485,5389,1
0.15101251006126404,5390,1
0.20244541764259338,5391,1
0.0829727053642273,5392,1
0.1288941502571106,5393,1
0.5194278359413147,5394,1
0.05146414786577225,5395,1
0.10391198098659515,5396,1
0.1688048392534256,5397,1
0.3907528817653656,5398,1
0.23702400922775269,5399,1
0.39290836453437805,5400,1
0.03852057084441185,5401,1
0.10655325651168823,5402,1
0.41328057646751404,5403,1
0.3266843557357788,5404,1
0.04736292362213135,5405,1
0.2982728183269501,5406,1
0.021424217149615288,5407,1
0.24032169580459595,5408,1
0.021684102714061737,5409,1
0.2903362810611725,5410,1
0.10135164111852646,5411,1
0.13286828994750977,5412,1
0.0539812371134758,5413,1
0.34704670310020447,5414,1
0.09052020311355591,5415,1
0.4382358193397522,5416,1
0.22693213820457458,5417,1
0.13524983823299408,5418,1
0.059725940227508545,5419,1
0.0565950833261013,5420,1
0.07435562461614609,5421,1
0.38961607217788696,5422,1
0.1188332661986351,5423,1
0.0785127654671669,5424,1
0.04509662091732025,5425,1
0.18960817158222198,5426,1
0.06939952075481415,5427,1
0.05610417202115059,5428,1
0.3039017617702484,5429,1
0.4163176417350769,5430,1
0.033415358513593674,5431,1
0.05571278929710388,5432,1
0.028608717024326324,5433,1
0.040574539452791214,5434,1
0.025652511045336723,5435,1
0.04253368824720383,5436,1
0.14363014698028564,5437,1
0.3906075656414032,5438,1
0.03455623239278793,5439,1
0.30721914768218994,5440,1
0.03738688677549362,5441,1
0.03982235863804817,5442,1
0.40889331698417664,5443,1
0.02163129299879074,5444,1
0.16610881686210632,5445,1
0.08401429653167725,5446,1
0.039969734847545624,5447,1
0.16030392050743103,5448,1
0.2047777771949768,5449,1
0.025105886161327362,5450,1
0.0806942731142044,5451,1
0.036622270941734314,5452,1
0.7304189205169678,5453,1
0.04787810891866684,5454,1
0.2487015277147293,5455,1
0.11344083398580551,5456,1
0.0359346829354763,5457,1
0.3337979018688202,5458,1
0.11397485435009003,5459,1
0.2495465874671936,5460,1
0.053885992616415024,5461,1
0.03816729038953781,5462,1
0.12312798202037811,5463,1
0.4650728404521942,5464,1
0.1251002550125122,5465,1
0.03710116446018219,5466,1
0.12428543716669083,5467,1
0.24781811237335205,5468,1
0.663262128829956,5469,1
0.07172965258359909,5470,1
0.07470188289880753,5471,1
0.3163248300552368,5472,1
0.04542000964283943,5473,1
0.042823150753974915,5474,1
0.03517480939626694,5475,1
0.06097854673862457,5476,1
0.06475724279880524,5477,1
0.08934217691421509,5478,1
0.0252585057169199,5479,1
0.12546482682228088,5480,1
0.0562843382358551,5481,1
0.0966174304485321,5482,1
0.02684156969189644,5483,1
0.3706468641757965,5484,1
0.3808448016643524,5485,1
0.07980044186115265,5486,1
0.07532138377428055,5487,1
0.028141340240836143,5488,1
0.4511895477771759,5489,1
0.05768083035945892,5490,1
0.03634641319513321,5491,1
0.14631405472755432,5492,1
0.050225984305143356,5493,1
0.03724353760480881,5494,1
0.026445996016263962,5495,1
0.026056014001369476,5496,1
0.2186058610677719,5497,1
0.23077499866485596,5498,1
0.0694352388381958,5499,1
0.04577772319316864,5500,1
0.03796002268791199,5501,1
0.06425517797470093,5502,1
0.08225934207439423,5503,1
0.2806973457336426,5504,1
0.036584895104169846,5505,1
0.3993760943412781,5506,1
0.07095570117235184,5507,1
0.049555547535419464,5508,1
0.02987220324575901,5509,1
0.15650564432144165,5510,1
0.046328164637088776,5511,1
0.3266562819480896,5512,1
0.13972212374210358,5513,1
0.10517548024654388,5514,1
0.0662570595741272,5515,1
0.03083011880517006,5516,1
0.07009455561637878,5517,1
0.05384901165962219,5518,1
0.03871190920472145,5519,1
0.23521600663661957,5520,1
0.08757312595844269,5521,1
0.07414528727531433,5522,1
0.07995815575122833,5523,1
0.06900081038475037,5524,1
0.053903937339782715,5525,1
0.04064560681581497,5526,1
0.1237197071313858,5527,1
0.025035478174686432,5528,1
0.2090461254119873,5529,1
0.14824602007865906,5530,1
0.03759777918457985,5531,1
0.34303349256515503,5532,1
0.2374299317598343,5533,1
0.21259354054927826,5534,1
0.6632409691810608,5535,1
0.41621094942092896,5536,1
0.2848428189754486,5537,1
0.5485445857048035,5538,1
0.05720313638448715,5539,1
0.08028446137905121,5540,1
0.06619878113269806,5541,1
0.03579152747988701,5542,1
0.06714718043804169,5543,1
0.029515733942389488,5544,1
0.06750965118408203,5545,1
0.3206970989704132,5546,1
0.47521889209747314,5547,1
0.22972315549850464,5548,1
0.3089747428894043,5549,1
0.1543685346841812,5550,1
0.022874176502227783,5551,1
0.10208261013031006,5552,1
0.041392650455236435,5553,1
0.12944099307060242,5554,1
0.044213298708200455,5555,1
0.03954733535647392,5556,1
0.0416269414126873,5557,1
0.04700145870447159,5558,1
0.5326198935508728,5559,1
0.07982821762561798,5560,1
0.23893339931964874,5561,1
0.02950235828757286,5562,1
0.040351808071136475,5563,1
0.025262372568249702,5564,1
0.30837640166282654,5565,1
0.025099273771047592,5566,1
0.14247183501720428,5567,1
0.12482361495494843,5568,1
0.42669597268104553,5569,1
0.07288277894258499,5570,1
0.04274721071124077,5571,1
0.15455025434494019,5572,1
0.07395073026418686,5573,1
0.15930554270744324,5574,1
0.1784714311361313,5575,1
0.05905952304601669,5576,1
0.07173070311546326,5577,1
0.5373697876930237,5578,2
0.03932692110538483,5579,2
0.09256509691476822,5580,2
0.1035248339176178,5581,2
0.04814592003822327,5582,2
0.2700052857398987,5583,2
0.057485759258270264,5584,2
0.28051045536994934,5585,2
0.488161563873291,5586,2
0.2881689667701721,5587,2
0.08530418574810028,5588,2
0.4348348081111908,5589,2
0.054589662700891495,5590,2
0.06347139179706573,5591,2
0.12411697953939438,5592,2
0.1069331094622612,5593,2
0.05306268110871315,5594,2
0.12115662544965744,5595,2
0.06161641329526901,5596,2
0.2364586591720581,5597,2
0.06824293732643127,5598,2
0.17334547638893127,5599,2
0.0319456048309803,5600,2
0.04750208929181099,5601,2
0.026330623775720596,5602,2
0.48043379187583923,5603,2
0.06016751751303673,5604,2
0.07462538033723831,5605,2
0.24965155124664307,5606,2
0.4790458381175995,5607,2
0.03608514741063118,5608,2
0.07877382636070251,5609,2
0.04883018136024475,5610,2
0.1769404262304306,5611,2
0.04903096333146095,5612,2
0.338889479637146,5613,2
0.07492416352033615,5614,2
0.16209323704242706,5615,2
0.10139608383178711,5616,2
0.03873147815465927,5617,2
0.0525132492184639,5618,2
0.11563645303249359,5619,2
0.08945488184690475,5620,2
0.3794565200805664,5621,2
0.039627548307180405,5622,2
0.2820006012916565,5623,2
0.03249853476881981,5624,2
0.04985494539141655,5625,2
0.08339183032512665,5626,2
0.1926315724849701,5627,2
0.11283522844314575,5628,2
0.03984442353248596,5629,2
0.39163005352020264,5630,2
0.2776816189289093,5631,2
0.35990381240844727,5632,2
0.038167379796504974,5633,2
0.0484231635928154,5634,2
0.564368724822998,5635,2
0.14492768049240112,5636,2
0.07030829787254333,5637,2
0.4842328131198883,5638,2
0.0462217703461647,5639,2
0.5141904950141907,5640,2
0.1962207704782486,5641,2
0.4903363585472107,5642,2
0.04542837291955948,5643,2
0.08274265378713608,5644,2
0.03315553814172745,5645,2
0.07603543251752853,5646,2
0.3561598062515259,5647,2
0.1610492318868637,5648,2
0.12269382923841476,5649,2
0.2428227961063385,5650,2
0.07541552186012268,5651,2
0.03762995824217796,5652,2
0.034625567495822906,5653,2
0.36902034282684326,5654,2
0.041563354432582855,5655,2
0.11657802015542984,5656,2
0.17579789459705353,5657,2
0.17867092788219452,5658,2
0.13056354224681854,5659,2
0.376372754573822,5660,2
0.041187725961208344,5661,2
0.04400385171175003,5662,2
0.04084133356809616,5663,2
0.08255280554294586,5664,2
0.07172264158725739,5665,2
0.3137969672679901,5666,2
0.023630600422620773,5667,2
0.087142713367939,5668,2
0.3392679691314697,5669,2
0.12370369583368301,5670,2
0.33224034309387207,5671,2
0.07141763716936111,5672,2
0.17019295692443848,5673,2
0.16689999401569366,5674,2
0.02199643664062023,5675,2
0.2643561065196991,5676,2
0.02782456763088703,5677,2
0.0308038592338562,5678,2
0.20864564180374146,5679,2
0.25311601161956787,5680,2
0.06108170002698898,5681,2
0.06473156809806824,5682,2
0.03769508749246597,5683,2
0.08239294588565826,5684,2
0.04684305936098099,5685,2
0.07101504504680634,5686,2
0.01810026541352272,5687,2
0.21070930361747742,5688,2
0.030228141695261,5689,2
0.040393561124801636,5690,2
0.025023821741342545,5691,2
0.37836694717407227,5692,2
0.023429203778505325,5693,2
0.24037200212478638,5694,2
0.05483955144882202,5695,2
0.05492764711380005,5696,2
0.07363730669021606,5697,2
0.028178883716464043,5698,2
0.07409755140542984,5699,2
0.027943411841988564,5700,2
0.0481184646487236,5701,2
0.07254254072904587,5702,2
0.1647224873304367,5703,2
0.16395553946495056,5704,2
0.04785317927598953,5705,2
0.7982510924339294,5706,2
0.04293785244226456,5707,2
0.06544336676597595,5708,2
0.03751128911972046,5709,2
0.05108090490102768,5710,2
0.030095405876636505,5711,2
0.028044868260622025,5712,2
0.030836196616292,5713,2
0.22885990142822266,5714,2
0.06197134032845497,5715,2
0.04585050418972969,5716,2
0.030224673449993134,5717,2
0.0777892917394638,5718,2
0.3517822027206421,5719,2
0.2047933042049408,5720,2
0.07069268822669983,5721,2
0.22861503064632416,5722,2
0.03449442982673645,5723,2
0.051303841173648834,5724,2
0.07560795545578003,5725,2
0.18972207605838776,5726,2
0.0609738752245903,5727,2
0.029885096475481987,5728,2
0.05441463366150856,5729,2
0.03286256641149521,5730,2
0.0320570282638073,5731,2
0.04799572750926018,5732,2
0.03595225512981415,5733,2
0.0563388355076313,5734,2
0.04239468276500702,5735,2
0.29290780425071716,5736,2
0.03329518064856529,5737,2
0.05344341695308685,5738,2
0.05563666671514511,5739,2
0.1520281881093979,5740,2
0.03882110118865967,5741,2
0.05485769733786583,5742,2
0.04490731284022331,5743,2
0.07348047941923141,5744,2
0.11437024176120758,5745,2
0.07572361081838608,5746,2
0.18295221030712128,5747,2
0.030997473746538162,5748,2
0.2515881061553955,5749,2
0.037849150598049164,5750,2
0.4289216995239258,5751,2
0.0714971125125885,5752,2
0.11709278076887131,5753,2
0.05651964247226715,5754,2
0.36340025067329407,5755,2
0.041709404438734055,5756,2
0.031088942661881447,5757,2
0.2256474494934082,5758,2
0.04718857258558273,5759,2
0.12064389884471893,5760,2
0.30412420630455017,5761,2
0.07044948637485504,5762,2
0.04732091724872589,5763,2
0.17616787552833557,5764,2
0.30981898307800293,5765,2
0.30045899748802185,5766,2
0.031032612547278404,5767,2
0.07097873091697693,5768,2
0.022457346320152283,5769,2
0.12318092584609985,5770,2
0.3187260329723358,5771,2
0.05564076825976372,5772,2
0.36297523975372314,5773,2
0.04363543540239334,5774,2
0.02404388040304184,5775,2
0.03630482405424118,5776,2
0.02944052219390869,5777,2
0.022980641573667526,5778,2
0.05045124143362045,5779,2
0.07022437453269958,5780,2
0.027995537966489792,5781,2
0.07424432039260864,5782,2
0.0873759537935257,5783,2
0.05242036283016205,5784,2
0.5854362845420837,5785,2
0.036019664257764816,5786,2
0.04639622941613197,5787,2
0.04241057485342026,5788,2
0.04139005392789841,5789,2
0.028255894780158997,5790,2
0.041812993586063385,5791,2
0.050829749554395676,5792,2
0.03563389927148819,5793,2
0.08927527815103531,5794,2
0.04550847411155701,5795,2
0.2042725384235382,5796,2
0.04446938633918762,5797,2
0.02302522398531437,5798,2
0.19887882471084595,5799,2
0.19178177416324615,5800,2
0.218683660030365,5801,2
0.0341317243874073,5802,2
0.08211738616228104,5803,2
0.04709206521511078,5804,2
0.13428086042404175,5805,2
0.09924419969320297,5806,2
0.12898249924182892,5807,2
0.10069016367197037,5808,2
0.3285641670227051,5809,2
0.02511710301041603,5810,2
0.015389679931104183,5811,2
0.017926376312971115,5812,2
0.06354669481515884,5813,2
0.34235119819641113,5814,2
0.057554274797439575,5815,2
0.06706605106592178,5816,2
0.049214959144592285,5817,2
0.028682030737400055,5818,2
0.02216283790767193,5819,2
0.052781712263822556,5820,2
0.046701446175575256,5821,2
0.05346519872546196,5822,2
0.0777902603149414,5823,2
0.02294069342315197,5824,2
0.04176259785890579,5825,2
0.09931708127260208,5826,2
0.04442703723907471,5827,2
0.02842610888183117,5828,2
0.06421712040901184,5829,2
0.11957269161939621,5830,2
0.021098051220178604,5831,2
0.22785837948322296,5832,2
0.34279531240463257,5833,2
0.04447329789400101,5834,2
0.040868744254112244,5835,2
0.0912744551897049,5836,2
0.23183590173721313,5837,2
0.16372597217559814,5838,2
0.07042007148265839,5839,2
0.020610235631465912,5840,2
0.7143572568893433,5841,2
0.1671810746192932,5842,2
0.026608608663082123,5843,2
0.061347588896751404,5844,2
0.0895271897315979,5845,2
0.08897284418344498,5846,2
0.12837371230125427,5847,2
0.21139225363731384,5848,2
0.05133575573563576,5849,2
0.36076620221138,5850,2
0.24894630908966064,5851,2
0.385408878326416,5852,2
0.10744881629943848,5853,2
0.2221047431230545,5854,2
0.4202026128768921,5855,2
0.04667782783508301,5856,2
0.04412934184074402,5857,2
0.028813179582357407,5858,2
0.05651102215051651,5859,2
0.03989730030298233,5860,2
0.4040939509868622,5861,2
0.020904280245304108,5862,2
0.15063385665416718,5863,2
0.03270242363214493,5864,2
0.026971817016601562,5865,2
0.5444563031196594,5866,2
0.05011030286550522,5867,2
0.052104510366916656,5868,2
0.39898934960365295,5869,2
0.04449997842311859,5870,2
0.03181273862719536,5871,2
0.056784629821777344,5872,2
0.02844279818236828,5873,2
0.06895754486322403,5874,2
0.28130340576171875,5875,2
0.22728575766086578,5876,2
0.02472589910030365,5877,2
0.08353428542613983,5878,2
0.02261393517255783,5879,2
0.05350935086607933,5880,2
0.46573349833488464,5881,2
0.11714720726013184,5882,2
0.07787807285785675,5883,2
0.028218992054462433,5884,2
0.03618522360920906,5885,2
0.03266612067818642,5886,2
0.025070417672395706,5887,2
0.056616902351379395,5888,2
0.20582818984985352,5889,2
0.043649572879076004,5890,2
0.09629508852958679,5891,2
0.030714072287082672,5892,2
0.05538064241409302,5893,2
0.045955367386341095,5894,2
0.0954970270395279,5895,2
0.12135437875986099,5896,2
0.24805906414985657,5897,2
0.025440463796257973,5898,2
0.117380291223526,5899,2
0.04697497561573982,5900,2
0.06230060011148453,5901,2
0.07635222375392914,5902,2
0.3804851770401001,5903,2
0.07633265107870102,5904,2
0.09675893187522888,5905,2
0.06713593006134033,5906,2
0.02818101830780506,5907,2
0.0742749571800232,5908,2
0.23422802984714508,5909,2
0.0506400391459465,5910,2
0.014992425218224525,5911,2
0.05655449628829956,5912,2
0.3348601460456848,5913,2
0.02598755806684494,5914,2
0.10457374155521393,5915,2
0.27997028827667236,5916,2
0.024865712970495224,5917,2
0.023564744740724564,5918,2
0.09118115901947021,5919,2
0.6279281973838806,5920,2
0.017334790900349617,5921,2
0.014582804404199123,5922,2
0.020117005333304405,5923,2
0.13893237709999084,5924,2
0.0323762483894825,5925,2
0.05029400438070297,5926,2
0.04466843605041504,5927,2
0.378825306892395,5928,2
0.08016960322856903,5929,2
0.020132429897785187,5930,2
0.029753923416137695,5931,2
0.030933596193790436,5932,2
0.020389337092638016,5933,2
0.25880858302116394,5934,2
0.13529333472251892,5935,2
0.043510422110557556,5936,2
0.16987578570842743,5937,2
0.04373601824045181,5938,2
0.020438993349671364,5939,2
0.33369749784469604,5940,2
0.4219922125339508,5941,2
0.028028838336467743,5942,2
0.04082730785012245,5943,2
0.030248291790485382,5944,2
0.14843785762786865,5945,2
0.07349326461553574,5946,2
0.24191461503505707,5947,2
0.11256006360054016,5948,2
0.05651891231536865,5949,2
0.054358553141355515,5950,2
0.07979288697242737,5951,2
0.028735164552927017,5952,2
0.08692852407693863,5953,2
0.021212629973888397,5954,2
0.27039241790771484,5955,2
0.040493790060281754,5956,2
0.05038144439458847,5957,2
0.03478369861841202,5958,2
0.025664914399385452,5959,2
0.14618170261383057,5960,2
0.05198511853814125,5961,2
0.024772323668003082,5962,2
0.021593976765871048,5963,2
0.19319215416908264,5964,2
0.04717014729976654,5965,2
0.023209113627672195,5966,2
0.0355299636721611,5967,2
0.027264317497611046,5968,2
0.09194953739643097,5969,2
0.039008792489767075,5970,2
0.17754054069519043,5971,2
0.07904474437236786,5972,2
0.024710236117243767,5973,2
0.043603282421827316,5974,2
0.053306128829717636,5975,2
0.42829760909080505,5976,2
0.02557487227022648,5977,2
0.0636739507317543,5978,2
0.14817818999290466,5979,2
0.18383623659610748,5980,2
0.06898526102304459,5981,2
0.06723785400390625,5982,2
0.038125526160001755,5983,2
0.04755681753158569,5984,2
0.2775704264640808,5985,2
0.04990057274699211,5986,2
0.10765689611434937,5987,2
0.08961867541074753,5988,2
0.0901397243142128,5989,2
0.1038711741566658,5990,2
0.25244900584220886,5991,2
0.020713193342089653,5992,2
0.5350225567817688,5993,2
0.06093057245016098,5994,2
0.09170204401016235,5995,2
0.31468135118484497,5996,2
0.03481750935316086,5997,2
0.018925858661532402,5998,2
0.031458284705877304,5999,2
0.018995001912117004,6000,2
0.04523192718625069,6001,2
0.03603845834732056,6002,2
0.08024559915065765,6003,2
0.08912143856287003,6004,2
0.0425739586353302,6005,2
0.0964694619178772,6006,2
0.02813619002699852,6007,2
0.6283951997756958,6008,2
0.40136462450027466,6009,2
0.017847541719675064,6010,2
0.3900308609008789,6011,2
0.09774043411016464,6012,2
0.03128346428275108,6013,2
0.20457695424556732,6014,2
0.02842230349779129,6015,2
0.05066559836268425,6016,2
0.03868220001459122,6017,2
0.03751363232731819,6018,2
0.031077323481440544,6019,2
0.06643567979335785,6020,2
0.02564123086631298,6021,2
0.044510021805763245,6022,2
0.03949350118637085,6023,2
0.02980736270546913,6024,2
0.9071418046951294,6025,2
0.02417389117181301,6026,2
0.19644810259342194,6027,2
0.2005120813846588,6028,2
0.04564381763339043,6029,2
0.028686217963695526,6030,2
0.04650689661502838,6031,2
0.09586486965417862,6032,2
0.129283145070076,6033,2
0.01988053135573864,6034,2
0.07628119736909866,6035,2
0.21050086617469788,6036,2
0.022104661911725998,6037,2
0.25612321496009827,6038,2
0.08215226233005524,6039,2
0.35329464077949524,6040,2
0.1648070514202118,6041,2
0.329742968082428,6042,2
0.05111493915319443,6043,2
0.04025083780288696,6044,2
0.44028154015541077,6045,2
0.11525335162878036,6046,2
0.056319307535886765,6047,2
0.12529128789901733,6048,2
0.027513425797224045,6049,2
0.06472767889499664,6050,2
0.03910194709897041,6051,2
0.02981630526483059,6052,2
0.12532570958137512,6053,2
0.43649670481681824,6054,2
0.03861226141452789,6055,2
0.24061857163906097,6056,2
0.04370756819844246,6057,2
0.03448113799095154,6058,2
0.3769732117652893,6059,2
0.05633334815502167,6060,2
0.2693767845630646,6061,2
0.12406182289123535,6062,2
0.304049015045166,6063,2
0.05828617513179779,6064,2
0.06327978521585464,6065,2
0.02070792391896248,6066,2
0.08104471117258072,6067,2
0.14799250662326813,6068,2
0.047024764120578766,6069,2
0.4172588586807251,6070,2
0.05989702790975571,6071,2
0.02923138253390789,6072,2
0.041944846510887146,6073,2
0.039320431649684906,6074,2
0.020819228142499924,6075,2
0.02848070114850998,6076,2
0.21260397136211395,6077,2
0.17280900478363037,6078,2
0.0365167111158371,6079,2
0.020516688004136086,6080,2
0.08379632234573364,6081,2
0.02577204257249832,6082,2
0.12134164571762085,6083,2
0.09105461090803146,6084,2
0.5592525601387024,6085,2
0.02278319001197815,6086,2
0.052045200020074844,6087,2
0.14223720133304596,6088,2
0.02726985141634941,6089,2
0.02046545222401619,6090,2
0.11739076673984528,6091,2
0.19934113323688507,6092,2
0.023059628903865814,6093,2
0.04197283089160919,6094,2
0.10988593101501465,6095,2
0.2499127984046936,6096,2
0.11539394408464432,6097,2
0.02565896324813366,6098,2
0.17751328647136688,6099,2
0.08784502744674683,6100,2
0.048889148980379105,6101,2
0.1193561851978302,6102,2
0.08823864161968231,6103,2
0.2621990740299225,6104,2
0.21875545382499695,6105,2
0.17177435755729675,6106,2
0.0272880457341671,6107,2
0.04800761491060257,6108,2
0.12095179408788681,6109,2
0.027331434190273285,6110,2
0.0726718083024025,6111,2
0.0964377149939537,6112,2
0.020067747682332993,6113,2
0.24009117484092712,6114,2
0.05151853710412979,6115,2
0.0677286833524704,6116,2
0.1595548689365387,6117,2
0.5525610446929932,6118,2
0.031331080943346024,6119,2
0.039949122816324234,6120,2
0.03314685449004173,6121,2
0.19904270768165588,6122,2
0.10524006932973862,6123,2
0.03800962120294571,6124,2
0.03354611247777939,6125,2
0.08431713283061981,6126,2
0.04883894324302673,6127,2
0.5564659833908081,6128,2
0.030238060280680656,6129,2
0.4826427698135376,6130,2
0.06425276398658752,6131,2
0.11592411994934082,6132,2
0.2531854212284088,6133,2
0.10979869961738586,6134,2
0.09469572454690933,6135,2
0.15810933709144592,6136,2
0.024197876453399658,6137,2
0.06783482432365417,6138,2
0.04633080214262009,6139,2
0.03610200062394142,6140,2
0.2528342306613922,6141,2
0.02689477428793907,6142,2
0.04692477360367775,6143,2
0.19445110857486725,6144,2
0.2842300236225128,6145,2
0.2056100070476532,6146,2
0.030774351209402084,6147,2
0.04105553776025772,6148,2
0.05383417755365372,6149,2
0.0372486375272274,6150,2
0.028337255120277405,6151,2
0.08181523531675339,6152,2
0.05319410562515259,6153,2
0.07988674938678741,6154,2
0.1966319978237152,6155,2
0.02644292265176773,6156,2
0.22766733169555664,6157,2
0.047880515456199646,6158,2
0.018734272569417953,6159,2
0.5061794519424438,6160,2
0.22720377147197723,6161,2
0.17360013723373413,6162,2
0.05865087732672691,6163,2
0.03080781176686287,6164,2
0.19178694486618042,6165,2
0.03387308865785599,6166,2
0.04208262264728546,6167,2
0.0627782940864563,6168,2
0.040430858731269836,6169,2
0.6416085958480835,6170,2
0.023572519421577454,6171,2
0.1863700896501541,6172,2
0.08371046185493469,6173,2
0.03646999970078468,6174,2
0.016681918874382973,6175,2
0.10957309603691101,6176,2
0.08293335139751434,6177,2
0.03557407855987549,6178,2
0.017504114657640457,6179,2
0.034979380667209625,6180,2
0.4672371745109558,6181,2
0.051290255039930344,6182,2
0.04354352504014969,6183,2
0.08946183323860168,6184,2
0.025298701599240303,6185,2
0.05155777186155319,6186,2
0.03503379225730896,6187,2
0.022133005782961845,6188,2
0.061798322945833206,6189,2
0.03312629461288452,6190,2
0.05975664407014847,6191,2
0.04468144103884697,6192,2
0.2428930252790451,6193,2
0.05289159715175629,6194,2
0.021266426891088486,6195,2
0.08694060146808624,6196,2
0.17830628156661987,6197,2
0.02270421013236046,6198,2
0.3865373134613037,6199,2
0.04838491976261139,6200,2
0.017871439456939697,6201,2
0.06547541171312332,6202,2
0.06268061697483063,6203,2
0.034330230206251144,6204,2
0.15352466702461243,6205,2
0.3626006841659546,6206,2
0.38118183612823486,6207,2
0.1678069531917572,6208,2
0.11074654757976532,6209,2
0.023532621562480927,6210,2
0.346709668636322,6211,2
0.30330127477645874,6212,2
0.07035887241363525,6213,2
0.0655955970287323,6214,2
0.018594246357679367,6215,2
0.04911910369992256,6216,2
0.2456376999616623,6217,2
0.10965310037136078,6218,2
0.030614027753472328,6219,2
0.032367367297410965,6220,2
0.2239512801170349,6221,2
0.035197336226701736,6222,2
0.04831758141517639,6223,2
0.02608497627079487,6224,2
0.047075554728507996,6225,2
0.17418766021728516,6226,2
0.043849267065525055,6227,2
0.04314442723989487,6228,2
0.22609637677669525,6229,2
0.31360870599746704,6230,2
0.04184435307979584,6231,2
0.5412812232971191,6232,2
0.08257629722356796,6233,2
0.03321461379528046,6234,2
0.07248327136039734,6235,2
0.08977920562028885,6236,2
0.04260929673910141,6237,2
0.20424868166446686,6238,2
0.023577503859996796,6239,2
0.04234619438648224,6240,2
0.030874159187078476,6241,2
0.027514955028891563,6242,2
0.027534345164895058,6243,2
0.024035200476646423,6244,2
0.11384572833776474,6245,2
0.06398332864046097,6246,2
0.24460972845554352,6247,2
0.06057383120059967,6248,2
0.026321638375520706,6249,2
0.020744718611240387,6250,2
0.01841142028570175,6251,2
0.11833813041448593,6252,2
0.03614826872944832,6253,2
0.02998966909945011,6254,2
0.015573190525174141,6255,2
0.2784217298030853,6256,2
0.043798137456178665,6257,2
0.3409916162490845,6258,2
0.031035926192998886,6259,2
0.06805656105279922,6260,2
0.045634735375642776,6261,2
0.033732540905475616,6262,2
0.3795854151248932,6263,2
0.2079683095216751,6264,2
0.1271509826183319,6265,2
0.05317161977291107,6266,2
0.30538076162338257,6267,2
0.017896290868520737,6268,2
0.12480448931455612,6269,2
0.0941123515367508,6270,2
0.021610355004668236,6271,2
0.05596698075532913,6272,2
0.019439246505498886,6273,2
0.10661544650793076,6274,2
0.03886418417096138,6275,2
0.23576675355434418,6276,2
0.04556315019726753,6277,2
0.02092398889362812,6278,2
0.039385125041007996,6279,2
0.02815411612391472,6280,2
0.04111718758940697,6281,2
0.40549740195274353,6282,2
0.032424263656139374,6283,2
0.08389841020107269,6284,2
0.03483603894710541,6285,2
0.12269219011068344,6286,2
0.20657409727573395,6287,2
0.04240249842405319,6288,2
0.2825213372707367,6289,2
0.021574396640062332,6290,2
0.01493726298213005,6291,2
0.15419037640094757,6292,2
0.244899183511734,6293,2
0.04026160389184952,6294,2
0.021383633837103844,6295,2
0.13366281986236572,6296,2
0.025095177814364433,6297,2
0.03674754127860069,6298,2
0.050146810710430145,6299,2
0.17849797010421753,6300,2
0.05002613738179207,6301,2
0.026614651083946228,6302,2
0.02167453244328499,6303,2
0.08920693397521973,6304,2
0.0224202461540699,6305,2
0.08853384852409363,6306,2
0.05069025233387947,6307,2
0.07225137948989868,6308,2
0.024196596816182137,6309,2
0.13578073680400848,6310,2
0.026994269341230392,6311,2
0.11547651886940002,6312,2
0.1504024863243103,6313,2
0.23023028671741486,6314,2
0.058042511343955994,6315,2
0.01358970906585455,6316,2
0.057004719972610474,6317,2
0.03360171616077423,6318,2
0.03246109187602997,6319,2
0.02632341906428337,6320,2
0.01843780279159546,6321,2
0.020358683541417122,6322,2
0.3164988160133362,6323,2
0.06591442227363586,6324,2
0.18109241127967834,6325,2
0.3203903138637543,6326,2
0.05034276470541954,6327,2
0.12145008146762848,6328,2
0.041824378073215485,6329,2
0.07868698239326477,6330,2
0.013704979792237282,6331,2
0.3293341398239136,6332,2
0.020633243024349213,6333,2
0.05372730642557144,6334,2
0.19263222813606262,6335,2
0.05727382004261017,6336,2
0.059729140251874924,6337,2
0.04521773383021355,6338,2
0.04902036115527153,6339,2
0.7042436599731445,6340,2
0.0395977757871151,6341,2
0.05684511363506317,6342,2
0.04351789504289627,6343,2
0.02209424041211605,6344,2
0.15210705995559692,6345,2
0.15930894017219543,6346,2
0.029647251591086388,6347,2
0.02618710696697235,6348,2
0.025091256946325302,6349,2
0.23580175638198853,6350,2
0.023042883723974228,6351,2
0.09597013890743256,6352,2
0.022978033870458603,6353,2
0.019663702696561813,6354,2
0.22942529618740082,6355,2
0.05036560446023941,6356,2
0.09664015471935272,6357,2
0.027066707611083984,6358,2
0.03481021523475647,6359,2
0.02367173135280609,6360,2
0.5339037179946899,6361,2
0.17292793095111847,6362,2
0.21869370341300964,6363,2
0.025262704119086266,6364,2
0.3169935345649719,6365,2
0.024579180404543877,6366,2
0.3925691545009613,6367,2
0.03103671781718731,6368,2
0.0993194580078125,6369,2
0.02241375483572483,6370,2
0.04914821684360504,6371,2
0.07424884289503098,6372,2
0.05582376942038536,6373,2
0.09345587342977524,6374,2
0.1100800558924675,6375,2
0.05597731098532677,6376,2
0.32494038343429565,6377,2
0.016189076006412506,6378,2
0.022920779883861542,6379,2
0.025698475539684296,6380,2
0.1513785719871521,6381,2
0.7831687927246094,6382,2
0.09312718361616135,6383,2
0.10123428702354431,6384,2
0.024978213012218475,6385,2
0.057991042733192444,6386,2
0.04546276479959488,6387,2
0.0591457299888134,6388,2
0.02960062399506569,6389,2
0.12613578140735626,6390,2
0.050296589732170105,6391,2
0.19522935152053833,6392,2
0.03006008081138134,6393,2
0.09513537585735321,6394,2
0.048264048993587494,6395,2
0.05398867279291153,6396,2
0.07039995491504669,6397,2
0.20245617628097534,6398,2
0.36370721459388733,6399,2
0.02537326142191887,6400,2
0.022694159299135208,6401,2
0.09585829079151154,6402,2
0.09565940499305725,6403,2
0.04063878953456879,6404,2
0.028895899653434753,6405,2
0.028169868513941765,6406,2
0.10618922114372253,6407,2
0.0179471243172884,6408,2
0.4449707567691803,6409,2
0.046185195446014404,6410,2
0.023665089160203934,6411,2
0.3606013357639313,6412,2
0.05042419582605362,6413,2
0.03725766763091087,6414,2
0.01945902779698372,6415,2
0.030642125755548477,6416,2
0.11537691950798035,6417,2
0.015625596046447754,6418,2
0.02405627816915512,6419,2
0.06669049710035324,6420,2
0.12084142118692398,6421,2
0.01970783621072769,6422,2
0.06923694908618927,6423,2
0.05623621493577957,6424,2
0.11354783177375793,6425,2
0.4131608009338379,6426,2
0.040225520730018616,6427,2
0.04739120975136757,6428,2
0.024642491713166237,6429,2
0.05326185002923012,6430,2
0.14618819952011108,6431,2
0.1326933652162552,6432,2
0.021721530705690384,6433,2
0.03264472633600235,6434,2
0.4454091191291809,6435,2
0.15015700459480286,6436,2
0.04450048506259918,6437,2
0.3206803500652313,6438,2
0.019637880846858025,6439,2
0.03188858926296234,6440,2
0.04856836050748825,6441,2
0.03098856285214424,6442,2
0.029150262475013733,6443,2
0.014947687275707722,6444,2
0.05624878779053688,6445,2
0.03222748264670372,6446,2
0.19929976761341095,6447,2
0.19592198729515076,6448,2
0.18773846328258514,6449,2
0.10640639811754227,6450,2
0.1455647051334381,6451,2
0.019904663786292076,6452,2
0.12707287073135376,6453,2
0.02611139975488186,6454,2
0.030876027420163155,6455,2
0.023049768060445786,6456,2
0.20080512762069702,6457,2
0.12033692747354507,6458,2
0.2409982532262802,6459,2
0.06962992250919342,6460,2
0.05733814090490341,6461,2
0.022746199741959572,6462,2
0.07691025733947754,6463,2
0.0362563282251358,6464,2
0.02488168515264988,6465,2
0.20841661095619202,6466,2
0.031245552003383636,6467,2
0.019697178155183792,6468,2
0.01935545541346073,6469,2
0.5452472567558289,6470,2
0.10043840855360031,6471,2
0.010680058039724827,6472,2
0.02759489417076111,6473,2
0.02689213678240776,6474,2
0.05204884707927704,6475,2
0.025666169822216034,6476,2
0.1412532925605774,6477,2
0.07117007672786713,6478,2
0.5019118189811707,6479,2
0.05421654134988785,6480,2
0.04012804105877876,6481,2
0.038985610008239746,6482,2
0.02114160731434822,6483,2
0.24881981313228607,6484,2
0.017786771059036255,6485,2
0.06725307554006577,6486,2
0.17405138909816742,6487,2
0.035365719348192215,6488,2
0.16158422827720642,6489,2
0.029581554234027863,6490,2
0.3033866286277771,6491,2
0.04475649446249008,6492,2
0.051184672862291336,6493,2
0.042310506105422974,6494,2
0.10249681770801544,6495,2
0.07096180319786072,6496,2
0.027016837149858475,6497,2
0.1623734086751938,6498,2
0.031868644058704376,6499,2
0.020588703453540802,6500,2
0.09688669443130493,6501,2
0.0724131390452385,6502,2
0.01957845315337181,6503,2
0.034449249505996704,6504,2
0.04061209410429001,6505,2
0.030267078429460526,6506,2
0.020366590470075607,6507,2
0.5013418197631836,6508,2
0.12100015580654144,6509,2
0.041920006275177,6510,2
0.13170844316482544,6511,2
0.03652146831154823,6512,2
0.42166125774383545,6513,2
0.3480066657066345,6514,2
0.25753894448280334,6515,2
0.023195229470729828,6516,2
0.10498280823230743,6517,2
0.033650919795036316,6518,2
0.03747417777776718,6519,2
0.05567234754562378,6520,2
0.0340617299079895,6521,2
0.0437297523021698,6522,2
0.2766820788383484,6523,2
0.05585927516222,6524,2
0.12994401156902313,6525,2
0.01738607883453369,6526,2
0.01616089791059494,6527,2
0.05068925768136978,6528,2
0.026060529053211212,6529,2
0.03356294706463814,6530,2
0.35974520444869995,6531,2
0.031917739659547806,6532,2
0.08303889632225037,6533,2
0.057504210621118546,6534,2
0.2033793330192566,6535,2
0.016196997836232185,6536,2
0.01858135312795639,6537,2
0.019033920019865036,6538,2
0.17158186435699463,6539,2
0.03242277354001999,6540,2
0.030258644372224808,6541,2
0.3385155498981476,6542,2
0.01706191524863243,6543,2
0.021909033879637718,6544,2
0.0168498232960701,6545,2
0.4294116795063019,6546,2
0.27547043561935425,6547,2
0.016571197658777237,6548,2
0.03777851164340973,6549,2
0.036711663007736206,6550,2
0.025835631415247917,6551,2
0.01674031652510166,6552,2
0.16609272360801697,6553,2
0.5165615081787109,6554,2
0.2681369185447693,6555,2
0.38705331087112427,6556,2
0.08841609209775925,6557,2
0.326938658952713,6558,2
0.06206951290369034,6559,2
0.02778719924390316,6560,2
0.16346193850040436,6561,2
0.09774906933307648,6562,2
0.24605433642864227,6563,2
0.021600285544991493,6564,2
0.035162899643182755,6565,2
0.06900084763765335,6566,2
0.05406644195318222,6567,2
0.3378337621688843,6568,2
0.07658569514751434,6569,2
0.08197981119155884,6570,2
0.030159300193190575,6571,2
0.5705394744873047,6572,2
0.029433615505695343,6573,2
0.034722987562417984,6574,2
0.09936240315437317,6575,2
0.018272187560796738,6576,2
0.01573793962597847,6577,2
0.17879603803157806,6578,2
0.10222514718770981,6579,2
0.16020168364048004,6580,2
0.061092741787433624,6581,2
0.02478037402033806,6582,2
0.06550482660531998,6583,2
0.345031201839447,6584,2
0.02345648966729641,6585,2
0.14052262902259827,6586,2
0.12665146589279175,6587,2
0.11360526084899902,6588,2
0.090994693338871,6589,2
0.047442156821489334,6590,2
0.43410244584083557,6591,2
0.09438151866197586,6592,2
0.1376444399356842,6593,2
0.10951537638902664,6594,2
0.1312544345855713,6595,2
0.3168380856513977,6596,2
0.08404097706079483,6597,2
0.45141467452049255,6598,2
0.018533091992139816,6599,2
0.10796105861663818,6600,2
0.07980131357908249,6601,2
0.0818805992603302,6602,2
0.027411313727498055,6603,2
0.149424210190773,6604,2
0.03173307701945305,6605,2
0.020097533240914345,6606,2
0.07792677730321884,6607,2
0.03270764648914337,6608,2
0.5448272228240967,6609,2
0.06253594160079956,6610,2
0.25530266761779785,6611,2
0.018268924206495285,6612,2
0.022776741534471512,6613,2
0.059914737939834595,6614,2
0.039310164749622345,6615,2
0.33912888169288635,6616,2
0.022636927664279938,6617,2
0.11144979298114777,6618,2
0.0399276427924633,6619,2
0.04676138237118721,6620,2
0.017377648502588272,6621,2
0.09924933314323425,6622,2
0.014362072572112083,6623,2
0.05092298984527588,6624,2
0.0635446161031723,6625,2
0.021060021594166756,6626,2
0.028254924342036247,6627,2
0.18776756525039673,6628,2
0.056831393390893936,6629,2
0.1526079773902893,6630,2
0.028098195791244507,6631,2
0.045040566474199295,6632,2
0.08785960078239441,6633,2
0.06701110303401947,6634,2
0.33017271757125854,6635,2
0.3044682741165161,6636,2
0.03574304282665253,6637,2
0.0678359717130661,6638,2
0.02517789974808693,6639,2
0.19897255301475525,6640,2
0.03144105151295662,6641,2
0.02492712438106537,6642,2
0.03023465909063816,6643,2
0.03082253411412239,6644,2
0.15110643208026886,6645,2
0.06562389433383942,6646,2
0.024539919570088387,6647,2
0.36742421984672546,6648,2
0.023566994816064835,6649,2
0.022632572799921036,6650,2
0.06494191288948059,6651,2
0.066414475440979,6652,2
0.276382178068161,6653,2
0.026371756568551064,6654,2
0.025871973484754562,6655,2
0.08531692624092102,6656,2
0.022673478350043297,6657,2
0.6944299340248108,6658,2
0.0380576066672802,6659,2
0.034224580973386765,6660,2
0.15468448400497437,6661,2
0.30363720655441284,6662,2
0.05194831266999245,6663,2
0.0428929328918457,6664,2
0.023412512615323067,6665,2
0.06721413880586624,6666,2
0.021726388484239578,6667,2
0.03072269633412361,6668,2
0.015166868455708027,6669,2
0.07241688668727875,6670,2
0.018464811146259308,6671,2
0.17900604009628296,6672,2
0.2726941704750061,6673,2
0.016428127884864807,6674,2
0.047332048416137695,6675,2
0.35878315567970276,6676,2
0.05457615852355957,6677,2
0.041435759514570236,6678,2
0.03425639122724533,6679,2
0.08610090613365173,6680,2
0.2456108182668686,6681,2
0.26474902033805847,6682,2
0.04303394630551338,6683,2
0.020490769296884537,6684,2
0.048700615763664246,6685,2
0.19445377588272095,6686,2
0.01860005408525467,6687,2
0.25243040919303894,6688,2
0.09691406786441803,6689,2
0.03259490057826042,6690,2
0.030674315989017487,6691,2
0.305033802986145,6692,2
0.33590438961982727,6693,2
0.02160950005054474,6694,2
0.03663090243935585,6695,2
0.07879503816366196,6696,2
0.10855451971292496,6697,2
0.15730735659599304,6698,2
0.04906446486711502,6699,2
0.06578271836042404,6700,2
0.05881618335843086,6701,2
0.07562284916639328,6702,2
0.07681655883789062,6703,2
0.12537990510463715,6704,2
0.024004464969038963,6705,2
0.026106640696525574,6706,2
0.02818961627781391,6707,2
0.08800545334815979,6708,2
0.020815474912524223,6709,2
0.04207121580839157,6710,2
0.022855503484606743,6711,2
0.033681176602840424,6712,2
0.07247389107942581,6713,2
0.04719249904155731,6714,2
0.11871068179607391,6715,2
0.3755389451980591,6716,2
0.020440327003598213,6717,2
0.04800807684659958,6718,2
0.01710326224565506,6719,2
0.16754421591758728,6720,2
0.06131766736507416,6721,2
0.034237731248140335,6722,2
0.01488665770739317,6723,2
0.0316675528883934,6724,2
0.037971507757902145,6725,2
0.030848130583763123,6726,2
0.08977563679218292,6727,2
0.015717417001724243,6728,2
0.019015608355402946,6729,2
0.023834476247429848,6730,2
0.11956217885017395,6731,2
0.19706054031848907,6732,2
0.25268861651420593,6733,2
0.06503193080425262,6734,2
0.10832968354225159,6735,2
0.021578973159193993,6736,2
0.252841055393219,6737,2
0.011335122399032116,6738,2
0.2360522449016571,6739,2
0.2784179449081421,6740,2
0.038243263959884644,6741,2
0.04608643427491188,6742,2
0.03686913102865219,6743,2
0.06839542090892792,6744,2
0.14795346558094025,6745,2
0.08693796396255493,6746,2
0.03588404133915901,6747,2
0.027094591408967972,6748,2
0.3077184855937958,6749,2
0.12355639785528183,6750,2
0.08262622356414795,6751,2
0.028059720993041992,6752,2
0.3353258967399597,6753,2
0.12451133877038956,6754,2
0.13376283645629883,6755,2
0.48173385858535767,6756,2
0.05208580568432808,6757,2
0.023224474862217903,6758,2
0.315840482711792,6759,2
0.040783822536468506,6760,2
0.039688654243946075,6761,2
0.01841256022453308,6762,2
0.07413206994533539,6763,2
0.1358456164598465,6764,2
0.04515109211206436,6765,2
0.18920360505580902,6766,2
0.12242531031370163,6767,2
0.02662760019302368,6768,2
0.0315154567360878,6769,2
0.019702516496181488,6770,2
0.2538568377494812,6771,2
0.04467727988958359,6772,2
0.13642047345638275,6773,2
0.015521781519055367,6774,2
0.07324979454278946,6775,2
0.07633423805236816,6776,2
0.12152367830276489,6777,2
0.036444924771785736,6778,2
0.049594175070524216,6779,2
0.026487015187740326,6780,2
0.12114732712507248,6781,2
0.030892278999090195,6782,2
0.2026427835226059,6783,2
0.10131600499153137,6784,2
0.03504021465778351,6785,2
0.030614860355854034,6786,2
0.06133861839771271,6787,2
0.06827674806118011,6788,2
0.023873072117567062,6789,2
0.054128557443618774,6790,2
0.031773678958415985,6791,2
0.27959251403808594,6792,2
0.029269838705658913,6793,2
0.014832300134003162,6794,2
0.3450598120689392,6795,2
0.06894880533218384,6796,2
0.4708549380302429,6797,2
0.01717790961265564,6798,2
0.3511389493942261,6799,2
0.04366907477378845,6800,2
0.10407782346010208,6801,2
0.046242788434028625,6802,2
0.19453954696655273,6803,2
0.031974632292985916,6804,2
0.04539870470762253,6805,2
0.2036294937133789,6806,2
0.034818634390830994,6807,2
0.04043858125805855,6808,2
0.02278020605444908,6809,2
0.6369005441665649,6810,2
0.4031020700931549,6811,2
0.07176611572504044,6812,2
0.301345556974411,6813,2
0.01738429069519043,6814,2
0.022639647126197815,6815,2
0.024519558995962143,6816,2
0.05309603735804558,6817,2
0.010101054795086384,6818,2
0.0361037477850914,6819,2
0.016456125304102898,6820,2
0.32043522596359253,6821,2
0.06713175773620605,6822,2
0.03796171396970749,6823,2
0.042850423604249954,6824,2
0.05566681548953056,6825,2
0.01827550306916237,6826,2
0.0734623447060585,6827,2
0.24237126111984253,6828,2
0.08485102653503418,6829,2
0.03173234313726425,6830,2
0.01629582792520523,6831,2
0.02219579741358757,6832,2
0.04471573978662491,6833,2
0.07842397689819336,6834,2
0.08240734040737152,6835,2
0.14114640653133392,6836,2
0.03183015063405037,6837,2
0.2496080845594406,6838,2
0.01761973835527897,6839,2
0.025477128103375435,6840,2
0.02002279832959175,6841,2
0.03997519612312317,6842,2
0.05230148881673813,6843,2
0.10146839916706085,6844,2
0.2885475754737854,6845,2
0.05298035219311714,6846,2
0.339089572429657,6847,2
0.16867384314537048,6848,2
0.4020383059978485,6849,2
0.13479863107204437,6850,2
0.046443939208984375,6851,2
0.2730240225791931,6852,2
0.19873616099357605,6853,2
0.12433469295501709,6854,2
0.02231193147599697,6855,2
0.11997252702713013,6856,2
0.14976412057876587,6857,2
0.29121702909469604,6858,2
0.07487483322620392,6859,2
0.03237617015838623,6860,2
0.0130098145455122,6861,2
0.027421923354268074,6862,2
0.062261488288640976,6863,2
0.19705332815647125,6864,2
0.08013635873794556,6865,2
0.027508936822414398,6866,2
0.0609070286154747,6867,2
0.038008786737918854,6868,2
0.03561171144247055,6869,2
0.032432347536087036,6870,2
0.2202654331922531,6871,2
0.0361117422580719,6872,2
0.029563695192337036,6873,2
0.07629275321960449,6874,2
0.010062864050269127,6875,2
0.020323077216744423,6876,2
0.3086380064487457,6877,2
0.02115163393318653,6878,2
0.02091085910797119,6879,2
0.02639208734035492,6880,2
0.12777471542358398,6881,2
0.019532933831214905,6882,2
0.1023992970585823,6883,2
0.030920028686523438,6884,2
0.06800111383199692,6885,2
0.20195767283439636,6886,2
0.036303289234638214,6887,2
0.019040865823626518,6888,2
0.07419846951961517,6889,2
0.015191963873803616,6890,2
0.41462552547454834,6891,2
0.15472611784934998,6892,2
0.07731904834508896,6893,2
0.4293425381183624,6894,2
0.01978851482272148,6895,2
0.026481084525585175,6896,2
0.043414406478405,6897,2
0.19546067714691162,6898,2
0.07986508309841156,6899,2
0.02143733575940132,6900,2
0.02007940411567688,6901,2
0.1138470396399498,6902,2
0.016829855740070343,6903,2
0.12436769157648087,6904,2
0.12792538106441498,6905,2
0.09662610292434692,6906,2
0.0316920131444931,6907,2
0.11705201864242554,6908,2
0.03128986060619354,6909,2
0.014948608353734016,6910,2
0.013852261006832123,6911,2
0.24020114541053772,6912,2
0.015206933952867985,6913,2
0.051075924187898636,6914,2
0.06901325285434723,6915,2
0.042650725692510605,6916,2
0.027793381363153458,6917,2
0.02720530703663826,6918,2
0.2168245017528534,6919,2
0.019320867955684662,6920,2
0.16074328124523163,6921,2
0.015057632699608803,6922,2
0.010499214753508568,6923,2
0.2815066874027252,6924,2
0.20283080637454987,6925,2
0.04807364195585251,6926,2
0.18377694487571716,6927,2
0.01386377401649952,6928,2
0.10830986499786377,6929,2
0.04809741675853729,6930,2
0.22684048116207123,6931,2
0.019306505098938942,6932,2
0.0183284729719162,6933,2
0.0657743290066719,6934,2
0.33666229248046875,6935,2
0.3077419698238373,6936,2
0.08509387820959091,6937,2
0.050499238073825836,6938,2
0.03152479976415634,6939,2
0.0385855957865715,6940,2
0.06689668446779251,6941,2
0.24862079322338104,6942,2
0.09079891443252563,6943,2
0.0263124518096447,6944,2
0.030773401260375977,6945,2
0.03273620456457138,6946,2
0.10467132925987244,6947,2
0.039109006524086,6948,2
0.02244468778371811,6949,2
0.03790983557701111,6950,2
0.3212567865848541,6951,2
0.02923397161066532,6952,2
0.23841434717178345,6953,2
0.3304555416107178,6954,2
0.18530122935771942,6955,2
0.0444265753030777,6956,2
0.02408592961728573,6957,2
0.02395600453019142,6958,2
0.023867299780249596,6959,2
0.10823135823011398,6960,2
0.0380115807056427,6961,2
0.0194142684340477,6962,2
0.0340445339679718,6963,2
0.03764316439628601,6964,2
0.10354812443256378,6965,2
0.03404170274734497,6966,2
0.023140210658311844,6967,2
0.0858955979347229,6968,2
0.17989231646060944,6969,2
0.0470757931470871,6970,2
0.08468323945999146,6971,2
0.15596339106559753,6972,2
0.25777456164360046,6973,2
0.06538520753383636,6974,2
0.02277551032602787,6975,2
0.016063887625932693,6976,2
0.15180060267448425,6977,2
0.036209478974342346,6978,2
0.016126908361911774,6979,2
0.1699269860982895,6980,2
0.31499195098876953,6981,2
0.25808870792388916,6982,2
0.03592118248343468,6983,2
0.5829461812973022,6984,2
0.2724635899066925,6985,2
0.01851665787398815,6986,2
0.04851606488227844,6987,2
0.04547553509473801,6988,2
0.34481000900268555,6989,2
0.01964971050620079,6990,2
0.0163895096629858,6991,2
0.40140706300735474,6992,2
0.04094875231385231,6993,2
0.310121089220047,6994,2
0.09613417834043503,6995,2
0.31644004583358765,6996,2
0.06575686484575272,6997,2
0.0529901459813118,6998,2
0.1926313191652298,6999,2
0.05538150668144226,7000,2
0.022358998656272888,7001,2
0.029872074723243713,7002,2
0.036641351878643036,7003,2
0.19589264690876007,7004,2
0.03562825173139572,7005,2
0.05062996223568916,7006,2
0.021308278664946556,7007,2
0.02437395229935646,7008,2
0.04567956551909447,7009,2
0.5327131748199463,7010,2
0.03807734698057175,7011,2
0.220405712723732,7012,2
0.06839124113321304,7013,2
0.04197787493467331,7014,2
0.046552542597055435,7015,2
0.02424372360110283,7016,2
0.01760902628302574,7017,2
0.01364461611956358,7018,2
0.10295158624649048,7019,2
0.029233915731310844,7020,2
0.31176087260246277,7021,2
0.010747305117547512,7022,2
0.03554500266909599,7023,2
0.06347532570362091,7024,2
0.045424334704875946,7025,2
0.018106359988451004,7026,2
0.05288679525256157,7027,2
0.025045011192560196,7028,2
0.02974551171064377,7029,2
0.03206485137343407,7030,2
0.018720118328928947,7031,2
0.376442551612854,7032,2
0.018965302035212517,7033,2
0.02314099669456482,7034,2
0.14287179708480835,7035,2
0.04602697864174843,7036,2
0.22924217581748962,7037,2
0.09318806231021881,7038,2
0.03844068571925163,7039,2
0.4273906648159027,7040,2
0.01944972202181816,7041,2
0.13858477771282196,7042,2
0.02521435357630253,7043,2
0.040118828415870667,7044,2
0.020753685384988785,7045,2
0.058902986347675323,7046,2
0.0949045941233635,7047,2
0.020675791427493095,7048,2
0.04093167930841446,7049,2
0.023953573778271675,7050,2
0.01980566792190075,7051,2
0.051887501031160355,7052,2
0.023160196840763092,7053,2
0.009469550102949142,7054,2
0.16880051791667938,7055,2
0.5580890774726868,7056,2
0.13487985730171204,7057,2
0.025182299315929413,7058,2
0.018983036279678345,7059,2
0.03193994611501694,7060,2
0.04609980434179306,7061,2
0.016609231010079384,7062,2
0.03394140303134918,7063,2
0.0362820141017437,7064,2
0.021504320204257965,7065,2
0.3066248893737793,7066,2
0.05738518387079239,7067,2
0.021711213514208794,7068,2
0.07535380125045776,7069,2
0.06921478360891342,7070,2
0.014324326068162918,7071,2
0.037950076162815094,7072,2
0.015690568834543228,7073,2
0.031009545549750328,7074,2
0.029840029776096344,7075,2
0.04832775145769119,7076,2
0.03766907379031181,7077,2
0.047995179891586304,7078,2
0.15998300909996033,7079,2
0.021238025277853012,7080,2
0.016011090949177742,7081,2
0.03445778042078018,7082,2
0.010517175309360027,7083,2
0.28460121154785156,7084,2
0.0675276666879654,7085,2
0.4770045876502991,7086,2
0.014464274980127811,7087,2
0.030840519815683365,7088,2
0.018311144784092903,7089,2
0.5275870561599731,7090,2
0.12820665538311005,7091,2
0.04791102558374405,7092,2
0.010935617610812187,7093,2
0.19074931740760803,7094,2
0.29026371240615845,7095,2
0.01027628593146801,7096,2
0.021700505167245865,7097,2
0.020961111411452293,7098,2
0.0387474000453949,7099,2
0.19199009239673615,7100,2
0.04090772941708565,7101,2
0.12158451229333878,7102,2
0.03261013701558113,7103,2
0.030822554603219032,7104,2
0.12399356812238693,7105,2
0.016754357144236565,7106,2
0.034108005464076996,7107,2
0.021881747990846634,7108,2
0.4186982214450836,7109,2
0.2975991666316986,7110,2
0.03388568013906479,7111,2
0.023495636880397797,7112,2
0.018514923751354218,7113,2
0.06267953664064407,7114,2
0.053467415273189545,7115,2
0.017301790416240692,7116,2
0.0564211905002594,7117,2
0.19639798998832703,7118,2
0.01579645648598671,7119,2
0.042468950152397156,7120,2
0.02767089009284973,7121,2
0.19649720191955566,7122,2
0.39098477363586426,7123,2
0.019129227846860886,7124,2
0.02689780294895172,7125,2
0.32045212388038635,7126,2
0.016676289960741997,7127,2
0.12524859607219696,7128,2
0.01694820635020733,7129,2
0.028519656509160995,7130,2
0.010853152722120285,7131,2
0.3632550835609436,7132,2
0.31669941544532776,7133,2
0.055311717092990875,7134,2
0.08905386924743652,7135,2
0.01554023940116167,7136,2
0.07630143314599991,7137,2
0.26857566833496094,7138,2
0.028746964409947395,7139,2
0.011105449870228767,7140,2
0.022972900420427322,7141,2
0.09413337707519531,7142,2
0.029286082834005356,7143,2
0.02007497102022171,7144,2
0.31003621220588684,7145,2
0.019447462633252144,7146,2
0.08112096786499023,7147,2
0.05414370447397232,7148,2
0.11976981163024902,7149,2
0.028853992000222206,7150,2
0.06583589315414429,7151,2
0.03485974669456482,7152,2
0.008747454732656479,7153,2
0.056243687868118286,7154,2
0.024243179708719254,7155,2
0.038812704384326935,7156,2
0.030758380889892578,7157,2
0.2074851244688034,7158,2
0.020474638789892197,7159,2
0.031021801754832268,7160,2
0.17776928842067719,7161,2
0.08220908045768738,7162,2
0.02745254524052143,7163,2
0.035974759608507156,7164,2
0.13546410202980042,7165,2
0.02113948203623295,7166,2
0.015570275485515594,7167,2
0.015610112808644772,7168,2
0.18288545310497284,7169,2
0.03304431959986687,7170,2
0.059356339275836945,7171,2
0.0541013702750206,7172,2
0.2505873143672943,7173,2
0.3244245648384094,7174,2
0.033807817846536636,7175,2
0.03479714319109917,7176,2
0.04023483395576477,7177,2
0.5000261068344116,7178,2
0.13550274074077606,7179,2
0.20530085265636444,7180,2
0.03802073001861572,7181,2
0.29583922028541565,7182,2
0.02712208963930607,7183,2
0.017034683376550674,7184,2
0.024879034608602524,7185,2
0.06823033839464188,7186,2
0.15380923449993134,7187,2
0.01781369186937809,7188,2
0.11233264207839966,7189,2
0.02029016986489296,7190,2
0.0230511836707592,7191,2
0.013371927663683891,7192,2
0.17668630182743073,7193,2
0.09531335532665253,7194,2
0.022387618198990822,7195,2
0.03240378946065903,7196,2
0.17370273172855377,7197,2
0.020425068214535713,7198,2
0.07884640246629715,7199,2
0.024974005296826363,7200,2
0.03205251321196556,7201,2
0.01320919580757618,7202,2
0.08135878294706345,7203,2
0.2656879425048828,7204,2
0.4307623505592346,7205,2
0.545057475566864,7206,2
0.02386854961514473,7207,2
0.19026723504066467,7208,2
0.02927936054766178,7209,2
0.08319973200559616,7210,2
0.03905981779098511,7211,2
0.08418512344360352,7212,2
0.018231159076094627,7213,2
0.026502642780542374,7214,2
0.4357645511627197,7215,2
0.029392220079898834,7216,2
0.07849359512329102,7217,2
0.027558937668800354,7218,2
0.27647995948791504,7219,2
0.026512479409575462,7220,2
0.025836914777755737,7221,2
0.03463462367653847,7222,2
0.037142835557460785,7223,2
0.12548574805259705,7224,2
0.09480989724397659,7225,2
0.08885730803012848,7226,2
0.09539169073104858,7227,2
0.033216774463653564,7228,2
0.028830505907535553,7229,2
0.20877163112163544,7230,2
0.023186879232525826,7231,2
0.22420945763587952,7232,2
0.08702898770570755,7233,2
0.07283318787813187,7234,2
0.030210528522729874,7235,2
0.015158374793827534,7236,2
0.04573827236890793,7237,2
0.08617018163204193,7238,2
0.015691932290792465,7239,2
0.4033741354942322,7240,2
0.1595536768436432,7241,2
0.10920821130275726,7242,2
0.2508637309074402,7243,2
0.3352103531360626,7244,2
0.27314844727516174,7245,2
0.2753867506980896,7246,2
0.19004443287849426,7247,2
0.026074614375829697,7248,2
0.08458728343248367,7249,2
0.030703328549861908,7250,2
0.3062449097633362,7251,2
0.019168393686413765,7252,2
0.0321570448577404,7253,2
0.29711490869522095,7254,2
0.016209768131375313,7255,2
0.09054815024137497,7256,2
0.10563693940639496,7257,2
0.3878948390483856,7258,2
0.013329289853572845,7259,2
0.03164128586649895,7260,2
0.2237284779548645,7261,2
0.021210823208093643,7262,2
0.03152390196919441,7263,2
0.06202185899019241,7264,2
0.01900636777281761,7265,2
0.04507426545023918,7266,2
0.04069025442004204,7267,2
0.1540573686361313,7268,2
0.036185216158628464,7269,2
0.14477969706058502,7270,2
0.027046378701925278,7271,2
0.02305089309811592,7272,2
0.023008618503808975,7273,2
0.07589250057935715,7274,2
0.05021852254867554,7275,2
0.0620637908577919,7276,2
0.2648624777793884,7277,2
0.449484258890152,7278,2
0.046583473682403564,7279,2
0.03338835388422012,7280,2
0.1377430111169815,7281,2
0.05284057557582855,7282,2
0.10360561311244965,7283,2
0.013202734291553497,7284,2
0.03769146278500557,7285,2
0.07787017524242401,7286,2
0.032406263053417206,7287,2
0.07040580362081528,7288,2
0.21414059400558472,7289,2
0.25984475016593933,7290,2
0.27126187086105347,7291,2
0.02444360964000225,7292,2
0.13317954540252686,7293,2
0.10633672773838043,7294,2
0.02236594259738922,7295,2
0.024002958089113235,7296,2
0.10238838195800781,7297,2
0.030791113153100014,7298,2
0.479769766330719,7299,2
0.24273696541786194,7300,2
0.022832047194242477,7301,2
0.15258227288722992,7302,2
0.02629312127828598,7303,2
0.21713300049304962,7304,2
0.025905519723892212,7305,2
0.04381214827299118,7306,2
0.05134020745754242,7307,2
0.026702191680669785,7308,2
0.13867419958114624,7309,2
0.06555397063493729,7310,2
0.2563687264919281,7311,2
0.06279905885457993,7312,2
0.03787568584084511,7313,2
0.0354013666510582,7314,2
0.8351401090621948,7315,2
0.05373571068048477,7316,2
0.017616499215364456,7317,2
0.02627335675060749,7318,2
0.016126465052366257,7319,2
0.034043461084365845,7320,2
0.1839192807674408,7321,2
0.49355506896972656,7322,2
0.03242087364196777,7323,2
0.03490729629993439,7324,2
0.02452819049358368,7325,2
0.028104329481720924,7326,2
0.14067301154136658,7327,2
0.020040342584252357,7328,2
0.08151619136333466,7329,2
0.03167909011244774,7330,2
0.04320753738284111,7331,2
0.2757022976875305,7332,2
0.02642666921019554,7333,2
0.019868632778525352,7334,2
0.03680067136883736,7335,2
0.04702094942331314,7336,2
0.013809054158627987,7337,2
0.057498447597026825,7338,2
0.025944802910089493,7339,2
0.1071670651435852,7340,2
0.3187915086746216,7341,2
0.10888180136680603,7342,2
0.03473067656159401,7343,2
0.033616308122873306,7344,2
0.05812888965010643,7345,2
0.10563873499631882,7346,2
0.04546820744872093,7347,2
0.09795672446489334,7348,2
0.04069347307085991,7349,2
0.2966991364955902,7350,2
0.016307342797517776,7351,2
0.008467323146760464,7352,2
0.017971936613321304,7353,2
0.021294906735420227,7354,2
0.025051230564713478,7355,2
0.32501351833343506,7356,2
0.050923921167850494,7357,2
0.018951665610074997,7358,2
0.016860177740454674,7359,2
0.03803383558988571,7360,2
0.1920325607061386,7361,2
0.0291542187333107,7362,2
0.01301196776330471,7363,2
0.022606972604990005,7364,2
0.030286962166428566,7365,2
0.02165907993912697,7366,2
0.014863600954413414,7367,2
0.013774837367236614,7368,2
0.01490148063749075,7369,2
0.02885408326983452,7370,2
0.0278647318482399,7371,2
0.1523706465959549,7372,2
0.04067206382751465,7373,2
0.024269580841064453,7374,2
0.058617591857910156,7375,2
0.02122730202972889,7376,2
0.04746730253100395,7377,2
0.016048211604356766,7378,2
0.02747829630970955,7379,2
0.03675668686628342,7380,2
0.285412460565567,7381,2
0.05611523985862732,7382,2
0.12489952892065048,7383,2
0.025938402861356735,7384,2
0.020240411162376404,7385,2
0.02701548859477043,7386,2
0.129669651389122,7387,2
0.041025057435035706,7388,2
0.020988136529922485,7389,2
0.02499743551015854,7390,2
0.7512762546539307,7391,2
0.07778099179267883,7392,2
0.017284974455833435,7393,2
0.0369308739900589,7394,2
0.017809724435210228,7395,2
0.016969189047813416,7396,2
0.016182685270905495,7397,2
0.2323189079761505,7398,2
0.12265918403863907,7399,2
0.011859926395118237,7400,2
0.024784868583083153,7401,2
0.013118261471390724,7402,2
0.03566358983516693,7403,2
0.3721393644809723,7404,2
0.204287588596344,7405,2
0.014560583978891373,7406,2
0.03407477214932442,7407,2
0.38600945472717285,7408,2
0.02812117338180542,7409,2
0.07583427429199219,7410,2
0.018596451729536057,7411,2
0.07530081272125244,7412,2
0.29732784628868103,7413,2
0.04799126088619232,7414,2
0.05050913244485855,7415,2
0.07579594105482101,7416,2
0.023586900904774666,7417,2
0.12386038899421692,7418,2
0.01681491732597351,7419,2
0.2580958902835846,7420,2
0.06672554463148117,7421,2
0.025861505419015884,7422,2
0.3342941701412201,7423,2
0.022532010450959206,7424,2
0.2965337336063385,7425,2
0.3272204101085663,7426,2
0.033902041614055634,7427,2
0.17974211275577545,7428,2
0.03578205034136772,7429,2
0.028150931000709534,7430,2
0.02040852978825569,7431,2
0.059788383543491364,7432,2
0.027812842279672623,7433,2
0.022760141640901566,7434,2
0.12219834327697754,7435,2
0.025614455342292786,7436,2
0.03891803324222565,7437,2
0.021151646971702576,7438,2
0.03875875100493431,7439,2
0.036886006593704224,7440,2
0.020092105492949486,7441,2
0.16820037364959717,7442,2
0.03473135828971863,7443,2
0.06531275063753128,7444,2
0.04458962008357048,7445,2
0.015777649357914925,7446,2
0.04657413437962532,7447,2
0.03733035549521446,7448,2
0.03149889409542084,7449,2
0.030842725187540054,7450,2
0.20044896006584167,7451,2
0.1443152129650116,7452,2
0.17552049458026886,7453,2
0.021883882582187653,7454,2
0.02596760168671608,7455,2
0.023478075861930847,7456,2
0.01600462570786476,7457,2
0.014207432046532631,7458,2
0.053945936262607574,7459,2
0.033180490136146545,7460,2
0.4099099040031433,7461,2
0.03770468384027481,7462,2
0.24089552462100983,7463,2
0.022844765335321426,7464,2
0.1114511787891388,7465,2
0.03164973109960556,7466,2
0.2220645397901535,7467,2
0.014909988269209862,7468,2
0.010835561901330948,7469,2
0.4181551933288574,7470,2
0.025781452655792236,7471,2
0.08130931854248047,7472,2
0.14472509920597076,7473,2
0.07251760363578796,7474,2
0.18323761224746704,7475,2
0.01641569659113884,7476,2
0.05676869675517082,7477,2
0.04399427771568298,7478,2
0.024188591167330742,7479,2
0.07780236005783081,7480,2
0.1732415109872818,7481,2
0.02178250253200531,7482,2
0.11588703095912933,7483,2
0.014471324160695076,7484,2
0.2130841761827469,7485,2
0.02037331461906433,7486,2
0.019538450986146927,7487,2
0.015568990260362625,7488,2
0.018222272396087646,7489,2
0.05885876342654228,7490,2
0.01870610937476158,7491,2
0.14896564185619354,7492,2
0.03045746311545372,7493,2
0.020418712869286537,7494,2
0.015553039498627186,7495,2
0.026808466762304306,7496,2
0.019370034337043762,7497,2
0.014663351699709892,7498,2
0.45990461111068726,7499,2
0.022705083712935448,7500,2
0.2613464593887329,7501,2
0.18038596212863922,7502,2
0.17939145863056183,7503,2
0.24179130792617798,7504,2
0.01908809319138527,7505,2
0.03235679119825363,7506,2
0.01821931079030037,7507,2
0.5184975862503052,7508,2
0.022508349269628525,7509,2
0.07117576897144318,7510,2
0.032516319304704666,7511,2
0.04373177886009216,7512,2
0.024314483627676964,7513,2
0.16380001604557037,7514,2
0.16165731847286224,7515,2
0.03882448747754097,7516,2
0.025684963911771774,7517,2
0.30846846103668213,7518,2
0.17497004568576813,7519,2
0.32258373498916626,7520,2
0.034304358065128326,7521,2
0.050896767526865005,7522,2
0.017854008823633194,7523,2
0.03409197926521301,7524,2
0.01125391386449337,7525,2
0.015154269523918629,7526,2
0.018752871081233025,7527,2
0.016680292785167694,7528,2
0.022373966872692108,7529,2
0.0972432792186737,7530,2
0.061851389706134796,7531,2
0.018994776532053947,7532,2
0.021488618105649948,7533,2
0.35317423939704895,7534,2
0.044196274131536484,7535,2
0.022186540067195892,7536,2
0.03237877041101456,7537,2
0.17352646589279175,7538,2
0.022546932101249695,7539,2
0.04440821334719658,7540,2
0.14184199273586273,7541,2
0.5500114560127258,7542,2
0.033631063997745514,7543,2
0.026110514998435974,7544,2
0.022025281563401222,7545,2
0.09502305835485458,7546,2
0.03905307129025459,7547,2
0.046569980680942535,7548,2
0.3421878218650818,7549,2
0.06260089576244354,7550,2
0.06180786341428757,7551,2
0.023344919085502625,7552,2
0.10941777378320694,7553,2
0.01260554138571024,7554,2
0.023518003523349762,7555,2
0.029072169214487076,7556,2
0.056331247091293335,7557,2
0.018965687602758408,7558,2
0.03910812363028526,7559,2
0.0753975361585617,7560,2
0.027191411703824997,7561,2
0.020716827362775803,7562,2
0.055238276720047,7563,2
0.028899265453219414,7564,2
0.09907735884189606,7565,2
0.20830923318862915,7566,2
0.016199586912989616,7567,2
0.033196475356817245,7568,2
0.058347634971141815,7569,2
0.02083192579448223,7570,2
0.015273546800017357,7571,2
0.020565751940011978,7572,2
0.4415885806083679,7573,2
0.0280105322599411,7574,2
0.09325704723596573,7575,2
0.04271360859274864,7576,2
0.03465208411216736,7577,2
0.07579942047595978,7578,2
0.0607215091586113,7579,2
0.047092486172914505,7580,2
0.03926575928926468,7581,2
0.011573391035199165,7582,2
0.04699351638555527,7583,2
0.12752492725849152,7584,2
0.01709071174263954,7585,2
0.02959822490811348,7586,2
0.05772150307893753,7587,2
0.08440110832452774,7588,2
0.016798175871372223,7589,2
0.01468965969979763,7590,2
0.022385139018297195,7591,2
0.24250318109989166,7592,2
0.04956987500190735,7593,2
0.2755948305130005,7594,2
0.024078011512756348,7595,2
0.05029432475566864,7596,2
0.016826562583446503,7597,2
0.022400274872779846,7598,2
0.021639063954353333,7599,2
0.03821365535259247,7600,2
0.15164415538311005,7601,2
0.018709219992160797,7602,2
0.05550725758075714,7603,2
0.024093830958008766,7604,2
0.028801266103982925,7605,2
0.09139089286327362,7606,2
0.10029648244380951,7607,2
0.013719279319047928,7608,2
0.034948065876960754,7609,2
0.0991169884800911,7610,2
0.01207863911986351,7611,2
0.08569928258657455,7612,2
0.03965900465846062,7613,2
0.02571895718574524,7614,2
0.02008519321680069,7615,2
0.03948278725147247,7616,2
0.014509094879031181,7617,2
0.018825054168701172,7618,2
0.02021738514304161,7619,2
0.03198602795600891,7620,2
0.019987136125564575,7621,2
0.01813923567533493,7622,2
0.034951504319906235,7623,2
0.12959423661231995,7624,2
0.5544512867927551,7625,2
0.3043730556964874,7626,2
0.022878721356391907,7627,2
0.03353099524974823,7628,2
0.2746276259422302,7629,2
0.01695176027715206,7630,2
0.0797063559293747,7631,2
0.3126319348812103,7632,2
0.011574909090995789,7633,2
0.04831816628575325,7634,2
0.017078954726457596,7635,2
0.02250959537923336,7636,2
0.020334038883447647,7637,2
0.030724111944437027,7638,2
0.050697650760412216,7639,2
0.048594508320093155,7640,2
0.3360852003097534,7641,2
0.032966673374176025,7642,2
0.24003836512565613,7643,2
0.013039140030741692,7644,2
0.051554564386606216,7645,2
0.04176076501607895,7646,2
0.4069397449493408,7647,2
0.03112010657787323,7648,2
0.04956543818116188,7649,2
0.011587044224143028,7650,2
0.0245659239590168,7651,2
0.2656604051589966,7652,2
0.032308429479599,7653,2
0.015168849378824234,7654,2
0.04117575287818909,7655,2
0.02467881515622139,7656,2
0.019596032798290253,7657,2
0.01186121441423893,7658,2
0.026952866464853287,7659,2
0.11207178980112076,7660,2
0.01850205287337303,7661,2
0.018992889672517776,7662,2
0.06620687246322632,7663,2
0.01641589030623436,7664,2
0.12031185626983643,7665,2
0.08729439228773117,7666,2
0.25033026933670044,7667,2
0.01532189454883337,7668,2
0.01981690153479576,7669,2
0.018028419464826584,7670,2
0.01791990175843239,7671,2
0.11780594289302826,7672,2
0.3162249028682709,7673,2
0.024672556668519974,7674,2
0.02010493539273739,7675,2
0.016292495653033257,7676,2
0.09415259957313538,7677,2
0.014937995001673698,7678,2
0.02422691509127617,7679,2
0.05268729850649834,7680,2
0.041070275008678436,7681,2
0.04419524595141411,7682,2
0.04253562167286873,7683,2
0.19744440913200378,7684,2
0.06147126108407974,7685,2
0.03379390388727188,7686,2
0.1303577423095703,7687,2
0.1061735451221466,7688,2
0.09928625077009201,7689,2
0.03126702830195427,7690,2
0.02973284386098385,7691,2
0.04895995557308197,7692,2
0.016375882551074028,7693,2
0.02552958019077778,7694,2
0.2784653306007385,7695,2
0.06362054497003555,7696,2
0.012596607208251953,7697,2
0.10311175882816315,7698,2
0.04642821103334427,7699,2
0.023098425939679146,7700,2
0.02687058225274086,7701,2
0.06102170795202255,7702,2
0.02194407768547535,7703,2
0.013310197740793228,7704,2
0.022371497005224228,7705,2
0.030957892537117004,7706,2
0.23619219660758972,7707,2
0.09918329119682312,7708,2
0.011781290173530579,7709,2
0.02323126792907715,7710,2
0.010786603204905987,7711,2
0.011017411947250366,7712,2
0.022346291691064835,7713,2
0.021539684385061264,7714,2
0.05197693780064583,7715,2
0.026456277817487717,7716,2
0.03226316720247269,7717,2
0.20693394541740417,7718,2
0.0778103917837143,7719,2
0.014258036389946938,7720,2
0.021739203482866287,7721,2
0.05530012771487236,7722,2
0.11442147195339203,7723,2
0.39586207270622253,7724,2
0.11418266594409943,7725,2
0.020557552576065063,7726,2
0.019198160618543625,7727,2
0.13214682042598724,7728,2
0.163601353764534,7729,2
0.35385259985923767,7730,2
0.03495846688747406,7731,2
0.25455036759376526,7732,2
0.39236319065093994,7733,2
0.03500765562057495,7734,2
0.01888037845492363,7735,2
0.02073357254266739,7736,2
0.014765836298465729,7737,2
0.21462608873844147,7738,2
0.03982648625969887,7739,2
0.07422731071710587,7740,2
0.03906400129199028,7741,2
0.11475181579589844,7742,2
0.01563730649650097,7743,2
0.01995592564344406,7744,2
0.0373128242790699,7745,2
0.03533875197172165,7746,2
0.02377236820757389,7747,2
0.03574531152844429,7748,2
0.022130943834781647,7749,2
0.2534439265727997,7750,2
0.11280380934476852,7751,2
0.06571988016366959,7752,2
0.028612378984689713,7753,2
0.02656138688325882,7754,2
0.053713358938694,7755,2
0.041732918471097946,7756,2
0.02349073439836502,7757,2
0.14447563886642456,7758,2
0.018404977396130562,7759,2
0.24278894066810608,7760,2
0.01986028626561165,7761,2
0.21164807677268982,7762,2
0.024667711928486824,7763,2
0.04048756882548332,7764,2
0.04751630127429962,7765,2
0.01063952874392271,7766,2
0.06970933824777603,7767,2
0.29059210419654846,7768,2
0.026480160653591156,7769,2
0.016819218173623085,7770,2
0.0668468177318573,7771,2
0.21064431965351105,7772,2
0.023475617170333862,7773,2
0.03295174241065979,7774,2
0.05928255617618561,7775,2
0.017617329955101013,7776,2
0.024161335080862045,7777,2
0.06913678348064423,7778,2
0.4223315417766571,7779,2
0.03506062924861908,7780,2
0.01982424035668373,7781,2
0.013563171029090881,7782,2
0.022914815694093704,7783,2
0.015552924014627934,7784,2
0.015954267233610153,7785,2
0.010356193408370018,7786,2
0.047576237469911575,7787,2
0.021189045161008835,7788,2
0.13968373835086823,7789,2
0.0775204747915268,7790,2
0.049971356987953186,7791,2
0.3462981581687927,7792,2
0.02407841943204403,7793,2
0.13332974910736084,7794,2
0.019077610224485397,7795,2
0.0450051948428154,7796,2
0.041079625487327576,7797,2
0.05310332030057907,7798,2
0.11184807866811752,7799,2
0.23210658133029938,7800,2
0.3498922288417816,7801,2
0.1860685646533966,7802,2
0.08229390531778336,7803,2
0.0569954514503479,7804,2
0.016429947689175606,7805,2
0.026594970375299454,7806,2
0.34240448474884033,7807,2
0.02638564445078373,7808,2
0.037613220512866974,7809,2
0.030271921306848526,7810,2
0.2618182301521301,7811,2
0.2000598907470703,7812,2
0.06584931164979935,7813,2
0.019380971789360046,7814,2
0.13415999710559845,7815,2
0.014386056922376156,7816,2
0.02416064217686653,7817,2
0.03549094498157501,7818,2
0.03694625198841095,7819,2
0.08587203919887543,7820,2
0.14202240109443665,7821,2
0.016536224633455276,7822,2
0.07072827219963074,7823,2
0.07493570446968079,7824,2
0.04113814979791641,7825,2
0.3033565580844879,7826,2
0.017859846353530884,7827,2
0.031501878052949905,7828,2
0.02030850574374199,7829,2
0.034967757761478424,7830,2
0.25271931290626526,7831,2
0.0392366461455822,7832,2
0.0169327761977911,7833,2
0.02770633064210415,7834,2
0.03266040235757828,7835,2
0.03291807696223259,7836,2
0.009454118087887764,7837,2
0.060170069336891174,7838,2
0.02171485498547554,7839,2
0.015581473708152771,7840,2
0.04397262632846832,7841,2
0.03259805217385292,7842,2
0.20800688862800598,7843,2
0.03283611685037613,7844,2
0.03463469445705414,7845,2
0.027396593242883682,7846,2
0.010316135361790657,7847,2
0.0330815464258194,7848,2
0.009013194590806961,7849,2
0.5405965447425842,7850,2
0.03544488549232483,7851,2
0.0249312911182642,7852,2
0.022002387791872025,7853,2
0.23433957993984222,7854,2
0.012955876998603344,7855,2
0.015021810308098793,7856,2
0.01390366442501545,7857,2
0.1398882269859314,7858,2
0.02134222351014614,7859,2
0.016760794445872307,7860,2
0.03896632045507431,7861,2
0.1459115743637085,7862,2
0.020306583493947983,7863,2
0.015486681833863258,7864,2
0.051831454038619995,7865,2
0.01521233282983303,7866,2
0.06412653625011444,7867,2
0.023723384365439415,7868,2
0.09753574430942535,7869,2
0.03376038372516632,7870,2
0.04850534349679947,7871,2
0.015958841890096664,7872,2
0.045319508761167526,7873,2
0.058870427310466766,7874,2
0.05892466381192207,7875,2
0.03250495716929436,7876,2
0.032550666481256485,7877,2
0.07632891088724136,7878,2
0.05262761935591698,7879,2
0.13790564239025116,7880,2
0.020805958658456802,7881,2
0.016212262213230133,7882,2
0.026267211884260178,7883,2
0.017944108694791794,7884,2
0.0186814796179533,7885,2
0.025369470939040184,7886,2
0.03742260858416557,7887,2
0.032737549394369125,7888,2
0.008538195863366127,7889,2
0.012423088774085045,7890,2
0.05566895008087158,7891,2
0.0809130072593689,7892,2
0.377067506313324,7893,2
0.015332343056797981,7894,2
0.2780584990978241,7895,2
0.1354544311761856,7896,2
0.02271101623773575,7897,2
0.019284764304757118,7898,2
0.02385842427611351,7899,2
0.07926435023546219,7900,2
0.009905129671096802,7901,2
0.015381698496639729,7902,2
0.2551966905593872,7903,2
0.08703283220529556,7904,2
0.026223493739962578,7905,2
0.01812077686190605,7906,2
0.0189838744699955,7907,2
0.032387588173151016,7908,2
0.03176752105355263,7909,2
0.010851239785552025,7910,2
0.2222748100757599,7911,2
0.9024272561073303,7912,2
0.055734798312187195,7913,2
0.041533906012773514,7914,2
0.3051282465457916,7915,2
0.014595208689570427,7916,2
0.025365270674228668,7917,2
0.02246817946434021,7918,2
0.015068904496729374,7919,2
0.28345274925231934,7920,2
0.032708294689655304,7921,2
0.3286435306072235,7922,2
0.08483085036277771,7923,2
0.21280589699745178,7924,2
0.01644529402256012,7925,2
0.020520813763141632,7926,2
0.10517878830432892,7927,2
0.2632260322570801,7928,2
0.010429290123283863,7929,2
0.021569978445768356,7930,2
0.029431970790028572,7931,2
0.11890991032123566,7932,2
0.2436617612838745,7933,2
0.021372999995946884,7934,2
0.05232615023851395,7935,2
0.04429321363568306,7936,2
0.20917434990406036,7937,2
0.06899037212133408,7938,2
0.03017512895166874,7939,2
0.015731092542409897,7940,2
0.02603224664926529,7941,2
0.0905822366476059,7942,2
0.4571009576320648,7943,2
0.24115437269210815,7944,2
0.023260165005922318,7945,2
0.015165457502007484,7946,2
0.02295200526714325,7947,2
0.187526136636734,7948,2
0.030774228274822235,7949,2
0.03660164773464203,7950,2
0.04776699095964432,7951,2
0.022813376039266586,7952,2
0.014692109078168869,7953,2
0.029870234429836273,7954,2
0.018919922411441803,7955,2
0.014012272469699383,7956,2
0.3280155062675476,7957,2
0.24423058331012726,7958,2
0.2923925817012787,7959,2
0.026016956195235252,7960,2
0.06338372081518173,7961,2
0.020381251350045204,7962,2
0.3058355748653412,7963,2
0.2532685101032257,7964,2
0.031295567750930786,7965,2
0.1090393140912056,7966,2
0.027775892987847328,7967,2
0.07951479405164719,7968,2
0.39162224531173706,7969,2
0.3577493131160736,7970,2
0.031165316700935364,7971,2
0.033797282725572586,7972,2
0.13969720900058746,7973,2
0.04115027189254761,7974,2
0.031044693663716316,7975,2
0.027363277971744537,7976,2
0.015627354383468628,7977,2
0.13639459013938904,7978,2
0.0475640743970871,7979,2
0.16735060513019562,7980,2
0.029520951211452484,7981,2
0.28655537962913513,7982,2
0.5995545983314514,7983,2
0.2525319457054138,7984,2
0.016384398564696312,7985,2
0.031090252101421356,7986,2
0.022511841729283333,7987,2
0.024476967751979828,7988,2
0.34660419821739197,7989,2
0.057433538138866425,7990,2
0.03227246552705765,7991,2
0.0498032346367836,7992,2
0.05627993866801262,7993,2
0.479759156703949,7994,2
0.18313470482826233,7995,2
0.04274313151836395,7996,2
0.020172541961073875,7997,2
0.028207896277308464,7998,2
0.017774496227502823,7999,2
0.026344435289502144,8000,2
0.03840198367834091,8001,2
0.026335444301366806,8002,2
0.025800717994570732,8003,2
0.3419595956802368,8004,2
0.04205342382192612,8005,2
0.018636144697666168,8006,2
0.028915250673890114,8007,2
0.010438590310513973,8008,2
0.4231434464454651,8009,2
0.02229710854589939,8010,2
0.03067292645573616,8011,2
0.03535769134759903,8012,2
0.029060743749141693,8013,2
0.04579860717058182,8014,2
0.13252535462379456,8015,2
0.3228815793991089,8016,2
0.032066188752651215,8017,2
0.056959111243486404,8018,2
0.2601062059402466,8019,2
0.011763346381485462,8020,2
0.2890714406967163,8021,2
0.016176780685782433,8022,2
0.02617454156279564,8023,2
0.016589323058724403,8024,2
0.22762592136859894,8025,2
0.015761373564600945,8026,2
0.07286770641803741,8027,2
0.010958206839859486,8028,2
0.14621849358081818,8029,2
0.2896227240562439,8030,2
0.07126568257808685,8031,2
0.11586008220911026,8032,2
0.014224639162421227,8033,2
0.04591984301805496,8034,2
0.013658913783729076,8035,2
0.2025679349899292,8036,2
0.012326028198003769,8037,2
0.01770433783531189,8038,2
0.34559163451194763,8039,2
0.025925414636731148,8040,2
0.027022842317819595,8041,2
0.02531605027616024,8042,2
0.42240139842033386,8043,2
0.22684530913829803,8044,2
0.09085170924663544,8045,2
0.20787976682186127,8046,2
0.24951417744159698,8047,2
0.03628025949001312,8048,2
0.24948666989803314,8049,2
0.018301786854863167,8050,2
0.2082550972700119,8051,2
0.07987556606531143,8052,2
0.04548623412847519,8053,2
0.23023328185081482,8054,2
0.02082773670554161,8055,2
0.034511499106884,8056,2
0.02242342382669449,8057,2
0.029883814975619316,8058,2
0.01853233017027378,8059,2
0.01730482652783394,8060,2
0.016804158687591553,8061,2
0.1675664335489273,8062,2
0.030223524197936058,8063,2
0.024171840399503708,8064,2
0.11286419630050659,8065,2
0.061709772795438766,8066,2
0.1746516227722168,8067,2
0.10214020311832428,8068,2
0.01871739700436592,8069,2
0.030983401462435722,8070,2
0.015109848231077194,8071,2
0.23925462365150452,8072,2
0.024409227073192596,8073,2
0.019351741299033165,8074,2
0.015170952305197716,8075,2
0.12479427456855774,8076,2
0.030660055577754974,8077,2
0.11739037930965424,8078,2
0.05109766125679016,8079,2
0.052583321928977966,8080,2
0.038724422454833984,8081,2
0.14171941578388214,8082,2
0.013410119339823723,8083,2
0.04683820530772209,8084,2
0.020453140139579773,8085,2
0.07049111276865005,8086,2
0.011811256408691406,8087,2
0.01666569896042347,8088,2
0.0278448686003685,8089,2
0.03502488508820534,8090,2
0.38385918736457825,8091,2
0.025888901203870773,8092,2
0.02249840274453163,8093,2
0.028055015951395035,8094,2
0.030528519302606583,8095,2
0.1199239045381546,8096,2
0.019270068034529686,8097,2
0.08247379958629608,8098,2
0.3688441514968872,8099,2
0.01910681463778019,8100,2
0.01219327375292778,8101,2
0.013828516006469727,8102,2
0.04580757021903992,8103,2
0.015024129301309586,8104,2
0.015348246321082115,8105,2
0.03837807476520538,8106,2
0.07925556600093842,8107,2
0.017110006883740425,8108,2
0.08775642514228821,8109,2
0.028646070510149002,8110,2
0.020099297165870667,8111,2
0.022051002830266953,8112,2
0.01471752393990755,8113,2
0.011426756158471107,8114,2
0.1363946795463562,8115,2
0.04426136612892151,8116,2
0.03616209328174591,8117,2
0.1339133083820343,8118,2
0.12773250043392181,8119,2
0.030800161883234978,8120,2
0.02003416232764721,8121,2
0.03586035966873169,8122,2
0.0696791559457779,8123,2
0.015388671308755875,8124,2
0.012202786281704903,8125,2
0.009467912837862968,8126,2
0.022435413673520088,8127,2
0.03153621777892113,8128,2
0.16127827763557434,8129,2
0.020968452095985413,8130,2
0.0074301473796367645,8131,2
0.02397792786359787,8132,2
0.042911745607852936,8133,2
0.03322984650731087,8134,2
0.03300181031227112,8135,2
0.022869884967803955,8136,2
0.12999778985977173,8137,2
0.03093073144555092,8138,2
0.025866657495498657,8139,2
0.029836323112249374,8140,2
0.13481660187244415,8141,2
0.02966739982366562,8142,2
0.027412276715040207,8143,2
0.02223127707839012,8144,2
0.020359817892313004,8145,2
0.33946242928504944,8146,2
0.024821363389492035,8147,2
0.012420203536748886,8148,2
0.22627268731594086,8149,2
0.017872925847768784,8150,2
0.7539058923721313,8151,2
0.014362698420882225,8152,2
0.025897502899169922,8153,2
0.01276974007487297,8154,2
0.015822064131498337,8155,2
0.010422995314002037,8156,2
0.017872873693704605,8157,2
0.020679648965597153,8158,2
0.014299295842647552,8159,2
0.07725848257541656,8160,2
0.020236752927303314,8161,2
0.032326407730579376,8162,2
0.11563384532928467,8163,2
0.41378575563430786,8164,2
0.018352996557950974,8165,2
0.025476578623056412,8166,2
0.022672733291983604,8167,2
0.11063022166490555,8168,2
0.29869651794433594,8169,2
0.018734324723482132,8170,2
0.05683868005871773,8171,2
0.01580900326371193,8172,2
0.025354525074362755,8173,2
0.247428759932518,8174,2
0.010152691975235939,8175,2
0.02741384133696556,8176,2
0.012740036472678185,8177,2
0.26808327436447144,8178,2
0.08602458238601685,8179,2
0.020705953240394592,8180,2
0.15380457043647766,8181,2
0.09459976851940155,8182,2
0.07898345589637756,8183,2
0.014118156395852566,8184,2
0.021869730204343796,8185,2
0.0134122921153903,8186,2
0.030483141541481018,8187,2
0.009407633915543556,8188,2
0.021987898275256157,8189,2
0.1420777291059494,8190,2
0.1243666559457779,8191,2
0.08922679722309113,8192,2
0.014851246029138565,8193,2
0.018341027200222015,8194,2
0.031889308243989944,8195,2
0.04694007709622383,8196,2
0.01890566386282444,8197,2
0.02494099736213684,8198,2
0.015293831005692482,8199,2
0.019459838047623634,8200,2
0.0348026379942894,8201,2
0.0642353817820549,8202,2
0.023282214999198914,8203,2
0.02501465007662773,8204,2
0.018630417063832283,8205,2
0.030257366597652435,8206,2
0.3890403211116791,8207,2
0.03429049998521805,8208,2
0.05463845282793045,8209,2
0.02366432547569275,8210,2
0.014479615725576878,8211,2
0.045699264854192734,8212,2
0.34919512271881104,8213,2
0.06380196660757065,8214,2
0.03366982936859131,8215,2
0.01813753880560398,8216,2
0.018290625885128975,8217,2
0.17262566089630127,8218,2
0.015803873538970947,8219,2
0.03605687618255615,8220,2
0.02297069877386093,8221,2
0.017168840393424034,8222,2
0.014264274388551712,8223,2
0.32343608140945435,8224,2
0.01850326545536518,8225,2
0.05803557112812996,8226,2
0.060440048575401306,8227,2
0.04748360812664032,8228,2
0.008069072850048542,8229,2
0.03540525212883949,8230,2
0.00885624997317791,8231,2
0.021543314680457115,8232,2
0.010698000900447369,8233,2
0.021066753193736076,8234,2
0.04671328142285347,8235,2
0.2952037453651428,8236,2
0.08424028754234314,8237,2
0.032992973923683167,8238,2
0.5422742366790771,8239,2
0.019758902490139008,8240,2
0.043811965733766556,8241,2
0.07938814908266068,8242,2
0.051236432045698166,8243,2
0.01765335723757744,8244,2
0.01755528524518013,8245,2
0.018832657486200333,8246,2
0.012768162414431572,8247,2
0.011226355098187923,8248,2
0.014001981355249882,8249,2
0.014212070032954216,8250,2
0.10506352037191391,8251,2
0.026368627324700356,8252,2
0.029512833803892136,8253,2
0.3412008285522461,8254,2
0.37438395619392395,8255,2
0.09059406816959381,8256,2
0.03752080351114273,8257,2
0.014806841500103474,8258,2
0.24202501773834229,8259,2
0.4197264015674591,8260,2
0.0867956280708313,8261,2
0.2450435608625412,8262,2
0.021606961265206337,8263,2
0.03399350866675377,8264,2
0.03629572317004204,8265,2
0.045713871717453,8266,2
0.03921894356608391,8267,2
0.06457366794347763,8268,2
0.2053903192281723,8269,2
0.022133730351924896,8270,2
0.021685972809791565,8271,2
0.019301123917102814,8272,2
0.012449042871594429,8273,2
0.0192339438945055,8274,2
0.22159646451473236,8275,2
0.13316920399665833,8276,2
0.012851537205278873,8277,2
0.024532504379749298,8278,2
0.1106553003191948,8279,2
0.02764650247991085,8280,2
0.024869877845048904,8281,2
0.06136123090982437,8282,2
0.01660996302962303,8283,2
0.07326114177703857,8284,2
0.058557383716106415,8285,2
0.06624217331409454,8286,2
0.02177121676504612,8287,2
0.029978573322296143,8288,2
0.022374823689460754,8289,2
0.013287307694554329,8290,2
0.027074195444583893,8291,2
0.04385599493980408,8292,2
0.014690037816762924,8293,2
0.11770825833082199,8294,2
0.03690275549888611,8295,2
0.0642765462398529,8296,2
0.02898697555065155,8297,2
0.019655214622616768,8298,2
0.01076754741370678,8299,2
0.01707291789352894,8300,2
0.018106818199157715,8301,2
0.025045495480298996,8302,2
0.0239588413387537,8303,2
0.1641174852848053,8304,2
0.03982952982187271,8305,2
0.015453223139047623,8306,2
0.09989740699529648,8307,2
0.2891371548175812,8308,2
0.39673474431037903,8309,2
0.2072824239730835,8310,2
0.0213051438331604,8311,2
0.03248903527855873,8312,2
0.0677359327673912,8313,2
0.011571444571018219,8314,2
0.03167296573519707,8315,2
0.03659037500619888,8316,2
0.2505870461463928,8317,2
0.3083150386810303,8318,2
0.22654303908348083,8319,2
0.012628923170268536,8320,2
0.03839612007141113,8321,2
0.00663513969630003,8322,2
0.02145051211118698,8323,2
0.009791114367544651,8324,2
0.013659488409757614,8325,2
0.23176732659339905,8326,2
0.26291632652282715,8327,2
0.09620237350463867,8328,2
0.02306155487895012,8329,2
0.058668412268161774,8330,2
0.013852939009666443,8331,2
0.2914403975009918,8332,2
0.012733662500977516,8333,2
0.5428924560546875,8334,2
0.10382834821939468,8335,2
0.039649225771427155,8336,2
0.01795252598822117,8337,2
0.017484160140156746,8338,2
0.0617121085524559,8339,2
0.02519921399652958,8340,2
0.009510453790426254,8341,2
0.08434442430734634,8342,2
0.03629091754555702,8343,2
0.02397928759455681,8344,2
0.2436668425798416,8345,2
0.009587030857801437,8346,2
0.021747708320617676,8347,2
0.01673828810453415,8348,2
0.08107072114944458,8349,2
0.025578580796718597,8350,2
0.11804160475730896,8351,2
0.015456488355994225,8352,2
0.32720640301704407,8353,2
0.02012207731604576,8354,2
0.16488033533096313,8355,2
0.030209006741642952,8356,2
0.023984026163816452,8357,2
0.016370823606848717,8358,2
0.014841792173683643,8359,2
0.029090946540236473,8360,2
0.017200864851474762,8361,2
0.017464755102992058,8362,2
0.023661740124225616,8363,2
0.015676386654376984,8364,2
0.018409363925457,8365,2
0.02141043357551098,8366,2
0.6226989030838013,8367,3
0.04959239065647125,8368,3
0.020444970577955246,8369,3
0.018014434725046158,8370,3
0.022668659687042236,8371,3
0.09524074196815491,8372,3
0.00971980020403862,8373,3
0.03189681097865105,8374,3
0.426250696182251,8375,3
0.01496629137545824,8376,3
0.05883116275072098,8377,3
0.04821345955133438,8378,3
0.017730481922626495,8379,3
0.019133692607283592,8380,3
0.02352827414870262,8381,3
0.06629794090986252,8382,3
0.45794668793678284,8383,3
0.3938450217247009,8384,3
0.028067687526345253,8385,3
0.0312785878777504,8386,3
0.013955552130937576,8387,3
0.30145078897476196,8388,3
0.016116203740239143,8389,3
0.025138411670923233,8390,3
0.028989277780056,8391,3
0.021611064672470093,8392,3
0.14313295483589172,8393,3
0.01670990139245987,8394,3
0.020900826901197433,8395,3
0.016639169305562973,8396,3
0.015293308533728123,8397,3
0.022564755752682686,8398,3
0.012284881435334682,8399,3
0.29582324624061584,8400,3
0.028734249994158745,8401,3
0.037906840443611145,8402,3
0.02212803065776825,8403,3
0.015002979896962643,8404,3
0.32446035742759705,8405,3
0.01030833087861538,8406,3
0.20606659352779388,8407,3
0.03772461786866188,8408,3
0.01928025111556053,8409,3
0.11231453716754913,8410,3
0.2905362844467163,8411,3
0.03447560966014862,8412,3
0.01428959984332323,8413,3
0.01716117560863495,8414,3
0.01849319413304329,8415,3
0.017788542434573174,8416,3
0.024175975471735,8417,3
0.3922460675239563,8418,3
0.043046772480010986,8419,3
0.007552258670330048,8420,3
0.2963380217552185,8421,3
0.3047524094581604,8422,3
0.01625853031873703,8423,3
0.03832310438156128,8424,3
0.0492667555809021,8425,3
0.10641641169786453,8426,3
0.2368035465478897,8427,3
0.06737647950649261,8428,3
0.018789643421769142,8429,3
0.01378689892590046,8430,3
0.046767499297857285,8431,3
0.41232848167419434,8432,3
0.021494626998901367,8433,3
0.10794275999069214,8434,3
0.05704094097018242,8435,3
0.22338585555553436,8436,3
0.346979022026062,8437,3
0.012073246762156487,8438,3
0.012981228530406952,8439,3
0.011023785918951035,8440,3
0.01589544117450714,8441,3
0.1442761868238449,8442,3
0.1842036247253418,8443,3
0.014071072451770306,8444,3
0.09424076974391937,8445,3
0.0833510160446167,8446,3
0.30347925424575806,8447,3
0.20981678366661072,8448,3
0.012027321383357048,8449,3
0.013592764735221863,8450,3
0.022914497181773186,8451,3
0.13546572625637054,8452,3
0.07055023312568665,8453,3
0.03113432228565216,8454,3
0.019156567752361298,8455,3
0.013103781268000603,8456,3
0.03759322315454483,8457,3
0.0216275192797184,8458,3
0.016559887677431107,8459,3
0.06552385538816452,8460,3
0.016926249489188194,8461,3
0.021682756021618843,8462,3
0.024320650845766068,8463,3
0.014050919562578201,8464,3
0.4002859592437744,8465,3
0.0329272523522377,8466,3
0.016010001301765442,8467,3
0.036546170711517334,8468,3
0.010004610754549503,8469,3
0.01468602567911148,8470,3
0.02665739133954048,8471,3
0.020658839493989944,8472,3
0.42739659547805786,8473,3
0.3203255534172058,8474,3
0.01366536132991314,8475,3
0.02110537886619568,8476,3
0.014309446327388287,8477,3
0.008819429203867912,8478,3
0.02517382800579071,8479,3
0.10158752650022507,8480,3
0.05035359784960747,8481,3
0.018325015902519226,8482,3
0.030498826876282692,8483,3
0.020554177463054657,8484,3
0.01376309059560299,8485,3
0.015146547928452492,8486,3
0.02033204212784767,8487,3
0.015478264540433884,8488,3
0.40492817759513855,8489,3
0.01778598502278328,8490,3
0.015762683004140854,8491,3
0.016500841826200485,8492,3
0.030896861106157303,8493,3
0.03954862430691719,8494,3
0.014185667037963867,8495,3
0.013484228402376175,8496,3
0.05895930528640747,8497,3
0.012921377085149288,8498,3
0.013586783781647682,8499,3
0.04318723827600479,8500,3
0.009542116895318031,8501,3
0.1219843327999115,8502,3
0.009467043913900852,8503,3
0.06175858527421951,8504,3
0.21178539097309113,8505,3
0.3591011166572571,8506,3
0.05064094439148903,8507,3
0.007300563156604767,8508,3
0.01455941516906023,8509,3
0.0268936175853014,8510,3
0.26771244406700134,8511,3
0.20629870891571045,8512,3
0.2394958734512329,8513,3
0.022123638540506363,8514,3
0.019336704164743423,8515,3
0.012658577412366867,8516,3
0.014491925947368145,8517,3
0.15782392024993896,8518,3
0.013343201018869877,8519,3
0.02914125844836235,8520,3
0.10216132551431656,8521,3
0.0158751979470253,8522,3
0.21697863936424255,8523,3
0.1028774231672287,8524,3
0.03261531516909599,8525,3
0.17019718885421753,8526,3
0.03100348263978958,8527,3
0.09352849423885345,8528,3
0.11055675894021988,8529,3
0.021815359592437744,8530,3
0.12111105024814606,8531,3
0.32822608947753906,8532,3
0.019054746255278587,8533,3
0.42674386501312256,8534,3
0.06258289515972137,8535,3
0.04008035361766815,8536,3
0.016538552939891815,8537,3
0.02810874953866005,8538,3
0.015120076015591621,8539,3
0.03710383176803589,8540,3
0.06961401551961899,8541,3
0.07661908864974976,8542,3
0.05330735072493553,8543,3
0.03484063595533371,8544,3
0.026005854830145836,8545,3
0.015799663960933685,8546,3
0.05055100843310356,8547,3
0.012671198695898056,8548,3
0.17767974734306335,8549,3
0.39970317482948303,8550,3
0.015668243169784546,8551,3
0.019338201731443405,8552,3
0.021946849301457405,8553,3
0.014060145244002342,8554,3
0.3459697365760803,8555,3
0.18584096431732178,8556,3
0.008869552984833717,8557,3
0.015809837728738785,8558,3
0.05512165650725365,8559,3
0.01244206540286541,8560,3
0.22287151217460632,8561,3
0.35775068402290344,8562,3
0.3488817512989044,8563,3
0.09122266620397568,8564,3
0.028330739587545395,8565,3
0.03841537982225418,8566,3
0.1358085572719574,8567,3
0.04473056271672249,8568,3
0.014569676481187344,8569,3
0.04052641987800598,8570,3
0.03251741826534271,8571,3
0.024859145283699036,8572,3
0.04025467112660408,8573,3
0.016652800142765045,8574,3
0.021853961050510406,8575,3
0.01724248379468918,8576,3
0.01975829340517521,8577,3
0.19600100815296173,8578,3
0.02516777627170086,8579,3
0.08510027080774307,8580,3
0.04540545865893364,8581,3
0.03458116576075554,8582,3
0.02726096659898758,8583,3
0.12228487432003021,8584,3
0.06525526940822601,8585,3
0.021292850375175476,8586,3
0.04032311588525772,8587,3
0.015010089613497257,8588,3
0.044776495546102524,8589,3
0.022558797150850296,8590,3
0.34266799688339233,8591,3
0.014707319438457489,8592,3
0.018084177747368813,8593,3
0.11426174640655518,8594,3
0.035214945673942566,8595,3
0.15323984622955322,8596,3
0.021847598254680634,8597,3
0.020645450800657272,8598,3
0.03387762978672981,8599,3
0.02807508409023285,8600,3
0.03376632183790207,8601,3
0.14212436974048615,8602,3
0.04592280834913254,8603,3
0.15310339629650116,8604,3
0.30698904395103455,8605,3
0.07874450087547302,8606,3
0.061686672270298004,8607,3
0.022302210330963135,8608,3
0.0284526776522398,8609,3
0.03422277793288231,8610,3
0.022682897746562958,8611,3
0.12024455517530441,8612,3
0.02003180794417858,8613,3
0.08400220423936844,8614,3
0.03724905103445053,8615,3
0.043200619518756866,8616,3
0.013599906116724014,8617,3
0.04692225530743599,8618,3
0.0171939879655838,8619,3
0.01204172894358635,8620,3
0.017761386930942535,8621,3
0.3382198214530945,8622,3
0.011234281584620476,8623,3
0.16177253425121307,8624,3
0.03754298388957977,8625,3
0.025426294654607773,8626,3
0.015447940677404404,8627,3
0.04128704220056534,8628,3
0.01950903609395027,8629,3
0.011711254715919495,8630,3
0.04579465463757515,8631,3
0.011801857501268387,8632,3
0.01188337616622448,8633,3
0.08989245444536209,8634,3
0.4387705624103546,8635,3
0.027004824951291084,8636,3
0.5370863676071167,8637,3
0.05657212436199188,8638,3
0.14542359113693237,8639,3
0.02026449888944626,8640,3
0.01978151872754097,8641,3
0.018920544534921646,8642,3
0.026141203939914703,8643,3
0.012119065970182419,8644,3
0.022118190303444862,8645,3
0.023343313485383987,8646,3
0.025513609871268272,8647,3
0.026904718950390816,8648,3
0.08557207137346268,8649,3
0.020341694355010986,8650,3
0.274767130613327,8651,3
0.05928013101220131,8652,3
0.3850718140602112,8653,3
0.2242325246334076,8654,3
0.01787923090159893,8655,3
0.03947591409087181,8656,3
0.01825055107474327,8657,3
0.10773483663797379,8658,3
0.01970977894961834,8659,3
0.3603416979312897,8660,3
0.27076056599617004,8661,3
0.020484816282987595,8662,3
0.04273577779531479,8663,3
0.0725431889295578,8664,3
0.03378278389573097,8665,3
0.0501660518348217,8666,3
0.11634960770606995,8667,3
0.042132534086704254,8668,3
0.03723529726266861,8669,3
0.014739583246409893,8670,3
0.018333742395043373,8671,3
0.05066093057394028,8672,3
0.022614948451519012,8673,3
0.31473714113235474,8674,3
0.0252570528537035,8675,3
0.027444370090961456,8676,3
0.4146721363067627,8677,3
0.02684955485165119,8678,3
0.09071066230535507,8679,3
0.03449912369251251,8680,3
0.02728848159313202,8681,3
0.38566696643829346,8682,3
0.023432021960616112,8683,3
0.056115008890628815,8684,3
0.06506861746311188,8685,3
0.45883381366729736,8686,3
0.23556222021579742,8687,3
0.09743168950080872,8688,3
0.03374654799699783,8689,3
0.024114180356264114,8690,3
0.12602855265140533,8691,3
0.02790626883506775,8692,3
0.10232935100793839,8693,3
0.013785786926746368,8694,3
0.0521206334233284,8695,3
0.19576232135295868,8696,3
0.043429065495729446,8697,3
0.02710488811135292,8698,3
0.2320660650730133,8699,3
0.10579639673233032,8700,3
0.023945048451423645,8701,3
0.037360139191150665,8702,3
0.050715815275907516,8703,3
0.018094263970851898,8704,3
0.24409893155097961,8705,3
0.02340034767985344,8706,3
0.025192270055413246,8707,3
0.084740050137043,8708,3
0.015466337092220783,8709,3
0.04904770851135254,8710,3
0.030584029853343964,8711,3
0.02414076030254364,8712,3
0.019412674009799957,8713,3
0.153744176030159,8714,3
0.04657093062996864,8715,3
0.02355804666876793,8716,3
0.2789992094039917,8717,3
0.02716514840722084,8718,3
0.03654929995536804,8719,3
0.022727500647306442,8720,3
0.053751084953546524,8721,3
0.050976984202861786,8722,3
0.07471783459186554,8723,3
0.01519729197025299,8724,3
0.017213845625519753,8725,3
0.2600100636482239,8726,3
0.02419954165816307,8727,3
0.017490435391664505,8728,3
0.013796677812933922,8729,3
0.013782285153865814,8730,3
0.008020943962037563,8731,3
0.04313639551401138,8732,3
0.03266404569149017,8733,3
0.030373115092515945,8734,3
0.027943037450313568,8735,3
0.2104181945323944,8736,3
0.013690716587007046,8737,3
0.01203299779444933,8738,3
0.37274396419525146,8739,3
0.036566466093063354,8740,3
0.01642468199133873,8741,3
0.01702563837170601,8742,3
0.04225626587867737,8743,3
0.028107639402151108,8744,3
0.11401025950908661,8745,3
0.028627580031752586,8746,3
0.019386254251003265,8747,3
0.016806574538350105,8748,3
0.030797738581895828,8749,3
0.32656341791152954,8750,3
0.0358450710773468,8751,3
0.02274441346526146,8752,3
0.01902831345796585,8753,3
0.1944272816181183,8754,3
0.035161394625902176,8755,3
0.011131735518574715,8756,3
0.011237340979278088,8757,3
0.028022147715091705,8758,3
0.06179778277873993,8759,3
0.11291396617889404,8760,3
0.014596037566661835,8761,3
0.009312208741903305,8762,3
0.037850819528102875,8763,3
0.09821026027202606,8764,3
0.013951383531093597,8765,3
0.012682784348726273,8766,3
0.3002067804336548,8767,3
0.1408490538597107,8768,3
0.04141305387020111,8769,3
0.14659544825553894,8770,3
0.42577439546585083,8771,3
0.014439107850193977,8772,3
0.014403642155230045,8773,3
0.09373648464679718,8774,3
0.13600915670394897,8775,3
0.07803033292293549,8776,3
0.23871998488903046,8777,3
0.02039097249507904,8778,3
0.4096969962120056,8779,3
0.030108578503131866,8780,3
0.029542913660407066,8781,3
0.02474479004740715,8782,3
0.010313970036804676,8783,3
0.10615037381649017,8784,3
0.017099734395742416,8785,3
0.4064517021179199,8786,3
0.015980195254087448,8787,3
0.015004442073404789,8788,3
0.05825727805495262,8789,3
0.010516289621591568,8790,3
0.009108399972319603,8791,3
0.2300405502319336,8792,3
0.03529565781354904,8793,3
0.01029680110514164,8794,3
0.04801364988088608,8795,3
0.016444522887468338,8796,3
0.08221863955259323,8797,3
0.03039986453950405,8798,3
0.014437206089496613,8799,3
0.014325998723506927,8800,3
0.02912232093513012,8801,3
0.05549755319952965,8802,3
0.027645129710435867,8803,3
0.020899325609207153,8804,3
0.01489244494587183,8805,3
0.014391946606338024,8806,3
0.06419412046670914,8807,3
0.25619056820869446,8808,3
0.13597549498081207,8809,3
0.011509319767355919,8810,3
0.03578620031476021,8811,3
0.01076139323413372,8812,3
0.11687912046909332,8813,3
0.023444615304470062,8814,3
0.32499027252197266,8815,3
0.01842336356639862,8816,3
0.19599580764770508,8817,3
0.13891354203224182,8818,3
0.02963312715291977,8819,3
0.027392873540520668,8820,3
0.13441364467144012,8821,3
0.06279140710830688,8822,3
0.028423864394426346,8823,3
0.024313118308782578,8824,3
0.019457058981060982,8825,3
0.4735446870326996,8826,3
0.08458535373210907,8827,3
0.04137326776981354,8828,3
0.17159512639045715,8829,3
0.018172360956668854,8830,3
0.02296457625925541,8831,3
0.015318397432565689,8832,3
0.0097954161465168,8833,3
0.018083985894918442,8834,3
0.07277332991361618,8835,3
0.02486889809370041,8836,3
0.015557151287794113,8837,3
0.3707018792629242,8838,3
0.027366800233721733,8839,3
0.019154060631990433,8840,3
0.31316378712654114,8841,3
0.4189564883708954,8842,3
0.014434270560741425,8843,3
0.034563809633255005,8844,3
0.01854846067726612,8845,3
0.03633398562669754,8846,3
0.028200777247548103,8847,3
0.050582580268383026,8848,3
0.0327567458152771,8849,3
0.009720781818032265,8850,3
0.26072537899017334,8851,3
0.01850273087620735,8852,3
0.2355717122554779,8853,3
0.02548370137810707,8854,3
0.024681903421878815,8855,3
0.05089309439063072,8856,3
0.2321965992450714,8857,3
0.04421612620353699,8858,3
0.05421889200806618,8859,3
0.1410922408103943,8860,3
0.01708028092980385,8861,3
0.021299850195646286,8862,3
0.020090632140636444,8863,3
0.037802260369062424,8864,3
0.07933442294597626,8865,3
0.026204295456409454,8866,3
0.3660426735877991,8867,3
0.03466273099184036,8868,3
0.06269019097089767,8869,3
0.03952762484550476,8870,3
0.030061200261116028,8871,3
0.018832959234714508,8872,3
0.010607113130390644,8873,3
0.13697481155395508,8874,3
0.05855562910437584,8875,3
0.14139831066131592,8876,3
0.012258857488632202,8877,3
0.01878499425947666,8878,3
0.017651258036494255,8879,3
0.031577225774526596,8880,3
0.013225898146629333,8881,3
0.011234844103455544,8882,3
0.007196380756795406,8883,3
0.3041876256465912,8884,3
0.032318115234375,8885,3
0.007421647198498249,8886,3
0.01660093665122986,8887,3
0.1072935163974762,8888,3
0.27903425693511963,8889,3
0.252916544675827,8890,3
0.02498210407793522,8891,3
0.02068711631000042,8892,3
0.009238487109541893,8893,3
0.03221515566110611,8894,3
0.020577192306518555,8895,3
0.038639798760414124,8896,3
0.01987924799323082,8897,3
0.036165036261081696,8898,3
0.035914212465286255,8899,3
0.045778609812259674,8900,3
0.01064140535891056,8901,3
0.022625811398029327,8902,3
0.035385310649871826,8903,3
0.4079240560531616,8904,3
0.01692487671971321,8905,3
0.012094864621758461,8906,3
0.24956753849983215,8907,3
0.007416705600917339,8908,3
0.010476313531398773,8909,3
0.017361389473080635,8910,3
0.01904277130961418,8911,3
0.039821844547986984,8912,3
0.010224085301160812,8913,3
0.012153279967606068,8914,3
0.00979683082550764,8915,3
0.014847606420516968,8916,3
0.035625159740448,8917,3
0.016617655754089355,8918,3
0.035581476986408234,8919,3
0.018563998863101006,8920,3
0.012067293748259544,8921,3
0.3788703382015228,8922,3
0.03948729485273361,8923,3
0.009403401985764503,8924,3
0.014623497612774372,8925,3
0.013339875265955925,8926,3
0.03509734570980072,8927,3
0.025703467428684235,8928,3
0.10834255069494247,8929,3
0.02052077278494835,8930,3
0.3473193049430847,8931,3
0.01758740097284317,8932,3
0.028270745649933815,8933,3
0.19717903435230255,8934,3
0.015660323202610016,8935,3
0.025469301268458366,8936,3
0.30411720275878906,8937,3
0.009806988760828972,8938,3
0.09921029955148697,8939,3
0.6411066055297852,8940,3
0.018372736871242523,8941,3
0.016581427305936813,8942,3
0.015280636958777905,8943,3
0.016515858471393585,8944,3
0.08572379499673843,8945,3
0.012235459871590137,8946,3
0.19851747155189514,8947,3
0.007574817165732384,8948,3
0.02763964794576168,8949,3
0.007924409583210945,8950,3
0.012812687084078789,8951,3
0.0302745308727026,8952,3
0.041670601814985275,8953,3
0.06796369701623917,8954,3
0.030764508992433548,8955,3
0.01781437173485756,8956,3
0.335626482963562,8957,3
0.010791453532874584,8958,3
0.02088990807533264,8959,3
0.017726020887494087,8960,3
0.197866290807724,8961,3
0.010427308268845081,8962,3
0.020918605849146843,8963,3
0.2676117420196533,8964,3
0.01439802534878254,8965,3
0.047395557165145874,8966,3
0.014842331409454346,8967,3
0.5307895541191101,8968,3
0.021792229264974594,8969,3
0.1539924293756485,8970,3
0.021723534911870956,8971,3
0.015141486190259457,8972,3
0.007581645622849464,8973,3
0.014134727418422699,8974,3
0.013652656227350235,8975,3
0.016167664900422096,8976,3
0.1813727617263794,8977,3
0.04946761950850487,8978,3
0.11126071214675903,8979,3
0.016754083335399628,8980,3
0.03797169774770737,8981,3
0.022642796859145164,8982,3
0.01736488752067089,8983,3
0.022782418876886368,8984,3
0.019862746819853783,8985,3
0.015163786709308624,8986,3
0.01226479560136795,8987,3
0.36831721663475037,8988,3
0.3780621588230133,8989,3
0.09854081273078918,8990,3
0.26784881949424744,8991,3
0.018222663551568985,8992,3
0.1184111014008522,8993,3
0.013220647349953651,8994,3
0.044831808656454086,8995,3
0.042315758764743805,8996,3
0.019343264400959015,8997,3
0.058284640312194824,8998,3
0.02175077050924301,8999,3
0.03645363822579384,9000,3
0.12273048609495163,9001,3
0.0348118431866169,9002,3
0.02626902610063553,9003,3
0.34859347343444824,9004,3
0.015605080872774124,9005,3
0.04731373116374016,9006,3
0.01870502158999443,9007,3
0.017071977257728577,9008,3
0.01847269758582115,9009,3
0.01838979497551918,9010,3
0.03547229617834091,9011,3
0.015179796144366264,9012,3
0.02247048169374466,9013,3
0.176040917634964,9014,3
0.016182171180844307,9015,3
0.12509635090827942,9016,3
0.02548222243785858,9017,3
0.01068844459950924,9018,3
0.63144451379776,9019,3
0.30616992712020874,9020,3
0.016053754836320877,9021,3
0.02713942341506481,9022,3
0.05298580974340439,9023,3
0.017520541325211525,9024,3
0.015352229587733746,9025,3
0.04697153717279434,9026,3
0.013696919195353985,9027,3
0.04395226761698723,9028,3
0.20069491863250732,9029,3
0.0498441718518734,9030,3
0.04818262159824371,9031,3
0.0183890238404274,9032,3
0.011747825890779495,9033,3
0.01407941710203886,9034,3
0.02961253747344017,9035,3
0.020400376990437508,9036,3
0.013213831931352615,9037,3
0.021597184240818024,9038,3
0.11752356588840485,9039,3
0.03735813498497009,9040,3
0.11706889420747757,9041,3
0.0869494378566742,9042,3
0.06298133730888367,9043,3
0.2014322280883789,9044,3
0.011797502636909485,9045,3
0.2161414474248886,9046,3
0.2678681015968323,9047,3
0.011120989918708801,9048,3
0.013551631942391396,9049,3
0.007922880351543427,9050,3
0.021663352847099304,9051,3
0.04101168364286423,9052,3
0.022793909534811974,9053,3
0.023499898612499237,9054,3
0.0386979877948761,9055,3
0.4826306104660034,9056,3
0.16781388223171234,9057,3
0.17998698353767395,9058,3
0.03363411873579025,9059,3
0.32578855752944946,9060,3
0.029704494401812553,9061,3
0.010701468214392662,9062,3
0.30417802929878235,9063,3
0.2531569004058838,9064,3
0.014589663594961166,9065,3
0.35021188855171204,9066,3
0.033641375601291656,9067,3
0.08990344405174255,9068,3
0.01947055384516716,9069,3
0.013936673291027546,9070,3
0.032954346388578415,9071,3
0.06568817794322968,9072,3
0.031064193695783615,9073,3
0.20296445488929749,9074,3
0.035734936594963074,9075,3
0.028439540416002274,9076,3
0.0109255351126194,9077,3
0.017623238265514374,9078,3
0.018430929630994797,9079,3
0.021328244358301163,9080,3
0.05742041394114494,9081,3
0.03969695791602135,9082,3
0.02296440489590168,9083,3
0.0317714624106884,9084,3
0.02315601520240307,9085,3
0.03535211458802223,9086,3
0.026828620582818985,9087,3
0.01081719622015953,9088,3
0.04706281051039696,9089,3
0.03547023609280586,9090,3
0.040109872817993164,9091,3
0.010527064092457294,9092,3
0.29254281520843506,9093,3
0.035621240735054016,9094,3
0.026679743081331253,9095,3
0.01125844195485115,9096,3
0.023888425901532173,9097,3
0.0182933509349823,9098,3
0.02360614389181137,9099,3
0.3797050714492798,9100,3
0.01751556806266308,9101,3
0.018444806337356567,9102,3
0.014565063640475273,9103,3
0.4235772490501404,9104,3
0.013324170373380184,9105,3
0.09611574560403824,9106,3
0.03841809928417206,9107,3
0.0723055750131607,9108,3
0.023210251703858376,9109,3
0.057043977081775665,9110,3
0.015163959003984928,9111,3
0.011370174586772919,9112,3
0.08012911677360535,9113,3
0.20750893652439117,9114,3
0.024906815961003304,9115,3
0.0344708189368248,9116,3
0.027093185111880302,9117,3
0.022156307473778725,9118,3
0.025555070489645004,9119,3
0.015801040455698967,9120,3
0.016306282952427864,9121,3
0.06344488263130188,9122,3
0.016519183292984962,9123,3
0.02386755496263504,9124,3
0.24094176292419434,9125,3
0.011246193200349808,9126,3
0.015087942592799664,9127,3
0.00868828222155571,9128,3
0.03558802604675293,9129,3
0.01576506905257702,9130,3
0.021933719515800476,9131,3
0.022921644151210785,9132,3
0.1784246265888214,9133,3
0.37865930795669556,9134,3
0.5269672274589539,9135,3
0.35855528712272644,9136,3
0.425510048866272,9137,3
0.034736789762973785,9138,3
0.008736459538340569,9139,3
0.011878924444317818,9140,3
0.32689473032951355,9141,3
0.012089353054761887,9142,3
0.08883748948574066,9143,3
0.1035655289888382,9144,3
0.024316899478435516,9145,3
0.012095628306269646,9146,3
0.023707013577222824,9147,3
0.3855530619621277,9148,3
0.03907454013824463,9149,3
0.03724251314997673,9150,3
0.10069863498210907,9151,3
0.07364240288734436,9152,3
0.25333794951438904,9153,3
0.24514375627040863,9154,3
0.026861753314733505,9155,3
0.27375462651252747,9156,3
0.023196544498205185,9157,3
0.01595427840948105,9158,3
0.01456674188375473,9159,3
0.024967020377516747,9160,3
0.025858065113425255,9161,3
0.0819806382060051,9162,3
0.017528753727674484,9163,3
0.013482995331287384,9164,3
0.01802433654665947,9165,3
0.013390766456723213,9166,3
0.016748689115047455,9167,3
0.03429049998521805,9168,3
0.027700982987880707,9169,3
0.014006081968545914,9170,3
0.021739451214671135,9171,3
0.022973159328103065,9172,3
0.017087213695049286,9173,3
0.014800278469920158,9174,3
0.07063999772071838,9175,3
0.018515966832637787,9176,3
0.018782690167427063,9177,3
0.015065006911754608,9178,3
0.018673961982131004,9179,3
0.01924525760114193,9180,3
0.02623153291642666,9181,3
0.048923857510089874,9182,3
0.10588674992322922,9183,3
0.26668229699134827,9184,3
0.02583245560526848,9185,3
0.01935337297618389,9186,3
0.01906656101346016,9187,3
0.42521780729293823,9188,3
0.01538101490586996,9189,3
0.032371118664741516,9190,3
0.14299440383911133,9191,3
0.1604631096124649,9192,3
0.022490862756967545,9193,3
0.08029257506132126,9194,3
0.17050887644290924,9195,3
0.041393883526325226,9196,3
0.23313236236572266,9197,3
0.2463453710079193,9198,3
0.021710578352212906,9199,3
0.0828147903084755,9200,3
0.04585472121834755,9201,3
0.14845016598701477,9202,3
0.016248073428869247,9203,3
0.211600199341774,9204,3
0.06950348615646362,9205,3
0.013215670362114906,9206,3
0.018671516329050064,9207,3
0.020437898114323616,9208,3
0.012605959549546242,9209,3
0.011372909881174564,9210,3
0.03301125019788742,9211,3
0.23609700798988342,9212,3
0.004483147524297237,9213,3
0.031026992946863174,9214,3
0.010147199034690857,9215,3
0.022376855835318565,9216,3
0.012434855103492737,9217,3
0.012268515303730965,9218,3
0.04114701226353645,9219,3
0.05746474117040634,9220,3
0.2564356029033661,9221,3
0.02142772078514099,9222,3
0.10848350077867508,9223,3
0.1308061182498932,9224,3
0.3175303041934967,9225,3
0.013246050104498863,9226,3
0.15926983952522278,9227,3
0.019063055515289307,9228,3
0.01633305847644806,9229,3
0.014879689551889896,9230,3
0.013006946071982384,9231,3
0.055351242423057556,9232,3
0.029982078820466995,9233,3
0.018797611817717552,9234,3
0.048424746841192245,9235,3
0.01178068295121193,9236,3
0.019420793280005455,9237,3
0.13747628033161163,9238,3
0.014107493683695793,9239,3
0.013305666856467724,9240,3
0.16236251592636108,9241,3
0.1674753576517105,9242,3
0.574876070022583,9243,3
0.015347795560956001,9244,3
0.00897868350148201,9245,3
0.10162657499313354,9246,3
0.40991508960723877,9247,3
0.009965954348444939,9248,3
0.020217426121234894,9249,3
0.15488183498382568,9250,3
0.04177187383174896,9251,3
0.016641337424516678,9252,3
0.15054939687252045,9253,3
0.019485481083393097,9254,3
0.009779863990843296,9255,3
0.012318985536694527,9256,3
0.23279017210006714,9257,3
0.022570304572582245,9258,3
0.02286294847726822,9259,3
0.027806604281067848,9260,3
0.02572903409600258,9261,3
0.011247251182794571,9262,3
0.10549034923315048,9263,3
0.010943376459181309,9264,3
0.20623381435871124,9265,3
0.010585133917629719,9266,3
0.07068188488483429,9267,3
0.027875734493136406,9268,3
0.049605049192905426,9269,3
0.011665917932987213,9270,3
0.01231868751347065,9271,3
0.032124802470207214,9272,3
0.044376958161592484,9273,3
0.2533976137638092,9274,3
0.01180770993232727,9275,3
0.10183088481426239,9276,3
0.017412573099136353,9277,3
0.051831893622875214,9278,3
0.2318531572818756,9279,3
0.014963243156671524,9280,3
0.013905724510550499,9281,3
0.022054994478821754,9282,3
0.014057047665119171,9283,3
0.03845641016960144,9284,3
0.01249103806912899,9285,3
0.1942276507616043,9286,3
0.016532374545931816,9287,3
0.026064928621053696,9288,3
0.017835088074207306,9289,3
0.27054235339164734,9290,3
0.054356690496206284,9291,3
0.05452040210366249,9292,3
0.014987122267484665,9293,3
0.10581932216882706,9294,3
0.012561136856675148,9295,3
0.03137298673391342,9296,3
0.02570914477109909,9297,3
0.04961167648434639,9298,3
0.01740277372300625,9299,3
0.01689073257148266,9300,3
0.036771368235349655,9301,3
0.07557635754346848,9302,3
0.01774873584508896,9303,3
0.03285251930356026,9304,3
0.028713980689644814,9305,3
0.012730127200484276,9306,3
0.012854840606451035,9307,3
0.04900714382529259,9308,3
0.02107876166701317,9309,3
0.026237057521939278,9310,3
0.016878467053174973,9311,3
0.013750394806265831,9312,3
0.015289343893527985,9313,3
0.02886844612658024,9314,3
0.013951859436929226,9315,3
0.03746042773127556,9316,3
0.014746859669685364,9317,3
0.1926758885383606,9318,3
0.05832348391413689,9319,3
0.008774260990321636,9320,3
0.010210501030087471,9321,3
0.026658957824110985,9322,3
0.06508784741163254,9323,3
0.24400538206100464,9324,3
0.11944350600242615,9325,3
0.09921006858348846,9326,3
0.02403373271226883,9327,3
0.022627830505371094,9328,3
0.04043363034725189,9329,3
0.17470169067382812,9330,3
0.4390929639339447,9331,3
0.03413785994052887,9332,3
0.006821459159255028,9333,3
0.06201431155204773,9334,3
0.4595283567905426,9335,3
0.2479705810546875,9336,3
0.23624393343925476,9337,3
0.03595210611820221,9338,3
0.016514644026756287,9339,3
0.024030160158872604,9340,3
0.011281047016382217,9341,3
0.5100712776184082,9342,3
0.34551215171813965,9343,3
0.012225320562720299,9344,3
0.015894517302513123,9345,3
0.24803514778614044,9346,3
0.01593291386961937,9347,3
0.018461938947439194,9348,3
0.028244372457265854,9349,3
0.24430978298187256,9350,3
0.017424488440155983,9351,3
0.0538712702691555,9352,3
0.01281384564936161,9353,3
0.061992838978767395,9354,3
0.12062616646289825,9355,3
0.26188382506370544,9356,3
0.012064795009791851,9357,3
0.13465817272663116,9358,3
0.02623704820871353,9359,3
0.06353209912776947,9360,3
0.20426501333713531,9361,3
0.013901825994253159,9362,3
0.013297202065587044,9363,3
0.012826640158891678,9364,3
0.015153142623603344,9365,3
0.16588163375854492,9366,3
0.018916253000497818,9367,3
0.005749579984694719,9368,3
0.012278028763830662,9369,3
0.013845013454556465,9370,3
0.013179569505155087,9371,3
0.011635612696409225,9372,3
0.01469125784933567,9373,3
0.012491986155509949,9374,3
0.09915662556886673,9375,3
0.014696844853460789,9376,3
0.014503429643809795,9377,3
0.028555255383253098,9378,3
0.010056198574602604,9379,3
0.1354680061340332,9380,3
0.010374391451478004,9381,3
0.03506363928318024,9382,3
0.030185217037796974,9383,3
0.21571072936058044,9384,3
0.05014711618423462,9385,3
0.3603939414024353,9386,3
0.04471055790781975,9387,3
0.20443914830684662,9388,3
0.015334563329815865,9389,3
0.010893622413277626,9390,3
0.1352514624595642,9391,3
0.027824869379401207,9392,3
0.044169165194034576,9393,3
0.015827979892492294,9394,3
0.10064418613910675,9395,3
0.008418753743171692,9396,3
0.01656012423336506,9397,3
0.05354993790388107,9398,3
0.0060966238379478455,9399,3
0.04792681708931923,9400,3
0.3755117356777191,9401,3
0.22101320326328278,9402,3
0.09820543229579926,9403,3
0.014711722731590271,9404,3
0.017756972461938858,9405,3
0.008663812652230263,9406,3
0.2858102023601532,9407,3
0.1158260852098465,9408,3
0.015917569398880005,9409,3
0.017803555354475975,9410,3
0.052350547164678574,9411,3
0.01978483609855175,9412,3
0.0888553261756897,9413,3
0.013568926602602005,9414,3
0.11688673496246338,9415,3
0.01244294922798872,9416,3
0.018474148586392403,9417,3
0.034023649990558624,9418,3
0.01608400046825409,9419,3
0.12065647542476654,9420,3
0.007755791302770376,9421,3
0.21677444875240326,9422,3
0.014460956677794456,9423,3
0.01831684075295925,9424,3
0.07749442756175995,9425,3
0.0849035233259201,9426,3
0.016651639714837074,9427,3
0.0864047035574913,9428,3
0.009710516780614853,9429,3
0.005551343318074942,9430,3
0.10184645652770996,9431,3
0.013615678995847702,9432,3
0.029924817383289337,9433,3
0.014779292047023773,9434,3
0.17821678519248962,9435,3
0.0295235738158226,9436,3
0.014499481767416,9437,3
0.06804248690605164,9438,3
0.025474470108747482,9439,3
0.012565958313643932,9440,3
0.10188367962837219,9441,3
0.011660940945148468,9442,3
0.025667279958724976,9443,3
0.01596057415008545,9444,3
0.047555893659591675,9445,3
0.08622400462627411,9446,3
0.010170402936637402,9447,3
0.02314068004488945,9448,3
0.14029920101165771,9449,3
0.01885920576751232,9450,3
0.05771574378013611,9451,3
0.2171473354101181,9452,3
0.015424758195877075,9453,3
0.026237497106194496,9454,3
0.020988989621400833,9455,3
0.0481741689145565,9456,3
0.2154914140701294,9457,3
0.015268412418663502,9458,3
0.013341491110622883,9459,3
0.008636797778308392,9460,3
0.042480695992708206,9461,3
0.02137044072151184,9462,3
0.019462715834379196,9463,3
0.23886851966381073,9464,3
0.013958355411887169,9465,3
0.010941087268292904,9466,3
0.00834314152598381,9467,3
0.27013248205184937,9468,3
0.04622340202331543,9469,3
0.04913672059774399,9470,3
0.12001298367977142,9471,3
0.011523934081196785,9472,3
0.023177482187747955,9473,3
0.02376566082239151,9474,3
0.01839049719274044,9475,3
0.0946732833981514,9476,3
0.34204432368278503,9477,3
0.013039627112448215,9478,3
0.04087284579873085,9479,3
0.013814926147460938,9480,3
0.01373565848916769,9481,3
0.05813058838248253,9482,3
0.029274482280015945,9483,3
0.022929446771740913,9484,3
0.018088404089212418,9485,3
0.09242166578769684,9486,3
0.011316768825054169,9487,3
0.018326060846447945,9488,3
0.3029244840145111,9489,3
0.008128130808472633,9490,3
0.011599951423704624,9491,3
0.5902853608131409,9492,3
0.0389295369386673,9493,3
0.03257877379655838,9494,3
0.013223821297287941,9495,3
0.01036289893090725,9496,3
0.028536230325698853,9497,3
0.009540917351841927,9498,3
0.18815048038959503,9499,3
0.012526298873126507,9500,3
0.06971457600593567,9501,3
0.024774516001343727,9502,3
0.23140189051628113,9503,3
0.008181152865290642,9504,3
0.007573692128062248,9505,3
0.009020511992275715,9506,3
0.008796609938144684,9507,3
0.45833858847618103,9508,3
0.02544444054365158,9509,3
0.15984824299812317,9510,3
0.011490212753415108,9511,3
0.01015477068722248,9512,3
0.014885678887367249,9513,3
0.0264785997569561,9514,3
0.017628667876124382,9515,3
0.47842171788215637,9516,3
0.04076177626848221,9517,3
0.008977263234555721,9518,3
0.2353217601776123,9519,3
0.09025270491838455,9520,3
0.011337727308273315,9521,3
0.010553454980254173,9522,3
0.26377981901168823,9523,3
0.014173788949847221,9524,3
0.02225666679441929,9525,3
0.03257763385772705,9526,3
0.10618047416210175,9527,3
0.012334921397268772,9528,3
0.010928802192211151,9529,3
0.04393948242068291,9530,3
0.18270952999591827,9531,3
0.013901334255933762,9532,3
0.05839263275265694,9533,3
0.009815080091357231,9534,3
0.015353444963693619,9535,3
0.23369109630584717,9536,3
0.018421633169054985,9537,3
0.01223774068057537,9538,3
0.027280397713184357,9539,3
0.02351779118180275,9540,3
0.02437928318977356,9541,3
0.02509509027004242,9542,3
0.019733356311917305,9543,3
0.043481193482875824,9544,3
0.019703170284628868,9545,3
0.07060571014881134,9546,3
0.05358093976974487,9547,3
0.007612663321197033,9548,3
0.006586216390132904,9549,3
0.7318469882011414,9550,3
0.012874226085841656,9551,3
0.013470757752656937,9552,3
0.03878374025225639,9553,3
0.12557107210159302,9554,3
0.04056358337402344,9555,3
0.3657689094543457,9556,3
0.020423823967576027,9557,3
0.015165547840297222,9558,3
0.1895313560962677,9559,3
0.01609761081635952,9560,3
0.02943640574812889,9561,3
0.5276268124580383,9562,3
0.019943494349718094,9563,3
0.018420841544866562,9564,3
0.017838966101408005,9565,3
0.0408259779214859,9566,3
0.35259637236595154,9567,3
0.040833864361047745,9568,3
0.06763450801372528,9569,3
0.35325300693511963,9570,3
0.00853957049548626,9571,3
0.011558204889297485,9572,3
0.12250155210494995,9573,3
0.025152241811156273,9574,3
0.012236267328262329,9575,3
0.08782512694597244,9576,3
0.012666390277445316,9577,3
0.14988544583320618,9578,3
0.08739733695983887,9579,3
0.1924651861190796,9580,3
0.016177255660295486,9581,3
0.02889752760529518,9582,3
0.05235742777585983,9583,3
0.008350729942321777,9584,3
0.010561083443462849,9585,3
0.0892748087644577,9586,3
0.20486930012702942,9587,3
0.024227917194366455,9588,3
0.01521911658346653,9589,3
0.01886407844722271,9590,3
0.03500502184033394,9591,3
0.014432549476623535,9592,3
0.025214185938239098,9593,3
0.024977989494800568,9594,3
0.013810141012072563,9595,3
0.014926750212907791,9596,3
0.03664945065975189,9597,3
0.021027039736509323,9598,3
0.05890524759888649,9599,3
0.03577106446027756,9600,3
0.17370720207691193,9601,3
0.010846959426999092,9602,3
0.00937594659626484,9603,3
0.061987750232219696,9604,3
0.06735449284315109,9605,3
0.010746759362518787,9606,3
0.01300320215523243,9607,3
0.013019569218158722,9608,3
0.009676549583673477,9609,3
0.03689451515674591,9610,3
0.016387928277254105,9611,3
0.33251112699508667,9612,3
0.07210168242454529,9613,3
0.11485616117715836,9614,3
0.010270169004797935,9615,3
0.1289651095867157,9616,3
0.026587234809994698,9617,3
0.1820073425769806,9618,3
0.0666106790304184,9619,3
0.010442264378070831,9620,3
0.009804847650229931,9621,3
0.015899579972028732,9622,3
0.09319069981575012,9623,3
0.020195908844470978,9624,3
0.010810988023877144,9625,3
0.020490344613790512,9626,3
0.03663456812500954,9627,3
0.013015521690249443,9628,3
0.030161000788211823,9629,3
0.050076648592948914,9630,3
0.057533860206604004,9631,3
0.012328498996794224,9632,3
0.04540139436721802,9633,3
0.07118871808052063,9634,3
0.2775444984436035,9635,3
0.061741624027490616,9636,3
0.05413730442523956,9637,3
0.018676433712244034,9638,3
0.02982744388282299,9639,3
0.15293899178504944,9640,3
0.1566629856824875,9641,3
0.3043985664844513,9642,3
0.022365722805261612,9643,3
0.0211385078728199,9644,3
0.010730900801718235,9645,3
0.028335319831967354,9646,3
0.08277900516986847,9647,3
0.02768748253583908,9648,3
0.1260194480419159,9649,3
0.0124139953404665,9650,3
0.02329106256365776,9651,3
0.021270865574479103,9652,3
0.4113813638687134,9653,3
0.019032517448067665,9654,3
0.013678228482604027,9655,3
0.09820074588060379,9656,3
0.022850552573800087,9657,3
0.031606730073690414,9658,3
0.1578163057565689,9659,3
0.042319346219301224,9660,3
0.47681236267089844,9661,3
0.04041917622089386,9662,3
0.076936274766922,9663,3
0.008649499155580997,9664,3
0.11917175352573395,9665,3
0.014065616764128208,9666,3
0.015728838741779327,9667,3
0.04422546550631523,9668,3
0.01137626077979803,9669,3
0.015431646257638931,9670,3
0.1842663586139679,9671,3
0.3379465937614441,9672,3
0.028539299964904785,9673,3
0.01283304300159216,9674,3
0.014282985590398312,9675,3
0.01768808253109455,9676,3
0.039972107857465744,9677,3
0.056880708783864975,9678,3
0.13638390600681305,9679,3
0.20095014572143555,9680,3
0.009080016054213047,9681,3
0.014111991971731186,9682,3
0.024701476097106934,9683,3
0.21459747850894928,9684,3
0.03284284472465515,9685,3
0.00980035774409771,9686,3
0.012511556968092918,9687,3
0.038835763931274414,9688,3
0.012102583423256874,9689,3
0.040125370025634766,9690,3
0.009615598246455193,9691,3
0.047905657440423965,9692,3
0.01796898990869522,9693,3
0.0492195188999176,9694,3
0.01148628257215023,9695,3
0.0450591966509819,9696,3
0.014876186847686768,9697,3
0.02086494117975235,9698,3
0.015854457393288612,9699,3
0.008374260738492012,9700,3
0.021848037838935852,9701,3
0.018915168941020966,9702,3
0.08089060336351395,9703,3
0.12143275141716003,9704,3
0.15620769560337067,9705,3
0.01417410746216774,9706,3
0.012690754607319832,9707,3
0.07779590040445328,9708,3
0.11695119738578796,9709,3
0.08033543825149536,9710,3
0.011031095869839191,9711,3
0.012281610630452633,9712,3
0.31070205569267273,9713,3
0.022992059588432312,9714,3
0.018798088654875755,9715,3
0.09040430933237076,9716,3
0.018265042454004288,9717,3
0.014853686094284058,9718,3
0.022791072726249695,9719,3
0.016099724918603897,9720,3
0.12356887012720108,9721,3
0.011179927736520767,9722,3
0.2696206271648407,9723,3
0.1214148998260498,9724,3
0.04159953445196152,9725,3
0.013297734782099724,9726,3
0.014836177229881287,9727,3
0.019983995705842972,9728,3
0.021018875762820244,9729,3
0.020900990813970566,9730,3
0.053733084350824356,9731,3
0.014645954594016075,9732,3
0.29934534430503845,9733,3
0.09521820396184921,9734,3
0.024780837818980217,9735,3
0.014820151031017303,9736,3
0.012491565197706223,9737,3
0.2007933259010315,9738,3
0.030815865844488144,9739,3
0.010051918216049671,9740,3
0.009443970397114754,9741,3
0.024435391649603844,9742,3
0.011372487992048264,9743,3
0.02083040401339531,9744,3
0.026675153523683548,9745,3
0.05967184156179428,9746,3
0.010932495817542076,9747,3
0.0867517814040184,9748,3
0.014050026424229145,9749,3
0.008919911459088326,9750,3
0.011479998007416725,9751,3
0.16734793782234192,9752,3
0.018065962940454483,9753,3
0.014175772666931152,9754,3
0.36214500665664673,9755,3
0.010781810618937016,9756,3
0.01717248372733593,9757,3
0.019441615790128708,9758,3
0.017380401492118835,9759,3
0.013224935159087181,9760,3
0.01084938459098339,9761,3
0.017814654856920242,9762,3
0.013102876022458076,9763,3
0.012814445421099663,9764,3
0.05407959595322609,9765,3
0.011562986299395561,9766,3
0.009492170065641403,9767,3
0.013366003520786762,9768,3
0.03130309283733368,9769,3
0.014170732349157333,9770,3
0.027109036222100258,9771,3
0.05775544047355652,9772,3
0.011563878506422043,9773,3
0.14068885147571564,9774,3
0.013977911323308945,9775,3
0.3237382769584656,9776,3
0.009598356671631336,9777,3
0.07719851285219193,9778,3
0.02697208896279335,9779,3
0.015748776495456696,9780,3
0.014741470105946064,9781,3
0.015011714771389961,9782,3
0.01948397234082222,9783,3
0.013118891045451164,9784,3
0.01923508569598198,9785,3
0.02614585869014263,9786,3
0.03171543776988983,9787,3
0.3268296718597412,9788,3
0.01634264551103115,9789,3
0.016926007345318794,9790,3
0.010462198406457901,9791,3
0.027848921716213226,9792,3
0.09516607224941254,9793,3
0.33806926012039185,9794,3
0.031964633613824844,9795,3
0.009095126762986183,9796,3
0.34841662645339966,9797,3
0.02624370902776718,9798,3
0.03177066892385483,9799,3
0.02581598423421383,9800,3
0.0459834523499012,9801,3
0.01779661700129509,9802,3
0.03014563024044037,9803,3
0.032590728253126144,9804,3
0.054566074162721634,9805,3
0.07769212871789932,9806,3
0.03431088104844093,9807,3
0.016442228108644485,9808,3
0.07090487331151962,9809,3
0.01067558117210865,9810,3
0.1590396910905838,9811,3
0.05889926105737686,9812,3
0.021121062338352203,9813,3
0.16529583930969238,9814,3
0.022583790123462677,9815,3
0.011712201870977879,9816,3
0.01692892052233219,9817,3
0.122084841132164,9818,3
0.012879911810159683,9819,3
0.07411065697669983,9820,3
0.03967669978737831,9821,3
0.01065504364669323,9822,3
0.05003666877746582,9823,3
0.017496496438980103,9824,3
0.030114784836769104,9825,3
0.2792123258113861,9826,3
0.03671730309724808,9827,3
0.038903478533029556,9828,3
0.01836526021361351,9829,3
0.006306059192866087,9830,3
0.011378156021237373,9831,3
0.11968139559030533,9832,3
0.24936604499816895,9833,3
0.012090552598237991,9834,3
0.14168354868888855,9835,3
0.025876924395561218,9836,3
0.01702219992876053,9837,3
0.010244332253932953,9838,3
0.11668659746646881,9839,3
0.008542148396372795,9840,3
0.3852822780609131,9841,3
0.00943593680858612,9842,3
0.012844683602452278,9843,3
0.32000499963760376,9844,3
0.011503437533974648,9845,3
0.21060098707675934,9846,3
0.2837802469730377,9847,3
0.013588909059762955,9848,3
0.020052973181009293,9849,3
0.013430386781692505,9850,3
0.012258320115506649,9851,3
0.01921296864748001,9852,3
0.35352909564971924,9853,3
0.013457641936838627,9854,3
0.04934939742088318,9855,3
0.02208412066102028,9856,3
0.24469435214996338,9857,3
0.03398212790489197,9858,3
0.17899155616760254,9859,3
0.02909039705991745,9860,3
0.07003083825111389,9861,3
0.04521312192082405,9862,3
0.025027576833963394,9863,3
0.1058010384440422,9864,3
0.012760763987898827,9865,3
0.04371601343154907,9866,3
0.05771476402878761,9867,3
0.31763625144958496,9868,3
0.013531308621168137,9869,3
0.025027599185705185,9870,3
0.019761092960834503,9871,3
0.010974866338074207,9872,3
0.06220763176679611,9873,3
0.011084784753620625,9874,3
0.03422730416059494,9875,3
0.015600049868226051,9876,3
0.017577439546585083,9877,3
0.019414780661463737,9878,3
0.019725073128938675,9879,3
0.06060003489255905,9880,3
0.01818777061998844,9881,3
0.009283822029829025,9882,3
0.011336437426507473,9883,3
0.030255712568759918,9884,3
0.23059162497520447,9885,3
0.011958944611251354,9886,3
0.023494988679885864,9887,3
0.009201988577842712,9888,3
0.28362417221069336,9889,3
0.09041105210781097,9890,3
0.011335598304867744,9891,3
0.020536817610263824,9892,3
0.015089748427271843,9893,3
0.3626972436904907,9894,3
0.0638279840350151,9895,3
0.00821183156222105,9896,3
0.01847791112959385,9897,3
0.14558887481689453,9898,3
0.016449090093374252,9899,3
0.054695114493370056,9900,3
0.07015227526426315,9901,3
0.014563364908099174,9902,3
0.011978261172771454,9903,3
0.011845266446471214,9904,3
0.03213344141840935,9905,3
0.013509048148989677,9906,3
0.017071953043341637,9907,3
0.3024134635925293,9908,3
0.419552743434906,9909,3
0.3050725758075714,9910,3
0.010527162812650204,9911,3
0.06579230725765228,9912,3
0.17896270751953125,9913,3
0.015826044604182243,9914,3
0.009820446372032166,9915,3
0.018732884898781776,9916,3
0.013202762231230736,9917,3
0.02261609211564064,9918,3
0.07390651851892471,9919,3
0.009986324235796928,9920,3
0.01405297126621008,9921,3
0.21800589561462402,9922,3
0.42076045274734497,9923,3
0.010713893920183182,9924,3
0.014839365147054195,9925,3
0.03322165086865425,9926,3
0.009119270369410515,9927,3
0.05689878761768341,9928,3
0.06361725181341171,9929,3
0.01930539309978485,9930,3
0.3076469302177429,9931,3
0.013860800303518772,9932,3
0.019676532596349716,9933,3
0.012684237211942673,9934,3
0.008052662946283817,9935,3
0.03615313023328781,9936,3
0.019714482128620148,9937,3
0.012447703629732132,9938,3
0.019161565229296684,9939,3
0.010562079027295113,9940,3
0.07974346727132797,9941,3
0.013302968814969063,9942,3
0.021291583776474,9943,3
0.044106632471084595,9944,3
0.01043006032705307,9945,3
0.1190183237195015,9946,3
0.23657108843326569,9947,3
0.014679516665637493,9948,3
0.007891460321843624,9949,3
0.013931685127317905,9950,3
0.19451691210269928,9951,3
0.10198764503002167,9952,3
0.024699419736862183,9953,3
0.03811202198266983,9954,3
0.01621668040752411,9955,3
0.03337377309799194,9956,3
0.09374305605888367,9957,3
0.005989557597786188,9958,3
0.22047381103038788,9959,3
0.047070328146219254,9960,3
0.34545210003852844,9961,3
0.03464200720191002,9962,3
0.19203448295593262,9963,3
0.007432929240167141,9964,3
0.01338974665850401,9965,3
0.010800282470881939,9966,3
0.011754414066672325,9967,3
0.01939299702644348,9968,3
0.11897958070039749,9969,3
0.05614587292075157,9970,3
0.021153446286916733,9971,3
0.02999621070921421,9972,3
0.009834377095103264,9973,3
0.017081012949347496,9974,3
0.011550672352313995,9975,3
0.07852676510810852,9976,3
0.01750437170267105,9977,3
0.009597784839570522,9978,3
0.016510330140590668,9979,3
0.015413930639624596,9980,3
0.01777055114507675,9981,3
0.0076504060998559,9982,3
0.26249098777770996,9983,3
0.04365973919630051,9984,3
0.009790556505322456,9985,3
0.01471063680946827,9986,3
0.010138493031263351,9987,3
0.030617605894804,9988,3
0.01927286945283413,9989,3
0.03780847415328026,9990,3
0.010709140449762344,9991,3
0.3832537531852722,9992,3
0.018475526943802834,9993,3
0.017566392198204994,9994,3
0.009796393103897572,9995,3
0.010157222859561443,9996,3
0.038515206426382065,9997,3
0.009096892550587654,9998,3
0.011935257352888584,9999,3
0.02065197005867958,10000,3
0.021928105503320694,10001,3
0.010455585084855556,10002,3
0.26084744930267334,10003,3
0.030888324603438377,10004,3
0.38732603192329407,10005,3
0.014601216651499271,10006,3
0.03688129782676697,10007,3
0.1788792908191681,10008,3
0.01393002551048994,10009,3
0.05941380187869072,10010,3
0.009565592743456364,10011,3
0.007922505959868431,10012,3
0.009413580410182476,10013,3
0.3251437544822693,10014,3
0.009568488225340843,10015,3
0.012560556642711163,10016,3
0.009673102758824825,10017,3
0.008455691859126091,10018,3
0.009444850496947765,10019,3
0.030598696321249008,10020,3
0.22140714526176453,10021,3
0.036969833076000214,10022,3
0.009363925084471703,10023,3
0.020113816484808922,10024,3
0.016923755407333374,10025,3
0.013578226789832115,10026,3
0.027984922751784325,10027,3
0.13192100822925568,10028,3
0.01978388801217079,10029,3
0.015723660588264465,10030,3
0.3312229514122009,10031,3
0.009361578151583672,10032,3
0.006991611793637276,10033,3
0.013022080063819885,10034,3
0.01896144635975361,10035,3
0.025044957175850868,10036,3
0.04424431920051575,10037,3
0.010692564770579338,10038,3
0.011029399931430817,10039,3
0.29232844710350037,10040,3
0.016644388437271118,10041,3
0.010225065983831882,10042,3
0.27241677045822144,10043,3
0.106146439909935,10044,3
0.013170046731829643,10045,3
0.013918550685048103,10046,3
0.015028495341539383,10047,3
0.012064702808856964,10048,3
0.037576522678136826,10049,3
0.008355595171451569,10050,3
0.018040766939520836,10051,3
0.8065785765647888,10052,3
0.011570246890187263,10053,3
0.03712970018386841,10054,3
0.37970036268234253,10055,3
0.07912691682577133,10056,3
0.06466586887836456,10057,3
0.021833915263414383,10058,3
0.02074534259736538,10059,3
0.02090182900428772,10060,3
0.022849462926387787,10061,3
0.03920263797044754,10062,3
0.015789015218615532,10063,3
0.0109868124127388,10064,3
0.05956761911511421,10065,3
0.033041562885046005,10066,3
0.025793327018618584,10067,3
0.23079811036586761,10068,3
0.01268522534519434,10069,3
0.01682964339852333,10070,3
0.018180396407842636,10071,3
0.047014959156513214,10072,3
0.16064582765102386,10073,3
0.0056091477163136005,10074,3
0.03080718405544758,10075,3
0.1296745240688324,10076,3
0.053243763744831085,10077,3
0.18074968457221985,10078,3
0.03540392965078354,10079,3
0.24820633232593536,10080,3
0.15224939584732056,10081,3
0.016920704394578934,10082,3
0.015473553910851479,10083,3
0.009148177690804005,10084,3
0.07022333145141602,10085,3
0.0313766710460186,10086,3
0.0353841669857502,10087,3
0.3074989318847656,10088,3
0.011651077307760715,10089,3
0.1908528208732605,10090,3
0.29026779532432556,10091,3
0.012959687039256096,10092,3
0.17774949967861176,10093,3
0.010735257528722286,10094,3
0.12190461158752441,10095,3
0.017207035794854164,10096,3
0.010529913939535618,10097,3
0.008747829124331474,10098,3
0.03950401023030281,10099,3
0.014637361280620098,10100,3
0.05835362523794174,10101,3
0.008801525458693504,10102,3
0.020257260650396347,10103,3
0.012958060018718243,10104,3
0.1571061760187149,10105,3
0.006998148746788502,10106,3
0.2043680101633072,10107,3
0.009386356920003891,10108,3
0.020275088027119637,10109,3
0.014145206660032272,10110,3
0.013786133378744125,10111,3
0.03927655518054962,10112,3
0.023482827469706535,10113,3
0.01998310349881649,10114,3
0.015044916421175003,10115,3
0.03712211549282074,10116,3
0.23860228061676025,10117,3
0.05364834889769554,10118,3
0.013286683708429337,10119,3
0.07280595600605011,10120,3
0.014360095374286175,10121,3
0.31386569142341614,10122,3
0.012432049959897995,10123,3
0.014286141842603683,10124,3
0.211576446890831,10125,3
0.2668244242668152,10126,3
0.030383767560124397,10127,3
0.13367928564548492,10128,3
0.4479699730873108,10129,3
0.11755573749542236,10130,3
0.012685807421803474,10131,3
0.1334979385137558,10132,3
0.01573243923485279,10133,3
0.013967408798635006,10134,3
0.01770847663283348,10135,3
0.011543979868292809,10136,3
0.012548960745334625,10137,3
0.01873921975493431,10138,3
0.008119102567434311,10139,3
0.011193103156983852,10140,3
0.017269499599933624,10141,3
0.08294989913702011,10142,3
0.02391800656914711,10143,3
0.2914678752422333,10144,3
0.047312211245298386,10145,3
0.03501307964324951,10146,3
0.009878669865429401,10147,3
0.02683655172586441,10148,3
0.011788208037614822,10149,3
0.016033995896577835,10150,3
0.007273491937667131,10151,3
0.11571548879146576,10152,3
0.025030240416526794,10153,3
0.03541990742087364,10154,3
0.023279011249542236,10155,3
0.012788048014044762,10156,3
0.26829585433006287,10157,3
0.0382794626057148,10158,3
0.009949680417776108,10159,3
0.014120069332420826,10160,3
0.013896092772483826,10161,3
0.014255602844059467,10162,3
0.025011684745550156,10163,3
0.1398109793663025,10164,3
0.12286127358675003,10165,3
0.017376698553562164,10166,3
0.011228742077946663,10167,3
0.015446703881025314,10168,3
0.018092531710863113,10169,3
0.018161669373512268,10170,3
0.012969478964805603,10171,3
0.019228432327508926,10172,3
0.01858283206820488,10173,3
0.010856522247195244,10174,3
0.5127772092819214,10175,3
0.014257135801017284,10176,3
0.04246820881962776,10177,3
0.00888950563967228,10178,3
0.04979349300265312,10179,3
0.2815329432487488,10180,3
0.07525429129600525,10181,3
0.014162403531372547,10182,3
0.014271046966314316,10183,3
0.016444941982626915,10184,3
0.015188878402113914,10185,3
0.0456063337624073,10186,3
0.07183661311864853,10187,3
0.020034905523061752,10188,3
0.4244031310081482,10189,3
0.016450101509690285,10190,3
0.007480872329324484,10191,3
0.008099569007754326,10192,3
0.020328162238001823,10193,3
0.008740101009607315,10194,3
0.04331211745738983,10195,3
0.014898743480443954,10196,3
0.014312991872429848,10197,3
0.010176796466112137,10198,3
0.016602324321866035,10199,3
0.015038073994219303,10200,3
0.2394065260887146,10201,3
0.012742029502987862,10202,3
0.5381136536598206,10203,3
0.12710478901863098,10204,3
0.0054639047011733055,10205,3
0.013567931950092316,10206,3
0.016906442120671272,10207,3
0.037667736411094666,10208,3
0.04410996288061142,10209,3
0.021984973922371864,10210,3
0.09712493419647217,10211,3
0.01481096725910902,10212,3
0.03716229274868965,10213,3
0.1474228948354721,10214,3
0.2914750874042511,10215,3
0.009513779543340206,10216,3
0.027076903730630875,10217,3
0.3495064675807953,10218,3
0.01160252932459116,10219,3
0.016100171953439713,10220,3
0.1967022866010666,10221,3
0.0281202495098114,10222,3
0.02015264704823494,10223,3
0.2795874774456024,10224,3
0.020538315176963806,10225,3
0.31897225975990295,10226,3
0.009783664718270302,10227,3
0.01131214015185833,10228,3
0.0210118368268013,10229,3
0.0234755240380764,10230,3
0.012138521298766136,10231,3
0.37355709075927734,10232,3
0.026761770248413086,10233,3
0.01279931515455246,10234,3
0.016968220472335815,10235,3
0.017520535737276077,10236,3
0.01809030771255493,10237,3
0.03850482031702995,10238,3
0.017572961747646332,10239,3
0.016429515555500984,10240,3
0.03844579681754112,10241,3
0.016780447214841843,10242,3
0.03171692043542862,10243,3
0.031510308384895325,10244,3
0.09460341185331345,10245,3
0.027502745389938354,10246,3
0.009050033055245876,10247,3
0.07449963688850403,10248,3
0.13971255719661713,10249,3
0.01191279012709856,10250,3
0.3052143156528473,10251,3
0.04099848493933678,10252,3
0.010185523889958858,10253,3
0.005846572108566761,10254,3
0.015403250232338905,10255,3
0.011436239816248417,10256,3
0.011804389767348766,10257,3
0.021241452544927597,10258,3
0.007281891070306301,10259,3
0.019574467092752457,10260,3
0.03206228092312813,10261,3
0.010769020766019821,10262,3
0.008956492878496647,10263,3
0.008400950580835342,10264,3
0.014616535045206547,10265,3
0.13110387325286865,10266,3
0.00686580641195178,10267,3
0.3623364269733429,10268,3
0.008739478886127472,10269,3
0.014845404773950577,10270,3
0.012950818054378033,10271,3
0.01304560899734497,10272,3
0.3235386908054352,10273,3
0.0502232164144516,10274,3
0.04439858719706535,10275,3
0.015188425779342651,10276,3
0.031410396099090576,10277,3
0.012522349134087563,10278,3
0.011787766590714455,10279,3
0.027228042483329773,10280,3
0.03392990306019783,10281,3
0.016759740188717842,10282,3
0.026690633967518806,10283,3
0.022998414933681488,10284,3
0.14369572699069977,10285,3
0.2586832046508789,10286,3
0.0549357533454895,10287,3
0.01202018279582262,10288,3
0.07407398521900177,10289,3
0.007760464679449797,10290,3
0.016705479472875595,10291,3
0.02428942173719406,10292,3
0.007671029306948185,10293,3
0.03881705552339554,10294,3
0.11968968063592911,10295,3
0.15141859650611877,10296,3
0.008123132400214672,10297,3
0.29871100187301636,10298,3
0.01011287234723568,10299,3
0.04287121444940567,10300,3
0.32199349999427795,10301,3
0.02923961728811264,10302,3
0.38773253560066223,10303,3
0.2753508388996124,10304,3
0.04856299236416817,10305,3
0.05055468529462814,10306,3
0.03905368968844414,10307,3
0.023441361263394356,10308,3
0.01853610947728157,10309,3
0.28516390919685364,10310,3
0.019859468564391136,10311,3
0.010416297242045403,10312,3
0.040950410068035126,10313,3
0.014770162291824818,10314,3
0.02087172493338585,10315,3
0.012148695066571236,10316,3
0.1013687402009964,10317,3
0.029534153640270233,10318,3
0.17442302405834198,10319,3
0.05011504516005516,10320,3
0.02158937230706215,10321,3
0.011922202073037624,10322,3
0.015524787828326225,10323,3
0.01694345846772194,10324,3
0.034879282116889954,10325,3
0.09101057052612305,10326,3
0.06238122656941414,10327,3
0.020984100177884102,10328,3
0.029186708852648735,10329,3
0.13229170441627502,10330,3
0.013699403032660484,10331,3
0.015059578232467175,10332,3
0.009568684734404087,10333,3
0.14257875084877014,10334,3
0.13599245250225067,10335,3
0.015518620610237122,10336,3
0.01624109223484993,10337,3
0.021025463938713074,10338,3
0.015832561999559402,10339,3
0.02688049152493477,10340,3
0.008218214847147465,10341,3
0.013960019685328007,10342,3
0.016579579561948776,10343,3
0.012133220210671425,10344,3
0.013686573132872581,10345,3
0.011580958031117916,10346,3
0.01942085660994053,10347,3
0.047034189105033875,10348,3
0.014446455985307693,10349,3
0.0162880290299654,10350,3
0.28809434175491333,10351,3
0.027328014373779297,10352,3
0.021982092410326004,10353,3
0.060050491243600845,10354,3
0.012812178581953049,10355,3
0.007844125851988792,10356,3
0.0129785668104887,10357,3
0.040057115256786346,10358,3
0.018979229032993317,10359,3
0.08146139979362488,10360,3
0.015441399067640305,10361,3
0.046320512890815735,10362,3
0.01691991277039051,10363,3
0.02283657342195511,10364,3
0.03455100953578949,10365,3
0.21182456612586975,10366,3
0.02540440298616886,10367,3
0.02969677373766899,10368,3
0.01150636374950409,10369,3
0.013783346861600876,10370,3
0.016782686114311218,10371,3
0.010616660118103027,10372,3
0.05206479877233505,10373,3
0.14815959334373474,10374,3
0.009941115975379944,10375,3
0.01064598374068737,10376,3
0.08576648682355881,10377,3
0.2682672441005707,10378,3
0.23322409391403198,10379,3
0.10316312313079834,10380,3
0.011479878798127174,10381,3
0.04138446971774101,10382,3
0.0217759869992733,10383,3
0.022890565916895866,10384,3
0.016263801604509354,10385,3
0.0560421347618103,10386,3
0.010559567250311375,10387,3
0.25329890847206116,10388,3
0.022747432813048363,10389,3
0.06327506899833679,10390,3
0.10899655520915985,10391,3
0.12729030847549438,10392,3
0.12545742094516754,10393,3
0.04084198176860809,10394,3
0.00885013211518526,10395,3
0.02503749169409275,10396,3
0.021812813356518745,10397,3
0.011201977729797363,10398,3
0.014876032248139381,10399,3
0.008543690666556358,10400,3
0.2867286503314972,10401,3
0.00950508750975132,10402,3
0.02328646369278431,10403,3
0.09524963796138763,10404,3
0.009367157705128193,10405,3
0.02403772622346878,10406,3
0.023186026141047478,10407,3
0.03871091082692146,10408,3
0.012674428522586823,10409,3
0.01695331744849682,10410,3
0.012383310124278069,10411,3
0.02679118514060974,10412,3
0.01003746222704649,10413,3
0.01139619667083025,10414,3
0.19073104858398438,10415,3
0.253063827753067,10416,3
0.058769483119249344,10417,3
0.21859200298786163,10418,3
0.006217038258910179,10419,3
0.02754170261323452,10420,3
0.16570007801055908,10421,3
0.015190677717328072,10422,3
0.012476291507482529,10423,3
0.008573412895202637,10424,3
0.00947867427021265,10425,3
0.0308599304407835,10426,3
0.019282780587673187,10427,3
0.0797024741768837,10428,3
0.07488257437944412,10429,3
0.43961822986602783,10430,3
0.014010246843099594,10431,3
0.010850680992007256,10432,3
0.39589789509773254,10433,3
0.13875636458396912,10434,3
0.15505920350551605,10435,3
0.009504251182079315,10436,3
0.016679752618074417,10437,3
0.0446496456861496,10438,3
0.029295504093170166,10439,3
0.014346216805279255,10440,3
0.009587394073605537,10441,3
0.013585461303591728,10442,3
0.021115876734256744,10443,3
0.012607681564986706,10444,3
0.41872838139533997,10445,3
0.025095390155911446,10446,3
0.016400448977947235,10447,3
0.01019903365522623,10448,3
0.008928471244871616,10449,3
0.010640442371368408,10450,3
0.013658899813890457,10451,3
0.021206393837928772,10452,3
0.01644156686961651,10453,3
0.252515971660614,10454,3
0.025912750512361526,10455,3
0.018154388293623924,10456,3
0.17992877960205078,10457,3
0.30253177881240845,10458,3
0.015836650505661964,10459,3
0.01799427904188633,10460,3
0.006917153485119343,10461,3
0.014651704579591751,10462,3
0.3730756342411041,10463,3
0.13473619520664215,10464,3
0.009018998593091965,10465,3
0.1350230872631073,10466,3
0.03898431360721588,10467,3
0.03334406390786171,10468,3
0.07213707268238068,10469,3
0.010696686804294586,10470,3
0.007315239869058132,10471,3
0.008272489532828331,10472,3
0.026523323729634285,10473,3
0.03709860518574715,10474,3
0.011188268661499023,10475,3
0.01331041008234024,10476,3
0.00690859230235219,10477,3
0.027632441371679306,10478,3
0.2391597032546997,10479,3
0.009894615039229393,10480,3
0.02718685194849968,10481,3
0.059865802526474,10482,3
0.29037371277809143,10483,3
0.33816733956336975,10484,3
0.013914117589592934,10485,3
0.05924361199140549,10486,3
0.2329011857509613,10487,3
0.05690913274884224,10488,3
0.04398174583911896,10489,3
0.020759794861078262,10490,3
0.0703478455543518,10491,3
0.357988178730011,10492,3
0.26561325788497925,10493,3
0.01598559319972992,10494,3
0.011294039897620678,10495,3
0.2870239019393921,10496,3
0.014704275876283646,10497,3
0.02298956923186779,10498,3
0.1486937254667282,10499,3
0.03276224806904793,10500,3
0.028809908777475357,10501,3
0.019126810133457184,10502,3
0.015102557837963104,10503,3
0.03811649978160858,10504,3
0.013593379408121109,10505,3
0.14603304862976074,10506,3
0.01395865622907877,10507,3
0.06271626055240631,10508,3
0.012095256708562374,10509,3
0.010400433093309402,10510,3
0.06245500594377518,10511,3
0.010975487530231476,10512,3
0.07451651245355606,10513,3
0.014644346199929714,10514,3
0.029123511165380478,10515,3
0.02612476423382759,10516,3
0.06538145244121552,10517,3
0.012270288541913033,10518,3
0.031491585075855255,10519,3
0.022076429799199104,10520,3
0.025417089462280273,10521,3
0.00827757827937603,10522,3
0.006934436038136482,10523,3
0.017971599474549294,10524,3
0.018069539219141006,10525,3
0.014264091849327087,10526,3
0.009055038914084435,10527,3
0.015750735998153687,10528,3
0.007201801519840956,10529,3
0.006828073412179947,10530,3
0.018656937405467033,10531,3
0.07522431761026382,10532,3
0.035563621670007706,10533,3
0.33909863233566284,10534,3
0.012898499146103859,10535,3
0.025888096541166306,10536,3
0.20713435113430023,10537,3
0.015214323997497559,10538,3
0.006929637864232063,10539,3
0.03735410422086716,10540,3
0.027743201702833176,10541,3
0.27559971809387207,10542,3
0.007619098294526339,10543,3
0.017143338918685913,10544,3
0.012989907525479794,10545,3
0.023992067202925682,10546,3
0.024555925279855728,10547,3
0.16327528655529022,10548,3
0.06762506812810898,10549,3
0.010766761377453804,10550,3
0.046217042952775955,10551,3
0.03738047927618027,10552,3
0.08012580871582031,10553,3
0.011122431606054306,10554,3
0.19577382504940033,10555,3
0.011405919678509235,10556,3
0.014553403481841087,10557,3
0.00553614879027009,10558,3
0.08107771724462509,10559,3
0.013628900982439518,10560,3
0.03504147008061409,10561,3
0.0450814850628376,10562,3
0.08575994521379471,10563,3
0.007154351565986872,10564,3
0.0064508491195738316,10565,3
0.01296250894665718,10566,3
0.09585191309452057,10567,3
0.39356112480163574,10568,3
0.0057783303782343864,10569,3
0.017120860517024994,10570,3
0.259478360414505,10571,3
0.007481855805963278,10572,3
0.04721812903881073,10573,3
0.014137697406113148,10574,3
0.11077035963535309,10575,3
0.020567990839481354,10576,3
0.25854313373565674,10577,3
0.010628428310155869,10578,3
0.13393892347812653,10579,3
0.20088092982769012,10580,3
0.02066132426261902,10581,3
0.02071557193994522,10582,3
0.0071531375870108604,10583,3
0.011025275103747845,10584,3
0.017959222197532654,10585,3
0.02476520463824272,10586,3
0.1493540108203888,10587,3
0.011782441288232803,10588,3
0.07129418849945068,10589,3
0.009492803364992142,10590,3
0.012304531410336494,10591,3
0.013887587934732437,10592,3
0.02063969150185585,10593,3
0.009207699447870255,10594,3
0.017421342432498932,10595,3
0.13982471823692322,10596,3
0.07857359945774078,10597,3
0.011253641918301582,10598,3
0.3223762810230255,10599,3
0.026019837707281113,10600,3
0.020485583692789078,10601,3
0.03719218447804451,10602,3
0.009925737045705318,10603,3
0.0141828041523695,10604,3
0.02483953908085823,10605,3
0.010705044493079185,10606,3
0.008570803329348564,10607,3
0.02040453627705574,10608,3
0.013782830908894539,10609,3
0.1317622810602188,10610,3
0.10061781108379364,10611,3
0.3057115972042084,10612,3
0.011941153556108475,10613,3
0.2738823890686035,10614,3
0.0174409169703722,10615,3
0.01145937293767929,10616,3
0.015703432261943817,10617,3
0.02606809139251709,10618,3
0.006876467727124691,10619,3
0.012410836294293404,10620,3
0.013542532920837402,10621,3
0.009414294734597206,10622,3
0.009965226985514164,10623,3
0.074753537774086,10624,3
0.007402137853205204,10625,3
0.05229165405035019,10626,3
0.012934619560837746,10627,3
0.015245264396071434,10628,3
0.008010221645236015,10629,3
0.04446478933095932,10630,3
0.01671518385410309,10631,3
0.011395343579351902,10632,3
0.013627889566123486,10633,3
0.008205318823456764,10634,3
0.009156061336398125,10635,3
0.046453624963760376,10636,3
0.012637519277632236,10637,3
0.018901392817497253,10638,3
0.1430543065071106,10639,3
0.3065170645713806,10640,3
0.028596166521310806,10641,3
0.051045406609773636,10642,3
0.007913913577795029,10643,3
0.012488463893532753,10644,3
0.022042129188776016,10645,3
0.01354292780160904,10646,3
0.009596997871994972,10647,3
0.013074006885290146,10648,3
0.018578436225652695,10649,3
0.033286917954683304,10650,3
0.11609285324811935,10651,3
0.33158883452415466,10652,3
0.015177279710769653,10653,3
0.013927917927503586,10654,3
0.04188886657357216,10655,3
0.03731466457247734,10656,3
0.018456323072314262,10657,3
0.018623607233166695,10658,3
0.4504646062850952,10659,3
0.021637439727783203,10660,3
0.09058002382516861,10661,3
0.009139308705925941,10662,3
0.0072188060730695724,10663,3
0.01913050189614296,10664,3
0.008612147532403469,10665,3
0.18189628422260284,10666,3
0.01306368038058281,10667,3
0.010112840682268143,10668,3
0.012412792071700096,10669,3
0.010560432448983192,10670,3
0.015629999339580536,10671,3
0.03681538254022598,10672,3
0.012213114649057388,10673,3
0.02083522640168667,10674,3
0.006550402380526066,10675,3
0.007432762533426285,10676,3
0.0090989600867033,10677,3
0.01898779906332493,10678,3
0.07611948996782303,10679,3
0.01427511963993311,10680,3
0.019442731514573097,10681,3
0.007274581119418144,10682,3
0.009336177259683609,10683,3
0.01417568325996399,10684,3
0.009403098374605179,10685,3
0.021190527826547623,10686,3
0.40662065148353577,10687,3
0.18665075302124023,10688,3
0.09964324533939362,10689,3
0.007612297777086496,10690,3
0.03630657494068146,10691,3
0.29189375042915344,10692,3
0.023462601006031036,10693,3
0.010080444626510143,10694,3
0.11036580801010132,10695,3
0.014437518082559109,10696,3
0.1296147257089615,10697,3
0.21423321962356567,10698,3
0.005209634080529213,10699,3
0.015010103583335876,10700,3
0.04049880802631378,10701,3
0.021985996514558792,10702,3
0.053815074265003204,10703,3
0.014049774035811424,10704,3
0.15287062525749207,10705,3
0.020059220492839813,10706,3
0.006928820628672838,10707,3
0.04797511547803879,10708,3
0.02469394914805889,10709,3
0.00918304082006216,10710,3
0.03909722715616226,10711,3
0.01875019259750843,10712,3
0.009312247857451439,10713,3
0.022381015121936798,10714,3
0.010624968446791172,10715,3
0.012330330908298492,10716,3
0.008597681298851967,10717,3
0.03226460516452789,10718,3
0.31000763177871704,10719,3
0.016384413465857506,10720,3
0.1972900927066803,10721,3
0.014728812500834465,10722,3
0.4357408285140991,10723,3
0.013406360521912575,10724,3
0.05140314996242523,10725,3
0.010435288771986961,10726,3
0.006590789183974266,10727,3
0.038993947207927704,10728,3
0.012040648609399796,10729,3
0.017369335517287254,10730,3
0.011744711548089981,10731,3
0.013311577960848808,10732,3
0.017168764024972916,10733,3
0.033268097788095474,10734,3
0.3095518946647644,10735,3
0.20491980016231537,10736,3
0.01767311803996563,10737,3
0.050141505897045135,10738,3
0.0686141774058342,10739,3
0.007517498917877674,10740,3
0.014419871382415295,10741,3
0.0420432910323143,10742,3
0.35791975259780884,10743,3
0.22459131479263306,10744,3
0.1081494465470314,10745,3
0.013948008418083191,10746,3
0.014393819496035576,10747,3
0.2665921449661255,10748,3
0.32552778720855713,10749,3
0.2345474362373352,10750,3
0.020794294774532318,10751,3
0.011576986871659756,10752,3
0.06418311595916748,10753,3
0.01550848688930273,10754,3
0.009423987939953804,10755,3
0.008733578026294708,10756,3
0.008513141423463821,10757,3
0.019985433667898178,10758,3
0.1438191682100296,10759,3
0.052544232457876205,10760,3
0.01429776381701231,10761,3
0.01754569262266159,10762,3
0.015399761497974396,10763,3
0.03757350519299507,10764,3
0.26721054315567017,10765,3
0.05157727003097534,10766,3
0.06121688336133957,10767,3
0.09768201410770416,10768,3
0.012919865548610687,10769,3
0.02692285180091858,10770,3
0.027985721826553345,10771,3
0.016765352338552475,10772,3
0.009263509884476662,10773,3
0.3914704918861389,10774,3
0.09317527711391449,10775,3
0.009879698976874352,10776,3
0.011732717975974083,10777,3
0.0207684263586998,10778,3
0.01795085519552231,10779,3
0.02370007336139679,10780,3
0.1585588902235031,10781,3
0.010080389678478241,10782,3
0.02133410982787609,10783,3
0.02021203003823757,10784,3
0.3786170482635498,10785,3
0.04785553738474846,10786,3
0.009463685564696789,10787,3
0.010768353939056396,10788,3
0.01335708424448967,10789,3
0.01215938851237297,10790,3
0.10502529889345169,10791,3
0.1018938273191452,10792,3
0.1567290872335434,10793,3
0.011106230318546295,10794,3
0.04701356589794159,10795,3
0.010933194309473038,10796,3
0.04021534323692322,10797,3
0.2801905572414398,10798,3
0.008490702137351036,10799,3
0.015043061226606369,10800,3
0.4230395555496216,10801,3
0.020262114703655243,10802,3
0.010650867596268654,10803,3
0.018472906202077866,10804,3
0.025956321507692337,10805,3
0.017583224922418594,10806,3
0.00700130220502615,10807,3
0.017507780343294144,10808,3
0.07642310112714767,10809,3
0.00879005528986454,10810,3
0.07369642704725266,10811,3
0.0076894257217645645,10812,3
0.04831112176179886,10813,3
0.052806347608566284,10814,3
0.11318761110305786,10815,3
0.04134894534945488,10816,3
0.010938623920083046,10817,3
0.007994173094630241,10818,3
0.012234985828399658,10819,3
0.010252214968204498,10820,3
0.031856998801231384,10821,3
0.01722104847431183,10822,3
0.3496352732181549,10823,3
0.014967406168580055,10824,3
0.12837690114974976,10825,3
0.5615183711051941,10826,3
0.01668636128306389,10827,3
0.08467216789722443,10828,3
0.09530903398990631,10829,3
0.010550844483077526,10830,3
0.058602720499038696,10831,3
0.05241811275482178,10832,3
0.03073258325457573,10833,3
0.2786175012588501,10834,3
0.015391187742352486,10835,3
0.04836225509643555,10836,3
0.09134560823440552,10837,3
0.0295724980533123,10838,3
0.2868487536907196,10839,3
0.011761331930756569,10840,3
0.02770528383553028,10841,3
0.2873542308807373,10842,3
0.009206650778651237,10843,3
0.031022196635603905,10844,3
0.008851404301822186,10845,3
0.05519336462020874,10846,3
0.01931690238416195,10847,3
0.2405676692724228,10848,3
0.008243081159889698,10849,3
0.022052280604839325,10850,3
0.02639567106962204,10851,3
0.028201274573802948,10852,3
0.008120969869196415,10853,3
0.021380234509706497,10854,3
0.09343017637729645,10855,3
0.03527188301086426,10856,3
0.019683819264173508,10857,3
0.021114151924848557,10858,3
0.015656035393476486,10859,3
0.20709764957427979,10860,3
0.11231997609138489,10861,3
0.009222063235938549,10862,3
0.01913154497742653,10863,3
0.13944795727729797,10864,3
0.020636247470974922,10865,3
0.012782607227563858,10866,3
0.06156901270151138,10867,3
0.007086907513439655,10868,3
0.24647727608680725,10869,3
0.00960447359830141,10870,3
0.028074992820620537,10871,3
0.19328060746192932,10872,3
0.015941377729177475,10873,3
0.08048773556947708,10874,3
0.011547451838850975,10875,3
0.6519773602485657,10876,3
0.009797693230211735,10877,3
0.020418744534254074,10878,3
0.3353656232357025,10879,3
0.01930854097008705,10880,3
0.040754638612270355,10881,3
0.009432325139641762,10882,3
0.04134815186262131,10883,3
0.09568488597869873,10884,3
0.11631135642528534,10885,3
0.11214921623468399,10886,3
0.016744595021009445,10887,3
0.020085198804736137,10888,3
0.010757261887192726,10889,3
0.02608169987797737,10890,3
0.018250012770295143,10891,3
0.015696778893470764,10892,3
0.024125443771481514,10893,3
0.012967845425009727,10894,3
0.017772264778614044,10895,3
0.1056811735033989,10896,3
0.004413309507071972,10897,3
0.018087241798639297,10898,3
0.0061536747962236404,10899,3
0.02371186949312687,10900,3
0.014365630224347115,10901,3
0.05659811943769455,10902,3
0.2660825848579407,10903,3
0.06916623562574387,10904,3
0.015241540037095547,10905,3
0.022280165925621986,10906,3
0.10394732654094696,10907,3
0.06267741322517395,10908,3
0.024859396740794182,10909,3
0.011216910555958748,10910,3
0.02797948569059372,10911,3
0.05013025179505348,10912,3
0.016229664906859398,10913,3
0.26771479845046997,10914,3
0.22873565554618835,10915,3
0.011232323944568634,10916,3
0.08011080324649811,10917,3
0.01093897596001625,10918,3
0.02599908411502838,10919,3
0.014760065823793411,10920,3
0.01592327281832695,10921,3
0.04743020609021187,10922,3
0.03234188258647919,10923,3
0.007394957821816206,10924,3
0.059075646102428436,10925,3
0.008319701999425888,10926,3
0.011381341144442558,10927,3
0.013958694413304329,10928,3
0.013584722764790058,10929,3
0.016195310279726982,10930,3
0.009206181392073631,10931,3
0.05001974105834961,10932,3
0.030501345172524452,10933,3
0.015360543504357338,10934,3
0.013266416266560555,10935,3
0.018341338261961937,10936,3
0.016484318301081657,10937,3
0.015816817060112953,10938,3
0.010986399836838245,10939,3
0.0272965244948864,10940,3
0.1964821070432663,10941,3
0.02404864691197872,10942,3
0.01603642664849758,10943,3
0.21830081939697266,10944,3
0.008137048222124577,10945,3
0.054838329553604126,10946,3
0.04551396518945694,10947,3
0.006827442906796932,10948,3
0.02975752204656601,10949,3
0.10431434214115143,10950,3
0.018718145787715912,10951,3
0.020380757749080658,10952,3
0.032987698912620544,10953,3
0.03562759980559349,10954,3
0.018715988844633102,10955,3
0.020795047283172607,10956,3
0.0122514758259058,10957,3
0.005860468372702599,10958,3
0.013049374334514141,10959,3
0.013928784057497978,10960,3
0.07209214568138123,10961,3
0.1839277297258377,10962,3
0.012594714760780334,10963,3
0.020530380308628082,10964,3
0.016846513375639915,10965,3
0.01495689433068037,10966,3
0.008272882550954819,10967,3
0.029874764382839203,10968,3
0.019353967159986496,10969,3
0.037595484405756,10970,3
0.024303970858454704,10971,3
0.03539711609482765,10972,3
0.04234480857849121,10973,3
0.01079234667122364,10974,3
0.023618314415216446,10975,3
0.009831367991864681,10976,3
0.04737946391105652,10977,3
0.22347529232501984,10978,3
0.014930631034076214,10979,3
0.014849351719021797,10980,3
0.0131895886734128,10981,3
0.01034865528345108,10982,3
0.017341842874884605,10983,3
0.024785347282886505,10984,3
0.17548763751983643,10985,3
0.01966363936662674,10986,3
0.01939089596271515,10987,3
0.014252870343625546,10988,3
0.013104044832289219,10989,3
0.016694532707333565,10990,3
0.010908914729952812,10991,3
0.017744697630405426,10992,3
0.010025771334767342,10993,3
0.016654428094625473,10994,3
0.1365227997303009,10995,3
0.012504424899816513,10996,3
0.01703367382287979,10997,3
0.15122613310813904,10998,3
0.01451167743653059,10999,3
0.02909594029188156,11000,3
0.18056590855121613,11001,3
0.12999889254570007,11002,3
0.025135083124041557,11003,3
0.014261994510889053,11004,3
0.11853332817554474,11005,3
0.008079702965915203,11006,3
0.14844022691249847,11007,3
0.006611608434468508,11008,3
0.009225606918334961,11009,3
0.09616033732891083,11010,3
0.4027102291584015,11011,3
0.013118715956807137,11012,3
0.12812362611293793,11013,3
0.013723427429795265,11014,3
0.011341886594891548,11015,3
0.01041462179273367,11016,3
0.32106295228004456,11017,3
0.019292201846837997,11018,3
0.013020992279052734,11019,3
0.017582181841135025,11020,3
0.031264789402484894,11021,3
0.009674105793237686,11022,3
0.009805699810385704,11023,3
0.021426361054182053,11024,3
0.010798853822052479,11025,3
0.014742557890713215,11026,3
0.011842533014714718,11027,3
0.14818909764289856,11028,3
0.04609024524688721,11029,3
0.029477760195732117,11030,3
0.007536194287240505,11031,3
0.07675471901893616,11032,3
0.15802712738513947,11033,3
0.05374963581562042,11034,3
0.017069276422262192,11035,3
0.14567068219184875,11036,3
0.011428391560912132,11037,3
0.010443609207868576,11038,3
0.028644751757383347,11039,3
0.010618673637509346,11040,3
0.011917772702872753,11041,3
0.02827955037355423,11042,3
0.017825568094849586,11043,3
0.023696428164839745,11044,3
0.02337704598903656,11045,3
0.020841579884290695,11046,3
0.16171367466449738,11047,3
0.01631816290318966,11048,3
0.052407070994377136,11049,3
0.015842072665691376,11050,3
0.03650214523077011,11051,3
0.1441105604171753,11052,3
0.010763419792056084,11053,3
0.060184020549058914,11054,3
0.0235412809997797,11055,3
0.3559928238391876,11056,3
0.22039498388767242,11057,3
0.014288948848843575,11058,3
0.013862011954188347,11059,3
0.1040935143828392,11060,3
0.05160859599709511,11061,3
0.023417752236127853,11062,3
0.011198416352272034,11063,3
0.039849650114774704,11064,3
0.30937549471855164,11065,3
0.01819443516433239,11066,3
0.01538693718612194,11067,3
0.004035562742501497,11068,3
0.023341279476881027,11069,3
0.00974762998521328,11070,3
0.013011092320084572,11071,3
0.03316913917660713,11072,3
0.011153310537338257,11073,3
0.011618021875619888,11074,3
0.015575519762933254,11075,3
0.06299082189798355,11076,3
0.0357537679374218,11077,3
0.031228139996528625,11078,3
0.008105375804007053,11079,3
0.012480959296226501,11080,3
0.007625963538885117,11081,3
0.009628144092857838,11082,3
0.2735010087490082,11083,3
0.008296499028801918,11084,3
0.012421328574419022,11085,3
0.02422703243792057,11086,3
0.03344414755702019,11087,3
0.0422418974339962,11088,3
0.022997666150331497,11089,3
0.014631037600338459,11090,3
0.04676343500614166,11091,3
0.3792918920516968,11092,3
0.009801628068089485,11093,3
0.011055182665586472,11094,3
0.009553822688758373,11095,3
0.013197151944041252,11096,3
0.009656094014644623,11097,3
0.009155070409178734,11098,3
0.012331857345998287,11099,3
0.007102857809513807,11100,3
0.01703576371073723,11101,3
0.3416861891746521,11102,3
0.012642103247344494,11103,3
0.018108736723661423,11104,3
0.005558098666369915,11105,3
0.024493874981999397,11106,3
0.01275304239243269,11107,3
0.09726681560277939,11108,3
0.005881394725292921,11109,3
0.013048890978097916,11110,3
0.017705123871564865,11111,3
0.0963594913482666,11112,3
0.01251952163875103,11113,3
0.020380843430757523,11114,3
0.032517462968826294,11115,3
0.025611482560634613,11116,3
0.03260137140750885,11117,3
0.009620260447263718,11118,3
0.011253586038947105,11119,3
0.011401934549212456,11120,3
0.007809225004166365,11121,3
0.03330317512154579,11122,3
0.007089466787874699,11123,3
0.019564008340239525,11124,3
0.016558755189180374,11125,3
0.015227501280605793,11126,3
0.5087801814079285,11127,3
0.08875096589326859,11128,3
0.17962512373924255,11129,3
0.005940057337284088,11130,3
0.21369509398937225,11131,3
0.346488893032074,11132,3
0.016482099890708923,11133,3
0.01071840524673462,11134,3
0.16915667057037354,11135,3
0.12579482793807983,11136,3
0.047148678451776505,11137,3
0.01064977701753378,11138,3
0.44017019867897034,11139,3
0.0182734876871109,11140,3
0.01328541524708271,11141,3
0.012830235995352268,11142,3
0.008049104362726212,11143,3
0.3939723074436188,11144,3
0.1627763956785202,11145,3
0.009491918608546257,11146,3
0.013938292860984802,11147,3
0.034719690680503845,11148,3
0.012517252005636692,11149,3
0.017451150342822075,11150,3
0.3145845830440521,11151,3
0.009330155327916145,11152,3
0.05080857872962952,11153,3
0.14748157560825348,11154,3
0.019776755943894386,11155,3
0.20044995844364166,11156,4
0.03032578155398369,11157,4
0.01062291394919157,11158,4
0.3188782334327698,11159,4
0.04577066749334335,11160,4
0.0096512446179986,11161,4
0.03287462890148163,11162,4
0.009249135851860046,11163,4
0.0078051649034023285,11164,4
0.017133481800556183,11165,4
0.14646321535110474,11166,4
0.022881468757987022,11167,4
0.19001002609729767,11168,4
0.1062229797244072,11169,4
0.02661539614200592,11170,4
0.013555571436882019,11171,4
0.010238636285066605,11172,4
0.019687924534082413,11173,4
0.01940091885626316,11174,4
0.17669758200645447,11175,4
0.09351417422294617,11176,4
0.08760268241167068,11177,4
0.5078818202018738,11178,4
0.016523592174053192,11179,4
0.12794898450374603,11180,4
0.006142293103039265,11181,4
0.6393734216690063,11182,4
0.01259666308760643,11183,4
0.027202017605304718,11184,4
0.010019777342677116,11185,4
0.12980854511260986,11186,4
0.3095592260360718,11187,4
0.05193230137228966,11188,4
0.0492931567132473,11189,4
0.03215635195374489,11190,4
0.5313350558280945,11191,4
0.04263535887002945,11192,4
0.010664490051567554,11193,4
0.27355629205703735,11194,4
0.31438326835632324,11195,4
0.014606716111302376,11196,4
0.013470038771629333,11197,4
0.03209739550948143,11198,4
0.32788997888565063,11199,4
0.1624208688735962,11200,4
0.02096378616988659,11201,4
0.00864700973033905,11202,4
0.0077012404799461365,11203,4
0.0833975225687027,11204,4
0.03331097587943077,11205,4
0.018810927867889404,11206,4
0.13640806078910828,11207,4
0.052505478262901306,11208,4
0.02627049945294857,11209,4
0.28517743945121765,11210,4
0.01898328959941864,11211,4
0.014108873903751373,11212,4
0.19179295003414154,11213,4
0.2347802072763443,11214,4
0.03217315301299095,11215,4
0.020657578483223915,11216,4
0.026010405272245407,11217,4
0.016783755272626877,11218,4
0.03800691291689873,11219,4
0.027900444343686104,11220,4
0.08893024921417236,11221,4
0.0120781771838665,11222,4
0.009797255508601665,11223,4
0.03279048949480057,11224,4
0.009960017167031765,11225,4
0.07674939930438995,11226,4
0.07284138351678848,11227,4
0.025057729333639145,11228,4
0.02002144418656826,11229,4
0.029375461861491203,11230,4
0.023384548723697662,11231,4
0.0407397523522377,11232,4
0.013411888852715492,11233,4
0.07086300849914551,11234,4
0.051109835505485535,11235,4
0.011832794174551964,11236,4
0.023541610687971115,11237,4
0.3408907651901245,11238,4
0.009676369838416576,11239,4
0.01645694673061371,11240,4
0.019907670095562935,11241,4
0.009273272007703781,11242,4
0.012429161928594112,11243,4
0.04058237746357918,11244,4
0.02446955069899559,11245,4
0.018972188234329224,11246,4
0.007653612643480301,11247,4
0.020494025200605392,11248,4
0.009668806567788124,11249,4
0.008393543772399426,11250,4
0.011806060560047626,11251,4
0.013121843338012695,11252,4
0.007791857235133648,11253,4
0.008404044434428215,11254,4
0.04819108173251152,11255,4
0.017283741384744644,11256,4
0.007792569696903229,11257,4
0.024227801710367203,11258,4
0.0123665202409029,11259,4
0.0404496043920517,11260,4
0.09397073835134506,11261,4
0.017530210316181183,11262,4
0.06123863160610199,11263,4
0.020524855703115463,11264,4
0.05145074799656868,11265,4
0.02001682110130787,11266,4
0.0627816766500473,11267,4
0.022928966209292412,11268,4
0.009715070016682148,11269,4
0.2342272698879242,11270,4
0.0071312421932816505,11271,4
0.4074847996234894,11272,4
0.09130859375,11273,4
0.015261583961546421,11274,4
0.1870303452014923,11275,4
0.02344365231692791,11276,4
0.021951084956526756,11277,4
0.012971810065209866,11278,4
0.0729709193110466,11279,4
0.014547964558005333,11280,4
0.04889203608036041,11281,4
0.06868470460176468,11282,4
0.008995246142148972,11283,4
0.008432123810052872,11284,4
0.08539684861898422,11285,4
0.32876744866371155,11286,4
0.008641119115054607,11287,4
0.011013324372470379,11288,4
0.006153251510113478,11289,4
0.06589517742395401,11290,4
0.01872316375374794,11291,4
0.12687695026397705,11292,4
0.16743527352809906,11293,4
0.00659654987975955,11294,4
0.31640613079071045,11295,4
0.07010892778635025,11296,4
0.014901956543326378,11297,4
0.010592136532068253,11298,4
0.009238999336957932,11299,4
0.01983433961868286,11300,4
0.01734362356364727,11301,4
0.3020257353782654,11302,4
0.26018327474594116,11303,4
0.008927077054977417,11304,4
0.13567900657653809,11305,4
0.011677335016429424,11306,4
0.04651735723018646,11307,4
0.028823813423514366,11308,4
0.2748030722141266,11309,4
0.05668345466256142,11310,4
0.4205871820449829,11311,4
0.36679744720458984,11312,4
0.01500664558261633,11313,4
0.04146520793437958,11314,4
0.03969812020659447,11315,4
0.009900327771902084,11316,4
0.013885846361517906,11317,4
0.010142171755433083,11318,4
0.012888846918940544,11319,4
0.015343072824180126,11320,4
0.32063478231430054,11321,4
0.06281714141368866,11322,4
0.048965200781822205,11323,4
0.0112718865275383,11324,4
0.05619696155190468,11325,4
0.016501497477293015,11326,4
0.006242427974939346,11327,4
0.6908653974533081,11328,4
0.014181196689605713,11329,4
0.010915298014879227,11330,4
0.09623384475708008,11331,4
0.015891999006271362,11332,4
0.015846436843276024,11333,4
0.01621808111667633,11334,4
0.012778554111719131,11335,4
0.008211239241063595,11336,4
0.01214632112532854,11337,4
0.06773573905229568,11338,4
0.02382366545498371,11339,4
0.02758929505944252,11340,4
0.04967835545539856,11341,4
0.12718936800956726,11342,4
0.013432644307613373,11343,4
0.03261852636933327,11344,4
0.011308996006846428,11345,4
0.24463029205799103,11346,4
0.035902976989746094,11347,4
0.015246274881064892,11348,4
0.01939082145690918,11349,4
0.038804538547992706,11350,4
0.011230255477130413,11351,4
0.023249037563800812,11352,4
0.0378493070602417,11353,4
0.010122459381818771,11354,4
0.02161802351474762,11355,4
0.11624133586883545,11356,4
0.012435736134648323,11357,4
0.008621333166956902,11358,4
0.02140653319656849,11359,4
0.17332075536251068,11360,4
0.013837934471666813,11361,4
0.03206576034426689,11362,4
0.016694527119398117,11363,4
0.0119823282584548,11364,4
0.0834169089794159,11365,4
0.010366838425397873,11366,4
0.010483542457222939,11367,4
0.02532542310655117,11368,4
0.017107810825109482,11369,4
0.011543705128133297,11370,4
0.010278568603098392,11371,4
0.1670973002910614,11372,4
0.03804560750722885,11373,4
0.02175668068230152,11374,4
0.01758754625916481,11375,4
0.012941860593855381,11376,4
0.283465176820755,11377,4
0.014078406617045403,11378,4
0.20052450895309448,11379,4
0.3466050624847412,11380,4
0.018251797184348106,11381,4
0.01387866958975792,11382,4
0.013090470805764198,11383,4
0.03410610556602478,11384,4
0.041142407804727554,11385,4
0.020946137607097626,11386,4
0.1026340201497078,11387,4
0.1476898193359375,11388,4
0.0594133660197258,11389,4
0.0496409572660923,11390,4
0.00422405730932951,11391,4
0.0269804447889328,11392,4
0.18824812769889832,11393,4
0.007065948098897934,11394,4
0.010008566081523895,11395,4
0.016965791583061218,11396,4
0.01930505596101284,11397,4
0.01461874134838581,11398,4
0.010598013177514076,11399,4
0.03492426127195358,11400,4
0.009144371375441551,11401,4
0.062040217220783234,11402,4
0.006536935456097126,11403,4
0.025135135278105736,11404,4
0.013570861890912056,11405,4
0.01848270371556282,11406,4
0.00989624485373497,11407,4
0.01586172543466091,11408,4
0.02287556603550911,11409,4
0.020098866894841194,11410,4
0.032785724848508835,11411,4
0.013242385350167751,11412,4
0.20590583980083466,11413,4
0.008448376320302486,11414,4
0.00976877473294735,11415,4
0.1401054710149765,11416,4
0.012796131893992424,11417,4
0.009394757449626923,11418,4
0.03918229416012764,11419,4
0.017478376626968384,11420,4
0.016431381925940514,11421,4
0.01679004356265068,11422,4
0.22408804297447205,11423,4
0.018160056322813034,11424,4
0.008138511329889297,11425,4
0.010405775159597397,11426,4
0.17585143446922302,11427,4
0.012637719511985779,11428,4
0.016305506229400635,11429,4
0.011250107549130917,11430,4
0.013670488260686398,11431,4
0.014012584462761879,11432,4
0.013047268614172935,11433,4
0.007344244979321957,11434,4
0.012008365243673325,11435,4
0.24281010031700134,11436,4
0.023365816101431847,11437,4
0.023605868220329285,11438,4
0.011663475073873997,11439,4
0.013011970557272434,11440,4
0.1930522471666336,11441,4
0.014534265734255314,11442,4
0.012473836541175842,11443,4
0.006417444907128811,11444,4
0.01537452731281519,11445,4
0.16888603568077087,11446,4
0.10874191671609879,11447,4
0.020599013194441795,11448,4
0.05759494751691818,11449,4
0.33662790060043335,11450,4
0.01631813868880272,11451,4
0.009268059395253658,11452,4
0.03843360394239426,11453,4
0.06911327689886093,11454,4
0.012925147078931332,11455,4
0.012207185849547386,11456,4
0.07645697891712189,11457,4
0.233856201171875,11458,4
0.21906235814094543,11459,4
0.00817037932574749,11460,4
0.029711244627833366,11461,4
0.2572815716266632,11462,4
0.038411833345890045,11463,4
0.02043415792286396,11464,4
0.014350056648254395,11465,4
0.016899000853300095,11466,4
0.00999438390135765,11467,4
0.021982310339808464,11468,4
0.018875397741794586,11469,4
0.01698409393429756,11470,4
0.14871427416801453,11471,4
0.012495124712586403,11472,4
0.07356399297714233,11473,4
0.052529871463775635,11474,4
0.007266238331794739,11475,4
0.032020941376686096,11476,4
0.017113402485847473,11477,4
0.008012085221707821,11478,4
0.03040328249335289,11479,4
0.013001307845115662,11480,4
0.030359111726284027,11481,4
0.06394868344068527,11482,4
0.040171969681978226,11483,4
0.01879461109638214,11484,4
0.017008114606142044,11485,4
0.013715142384171486,11486,4
0.1832783967256546,11487,4
0.011903205886483192,11488,4
0.015859466046094894,11489,4
0.015302028506994247,11490,4
0.03697852045297623,11491,4
0.034655701369047165,11492,4
0.013017470017075539,11493,4
0.3918336033821106,11494,4
0.2919800877571106,11495,4
0.28301122784614563,11496,4
0.013631433248519897,11497,4
0.09835096448659897,11498,4
0.016960930079221725,11499,4
0.008889928460121155,11500,4
0.015042045153677464,11501,4
0.015203270129859447,11502,4
0.009287020191550255,11503,4
0.01709332875907421,11504,4
0.011600153520703316,11505,4
0.009751568548381329,11506,4
0.3610957860946655,11507,4
0.015555676072835922,11508,4
0.055298417806625366,11509,4
0.05100587382912636,11510,4
0.012888085097074509,11511,4
0.08267758041620255,11512,4
0.02342969924211502,11513,4
0.03499767929315567,11514,4
0.011166192591190338,11515,4
0.024861793965101242,11516,4
0.008731076493859291,11517,4
0.009021375328302383,11518,4
0.014176229946315289,11519,4
0.020642463117837906,11520,4
0.009485282003879547,11521,4
0.061019543558359146,11522,4
0.012374978512525558,11523,4
0.04933346435427666,11524,4
0.008647597394883633,11525,4
0.008491300977766514,11526,4
0.477118581533432,11527,4
0.03925032168626785,11528,4
0.008003698661923409,11529,4
0.011391056701540947,11530,4
0.2981245517730713,11531,4
0.010310332290828228,11532,4
0.007954811677336693,11533,4
0.008775675669312477,11534,4
0.012217894196510315,11535,4
0.009242866188287735,11536,4
0.026532497256994247,11537,4
0.03995351865887642,11538,4
0.010711168870329857,11539,4
0.19845077395439148,11540,4
0.025490716099739075,11541,4
0.009304579347372055,11542,4
0.021719299256801605,11543,4
0.07366620004177094,11544,4
0.16015766561031342,11545,4
0.17756116390228271,11546,4
0.0782497376203537,11547,4
0.04869488626718521,11548,4
0.015576338395476341,11549,4
0.30076003074645996,11550,4
0.008649971336126328,11551,4
0.03239808604121208,11552,4
0.07244870066642761,11553,4
0.005601746495813131,11554,4
0.024816231802105904,11555,4
0.007850045338273048,11556,4
0.014095582067966461,11557,4
0.06058314070105553,11558,4
0.011723950505256653,11559,4
0.018337756395339966,11560,4
0.0072057731449604034,11561,4
0.009786255657672882,11562,4
0.012739378958940506,11563,4
0.035878825932741165,11564,4
0.6266174912452698,11565,4
0.03450625017285347,11566,4
0.040340207517147064,11567,4
0.026929551735520363,11568,4
0.025249741971492767,11569,4
0.009481379762291908,11570,4
0.08404860645532608,11571,4
0.02893003262579441,11572,4
0.01952824741601944,11573,4
0.03446986898779869,11574,4
0.03824198246002197,11575,4
0.013728559948503971,11576,4
0.011564172804355621,11577,4
0.317490816116333,11578,4
0.3296350836753845,11579,4
0.009501088410615921,11580,4
0.06668263673782349,11581,4
0.048800140619277954,11582,4
0.0246739462018013,11583,4
0.024657830595970154,11584,4
0.014142287895083427,11585,4
0.01164432242512703,11586,4
0.27107131481170654,11587,4
0.049197107553482056,11588,4
0.015441767871379852,11589,4
0.013943716883659363,11590,4
0.017629852518439293,11591,4
0.04272586107254028,11592,4
0.009382456541061401,11593,4
0.017162414267659187,11594,4
0.03507482260465622,11595,4
0.014401979744434357,11596,4
0.2012442797422409,11597,4
0.03478026017546654,11598,4
0.00603799894452095,11599,4
0.011748474091291428,11600,4
0.01735852286219597,11601,4
0.011220980435609818,11602,4
0.02010936290025711,11603,4
0.014586882665753365,11604,4
0.006241719238460064,11605,4
0.015411353670060635,11606,4
0.009105665609240532,11607,4
0.008252758532762527,11608,4
0.01995908096432686,11609,4
0.018703483045101166,11610,4
0.04830539971590042,11611,4
0.18120795488357544,11612,4
0.013953178189694881,11613,4
0.010786890983581543,11614,4
0.02002682350575924,11615,4
0.013197112828493118,11616,4
0.007969969883561134,11617,4
0.010739966295659542,11618,4
0.012017905712127686,11619,4
0.045957185328006744,11620,4
0.014601211063563824,11621,4
0.2246636003255844,11622,4
0.1685936152935028,11623,4
0.022549135610461235,11624,4
0.02063187211751938,11625,4
0.009750659577548504,11626,4
0.009165523573756218,11627,4
0.10797342658042908,11628,4
0.030343765392899513,11629,4
0.14731425046920776,11630,4
0.017870385199785233,11631,4
0.012398404069244862,11632,4
0.37199586629867554,11633,4
0.010405081324279308,11634,4
0.03414091840386391,11635,4
0.15622930228710175,11636,4
0.007592979818582535,11637,4
0.013682004995644093,11638,4
0.01637842319905758,11639,4
0.33063778281211853,11640,4
0.010937227867543697,11641,4
0.0474337562918663,11642,4
0.014646288007497787,11643,4
0.01273360289633274,11644,4
0.012721627950668335,11645,4
0.0129513218998909,11646,4
0.012051036581397057,11647,4
0.00837000086903572,11648,4
0.017684202641248703,11649,4
0.010356247425079346,11650,4
0.011776412837207317,11651,4
0.01377816591411829,11652,4
0.010855448432266712,11653,4
0.012026182375848293,11654,4
0.06506596505641937,11655,4
0.2726069390773773,11656,4
0.08867786079645157,11657,4
0.043039124459028244,11658,4
0.013716166839003563,11659,4
0.00756287993863225,11660,4
0.012236778624355793,11661,4
0.014538977295160294,11662,4
0.045177869498729706,11663,4
0.029012855142354965,11664,4
0.13921865820884705,11665,4
0.01475396566092968,11666,4
0.016855834051966667,11667,4
0.011272331699728966,11668,4
0.008478038012981415,11669,4
0.02258593961596489,11670,4
0.007949329912662506,11671,4
0.023214560002088547,11672,4
0.008500021882355213,11673,4
0.02371295355260372,11674,4
0.03493686392903328,11675,4
0.26363277435302734,11676,4
0.013403082266449928,11677,4
0.01201723888516426,11678,4
0.025779964402318,11679,4
0.018965888768434525,11680,4
0.021263983100652695,11681,4
0.015253916382789612,11682,4
0.21632614731788635,11683,4
0.08671091496944427,11684,4
0.00882323645055294,11685,4
0.01121734082698822,11686,4
0.007529427297413349,11687,4
0.05934763327240944,11688,4
0.1279996931552887,11689,4
0.0513041727244854,11690,4
0.28261399269104004,11691,4
0.026027144864201546,11692,4
0.00960741937160492,11693,4
0.023397263139486313,11694,4
0.014006190001964569,11695,4
0.006169741973280907,11696,4
0.008805518038570881,11697,4
0.004870053846389055,11698,4
0.01571524143218994,11699,4
0.01745021715760231,11700,4
0.019814468920230865,11701,4
0.07192357629537582,11702,4
0.01169140636920929,11703,4
0.006457475945353508,11704,4
0.012298155575990677,11705,4
0.008735248818993568,11706,4
0.040673866868019104,11707,4
0.10281974822282791,11708,4
0.009811243042349815,11709,4
0.02539082244038582,11710,4
0.026711400598287582,11711,4
0.1272023320198059,11712,4
0.01103109773248434,11713,4
0.06800965219736099,11714,4
0.036966316401958466,11715,4
0.013773009181022644,11716,4
0.03476136177778244,11717,4
0.009373141452670097,11718,4
0.12407545000314713,11719,4
0.015474305488169193,11720,4
0.28413447737693787,11721,4
0.01671649143099785,11722,4
0.02486184984445572,11723,4
0.011705194599926472,11724,4
0.00987381674349308,11725,4
0.0649910718202591,11726,4
0.019464489072561264,11727,4
0.12401479482650757,11728,4
0.28471639752388,11729,4
0.018106652423739433,11730,4
0.07069186866283417,11731,4
0.008074828423559666,11732,4
0.2964639365673065,11733,4
0.005191467236727476,11734,4
0.2675422430038452,11735,4
0.0065526096150279045,11736,4
0.0038624200969934464,11737,4
0.012617465108633041,11738,4
0.012383019551634789,11739,4
0.011308892630040646,11740,4
0.011294678784906864,11741,4
0.033900801092386246,11742,4
0.20483383536338806,11743,4
0.01417379081249237,11744,4
0.13509675860404968,11745,4
0.03410390019416809,11746,4
0.016558535397052765,11747,4
0.03245348110795021,11748,4
0.15101312100887299,11749,4
0.01534079760313034,11750,4
0.03037726879119873,11751,4
0.028274066746234894,11752,4
0.027672385796904564,11753,4
0.013794317841529846,11754,4
0.13897068798542023,11755,4
0.30387791991233826,11756,4
0.019185049459338188,11757,4
0.01357379648834467,11758,4
0.012148156762123108,11759,4
0.012244677171111107,11760,4
0.03637578710913658,11761,4
0.5094329714775085,11762,4
0.015273872762918472,11763,4
0.008441112004220486,11764,4
0.01072519551962614,11765,4
0.3239903450012207,11766,4
0.040271274745464325,11767,4
0.04117301106452942,11768,4
0.015350387431681156,11769,4
0.00839223712682724,11770,4
0.021150434389710426,11771,4
0.025351395830512047,11772,4
0.025297973304986954,11773,4
0.009745984338223934,11774,4
0.19401971995830536,11775,4
0.0292493999004364,11776,4
0.011512314900755882,11777,4
0.020023126155138016,11778,4
0.01514231413602829,11779,4
0.00841488316655159,11780,4
0.01572747714817524,11781,4
0.09375923126935959,11782,4
0.008181947283446789,11783,4
0.027737831696867943,11784,4
0.1297990381717682,11785,4
0.15830077230930328,11786,4
0.02347104623913765,11787,4
0.016238100826740265,11788,4
0.012289379723370075,11789,4
0.30288058519363403,11790,4
0.020924512296915054,11791,4
0.20834513008594513,11792,4
0.013227803632616997,11793,4
0.013228901661932468,11794,4
0.11476963758468628,11795,4
0.31316450238227844,11796,4
0.025330867618322372,11797,4
0.38598528504371643,11798,4
0.47555050253868103,11799,4
0.01627824828028679,11800,4
0.14078758656978607,11801,4
0.011856443248689175,11802,4
0.014790136367082596,11803,4
0.012809379026293755,11804,4
0.018855366855859756,11805,4
0.8632708191871643,11806,4
0.009343059733510017,11807,4
0.009550409391522408,11808,4
0.07272635400295258,11809,4
0.015621393918991089,11810,4
0.013859881088137627,11811,4
0.022050149738788605,11812,4
0.035086750984191895,11813,4
0.01363335084170103,11814,4
0.04265099763870239,11815,4
0.02671530470252037,11816,4
0.03317812830209732,11817,4
0.020627249032258987,11818,4
0.022511973977088928,11819,4
0.06306923925876617,11820,4
0.031212378293275833,11821,4
0.017423149198293686,11822,4
0.009748989716172218,11823,4
0.007576935924589634,11824,4
0.012289775535464287,11825,4
0.018625158816576004,11826,4
0.019627980887889862,11827,4
0.02067292481660843,11828,4
0.009542189538478851,11829,4
0.012869060039520264,11830,4
0.10784982144832611,11831,4
0.3549399673938751,11832,4
0.3119205832481384,11833,4
0.01625370793044567,11834,4
0.017878524959087372,11835,4
0.012278575450181961,11836,4
0.18416984379291534,11837,4
0.011997109279036522,11838,4
0.010427714325487614,11839,4
0.011229053139686584,11840,4
0.007346420548856258,11841,4
0.08173985779285431,11842,4
0.12619993090629578,11843,4
0.07759883999824524,11844,4
0.0156398918479681,11845,4
0.005341873504221439,11846,4
0.010211092419922352,11847,4
0.03924074023962021,11848,4
0.012449607253074646,11849,4
0.31701916456222534,11850,4
0.023093746975064278,11851,4
0.0167231485247612,11852,4
0.04843252897262573,11853,4
0.09362192451953888,11854,4
0.024231940507888794,11855,4
0.39502769708633423,11856,4
0.03136635571718216,11857,4
0.1650385856628418,11858,4
0.0687256008386612,11859,4
0.011663272976875305,11860,4
0.07504567503929138,11861,4
0.02137632481753826,11862,4
0.028296565636992455,11863,4
0.014055131934583187,11864,4
0.006142516154795885,11865,4
0.019205015152692795,11866,4
0.00989573448896408,11867,4
0.009194632060825825,11868,4
0.011525476351380348,11869,4
0.011279167607426643,11870,4
0.011235079728066921,11871,4
0.0059305052272975445,11872,4
0.0064107393845915794,11873,4
0.05058594048023224,11874,4
0.009994788095355034,11875,4
0.008296052925288677,11876,4
0.1831410527229309,11877,4
0.01079094223678112,11878,4
0.05639081075787544,11879,4
0.011327243410050869,11880,4
0.005449042189866304,11881,4
0.230403333902359,11882,4
0.010671627707779408,11883,4
0.007518087513744831,11884,4
0.01682283543050289,11885,4
0.012469489127397537,11886,4
0.009084239602088928,11887,4
0.3031289279460907,11888,4
0.01401097234338522,11889,4
0.5527805685997009,11890,4
0.008590283803641796,11891,4
0.028185803443193436,11892,4
0.0156980212777853,11893,4
0.006694220472127199,11894,4
0.011654267087578773,11895,4
0.015295585617423058,11896,4
0.013258835300803185,11897,4
0.26925724744796753,11898,4
0.01712210662662983,11899,4
0.12988951802253723,11900,4
0.12777182459831238,11901,4
0.04246986284852028,11902,4
0.021079840138554573,11903,4
0.12252432852983475,11904,4
0.012099230661988258,11905,4
0.024908818304538727,11906,4
0.011912817135453224,11907,4
0.01434811856597662,11908,4
0.01157456636428833,11909,4
0.03842722624540329,11910,4
0.09886576980352402,11911,4
0.0918181836605072,11912,4
0.008372412994503975,11913,4
0.016825947910547256,11914,4
0.06032947450876236,11915,4
0.009232892654836178,11916,4
0.11155328154563904,11917,4
0.013409461826086044,11918,4
0.017591292038559914,11919,4
0.05099579691886902,11920,4
0.014798293821513653,11921,4
0.15609799325466156,11922,4
0.01599302515387535,11923,4
0.13918697834014893,11924,4
0.00856480561196804,11925,4
0.3854212164878845,11926,4
0.012095244601368904,11927,4
0.014033082872629166,11928,4
0.0189814493060112,11929,4
0.006721037440001965,11930,4
0.10728183388710022,11931,4
0.020284848287701607,11932,4
0.3280940651893616,11933,4
0.004764416255056858,11934,4
0.01531205978244543,11935,4
0.03429703414440155,11936,4
0.005107884295284748,11937,4
0.03977910429239273,11938,4
0.00679932301864028,11939,4
0.014799900352954865,11940,4
0.014613866806030273,11941,4
0.009802579879760742,11942,4
0.012104766443371773,11943,4
0.03909458965063095,11944,4
0.011568600311875343,11945,4
0.010855842381715775,11946,4
0.03221258893609047,11947,4
0.031077461317181587,11948,4
0.018070533871650696,11949,4
0.005619133356958628,11950,4
0.013806605711579323,11951,4
0.028252480551600456,11952,4
0.011739612556993961,11953,4
0.2690346837043762,11954,4
0.32032474875450134,11955,4
0.024264683946967125,11956,4
0.008028740994632244,11957,4
0.01944868080317974,11958,4
0.027713622897863388,11959,4
0.013268997892737389,11960,4
0.3247566223144531,11961,4
0.04861817881464958,11962,4
0.04376862198114395,11963,4
0.021256636828184128,11964,4
0.011123319156467915,11965,4
0.01735321618616581,11966,4
0.04300647974014282,11967,4
0.02842629887163639,11968,4
0.008795942179858685,11969,4
0.005434747785329819,11970,4
0.016029778867959976,11971,4
0.017157884314656258,11972,4
0.00999784842133522,11973,4
0.00677803810685873,11974,4
0.005629358813166618,11975,4
0.0138750821352005,11976,4
0.02163768745958805,11977,4
0.014354949817061424,11978,4
0.07336477935314178,11979,4
0.015809178352355957,11980,4
0.009767774492502213,11981,4
0.006676941644400358,11982,4
0.014285827986896038,11983,4
0.0065044499933719635,11984,4
0.01409315038472414,11985,4
0.028112463653087616,11986,4
0.24446402490139008,11987,4
0.009428021498024464,11988,4
0.017232459038496017,11989,4
0.015353434719145298,11990,4
0.010131146758794785,11991,4
0.008448392152786255,11992,4
0.010857729241251945,11993,4
0.025141427293419838,11994,4
0.01361946389079094,11995,4
0.11795450747013092,11996,4
0.360950767993927,11997,4
0.00676991231739521,11998,4
0.009055369533598423,11999,4
0.19460374116897583,12000,4
0.06787039339542389,12001,4
0.008691579103469849,12002,4
0.008719961158931255,12003,4
0.014349786564707756,12004,4
0.03782317787408829,12005,4
0.007690975908190012,12006,4
0.024763276800513268,12007,4
0.31417199969291687,12008,4
0.019097914919257164,12009,4
0.011272097006440163,12010,4
0.005796648561954498,12011,4
0.3705301582813263,12012,4
0.016523882746696472,12013,4
0.004961784929037094,12014,4
0.047807727009058,12015,4
0.029850978404283524,12016,4
0.025090355426073074,12017,4
0.047035396099090576,12018,4
0.00986756943166256,12019,4
0.2702902555465698,12020,4
0.013335437513887882,12021,4
0.11589593440294266,12022,4
0.008218210190534592,12023,4
0.013373199850320816,12024,4
0.01072290912270546,12025,4
0.07611580938100815,12026,4
0.28466129302978516,12027,4
0.0137000922113657,12028,4
0.08320334553718567,12029,4
0.3258005380630493,12030,4
0.23187315464019775,12031,4
0.006778714247047901,12032,4
0.00875178910791874,12033,4
0.07277039438486099,12034,4
0.057825829833745956,12035,4
0.01821977272629738,12036,4
0.018614577129483223,12037,4
0.10670727491378784,12038,4
0.0070805419236421585,12039,4
0.012920942157506943,12040,4
0.014286468736827374,12041,4
0.5895257592201233,12042,4
0.01114161778241396,12043,4
0.01380549930036068,12044,4
0.008221792057156563,12045,4
0.02652866765856743,12046,4
0.014113880693912506,12047,4
0.007273700088262558,12048,4
0.013441719114780426,12049,4
0.00715568708255887,12050,4
0.010706068016588688,12051,4
0.02070976048707962,12052,4
0.008689779788255692,12053,4
0.013295536860823631,12054,4
0.009402033872902393,12055,4
0.006015259772539139,12056,4
0.0050356630235910416,12057,4
0.23877102136611938,12058,4
0.010266518220305443,12059,4
0.025323305279016495,12060,4
0.10627775639295578,12061,4
0.026117665693163872,12062,4
0.01041027344763279,12063,4
0.011615898460149765,12064,4
0.026015769690275192,12065,4
0.013270627707242966,12066,4
0.013102897442877293,12067,4
0.2986413836479187,12068,4
0.014513770118355751,12069,4
0.015892423689365387,12070,4
0.05475102365016937,12071,4
0.013717523775994778,12072,4
0.009176095947623253,12073,4
0.03779001161456108,12074,4
0.013473795726895332,12075,4
0.008601187728345394,12076,4
0.11712624132633209,12077,4
0.029171938076615334,12078,4
0.011329565197229385,12079,4
0.3457047939300537,12080,4
0.005998101085424423,12081,4
0.015216234140098095,12082,4
0.17423492670059204,12083,4
0.01409311592578888,12084,4
0.00750201428309083,12085,4
0.01905636489391327,12086,4
0.013842865824699402,12087,4
0.013001632876694202,12088,4
0.015064967796206474,12089,4
0.04271005839109421,12090,4
0.036275554448366165,12091,4
0.14419445395469666,12092,4
0.04295296594500542,12093,4
0.013719896785914898,12094,4
0.10243012011051178,12095,4
0.17592203617095947,12096,4
0.013568449765443802,12097,4
0.040141716599464417,12098,4
0.011562156490981579,12099,4
0.12610003352165222,12100,4
0.016298241913318634,12101,4
0.014807699248194695,12102,4
0.009965711273252964,12103,4
0.06824909150600433,12104,4
0.011138340458273888,12105,4
0.13488014042377472,12106,4
0.010149997659027576,12107,4
0.013535200618207455,12108,4
0.07491963356733322,12109,4
0.11085151135921478,12110,4
0.025711368769407272,12111,4
0.007336481474339962,12112,4
0.07184439897537231,12113,4
0.02712966687977314,12114,4
0.018883604556322098,12115,4
0.00688007939606905,12116,4
0.008181043900549412,12117,4
0.030329640954732895,12118,4
0.07975781708955765,12119,4
0.007754937745630741,12120,4
0.046142980456352234,12121,4
0.024688461795449257,12122,4
0.008503992110490799,12123,4
0.11638101935386658,12124,4
0.01530370768159628,12125,4
0.08542735874652863,12126,4
0.012652216479182243,12127,4
0.0076267896220088005,12128,4
0.018729327246546745,12129,4
0.013890119269490242,12130,4
0.009172091260552406,12131,4
0.31360483169555664,12132,4
0.019051026552915573,12133,4
0.2761758267879486,12134,4
0.0639103353023529,12135,4
0.22699174284934998,12136,4
0.21836824715137482,12137,4
0.016376256942749023,12138,4
0.15802496671676636,12139,4
0.031366534531116486,12140,4
0.2960721254348755,12141,4
0.06490583717823029,12142,4
0.019900882616639137,12143,4
0.008022461086511612,12144,4
0.02583499439060688,12145,4
0.038609471172094345,12146,4
0.01929783821105957,12147,4
0.009587268345057964,12148,4
0.23485878109931946,12149,4
0.014645994640886784,12150,4
0.020361710339784622,12151,4
0.047205038368701935,12152,4
0.008978325873613358,12153,4
0.007322038523852825,12154,4
0.023833705112338066,12155,4
0.011052493005990982,12156,4
0.01158030517399311,12157,4
0.01583365723490715,12158,4
0.13114948570728302,12159,4
0.014008779078722,12160,4
0.010698169469833374,12161,4
0.07337182760238647,12162,4
0.07309884577989578,12163,4
0.006038834806531668,12164,4
0.08587397634983063,12165,4
0.026239650323987007,12166,4
0.008201325312256813,12167,4
0.32606592774391174,12168,4
0.35209396481513977,12169,4
0.036379847675561905,12170,4
0.009464861825108528,12171,4
0.017652831971645355,12172,4
0.010552209801971912,12173,4
0.2926614582538605,12174,4
0.11052139103412628,12175,4
0.015905188396573067,12176,4
0.007379977963864803,12177,4
0.007587766274809837,12178,4
0.01675964519381523,12179,4
0.009281037375330925,12180,4
0.011817113496363163,12181,4
0.009222686290740967,12182,4
0.017727220430970192,12183,4
0.012856405228376389,12184,4
0.010765928775072098,12185,4
0.013020968995988369,12186,4
0.016342945396900177,12187,4
0.009388094767928123,12188,4
0.17352204024791718,12189,4
0.194718599319458,12190,4
0.016114652156829834,12191,4
0.030051182955503464,12192,4
0.23146185278892517,12193,4
0.01413085125386715,12194,4
0.01101420447230339,12195,4
0.06697338074445724,12196,4
0.015875060111284256,12197,4
0.05826367810368538,12198,4
0.0161425918340683,12199,4
0.03359633684158325,12200,4
0.08020251244306564,12201,4
0.024735478684306145,12202,4
0.0068240235559642315,12203,4
0.02960040606558323,12204,4
0.007989471778273582,12205,4
0.24808494746685028,12206,4
0.01017448678612709,12207,4
0.016844788566231728,12208,4
0.28565704822540283,12209,4
0.007887959480285645,12210,4
0.02627376839518547,12211,4
0.01245887577533722,12212,4
0.09558122605085373,12213,4
0.045072268694639206,12214,4
0.054405249655246735,12215,4
0.05966039001941681,12216,4
0.012786268256604671,12217,4
0.1447637975215912,12218,4
0.02354079857468605,12219,4
0.08181053400039673,12220,4
0.014778274111449718,12221,4
0.018821319565176964,12222,4
0.30274590849876404,12223,4
0.045632824301719666,12224,4
0.009463850408792496,12225,4
0.34733712673187256,12226,4
0.0498085580766201,12227,4
0.2841106355190277,12228,4
0.03516333922743797,12229,4
0.013298636302351952,12230,4
0.010621676221489906,12231,4
0.038419660180807114,12232,4
0.017758240923285484,12233,4
0.021906428039073944,12234,4
0.013517074286937714,12235,4
0.011626861058175564,12236,4
0.21425053477287292,12237,4
0.10611772537231445,12238,4
0.24792149662971497,12239,4
0.10960769653320312,12240,4
0.013849306851625443,12241,4
0.011884051375091076,12242,4
0.012587523087859154,12243,4
0.040432825684547424,12244,4
0.11988016217947006,12245,4
0.009282264858484268,12246,4
0.11985813826322556,12247,4
0.3011649250984192,12248,4
0.008212924003601074,12249,4
0.014216537587344646,12250,4
0.11204022914171219,12251,4
0.011679595336318016,12252,4
0.014372454956173897,12253,4
0.013892341405153275,12254,4
0.3819621801376343,12255,4
0.007743071299046278,12256,4
0.04557991772890091,12257,4
0.013209402561187744,12258,4
0.04774637520313263,12259,4
0.32720792293548584,12260,4
0.022803429514169693,12261,4
0.0243840329349041,12262,4
0.020713994279503822,12263,4
0.10214575380086899,12264,4
0.0128026083111763,12265,4
0.011794117279350758,12266,4
0.013032577931880951,12267,4
0.018591299653053284,12268,4
0.010090923868119717,12269,4
0.021055471152067184,12270,4
0.035361915826797485,12271,4
0.21080590784549713,12272,4
0.022480133920907974,12273,4
0.09080049395561218,12274,4
0.007918215356767178,12275,4
0.06726410239934921,12276,4
0.01507057249546051,12277,4
0.01078669261187315,12278,4
0.009928002953529358,12279,4
0.007614112924784422,12280,4
0.030780695378780365,12281,4
0.043742965906858444,12282,4
0.00621890788897872,12283,4
0.015721485018730164,12284,4
0.01681383140385151,12285,4
0.008499391376972198,12286,4
0.020464537665247917,12287,4
0.011757882311940193,12288,4
0.006827342323958874,12289,4
0.014350992627441883,12290,4
0.032212868332862854,12291,4
0.10199309140443802,12292,4
0.062433164566755295,12293,4
0.08634200692176819,12294,4
0.007883072830736637,12295,4
0.010037106461822987,12296,4
0.009893587790429592,12297,4
0.1347581148147583,12298,4
0.00961439311504364,12299,4
0.08015668392181396,12300,4
0.014691677875816822,12301,4
0.025879748165607452,12302,4
0.22975017130374908,12303,4
0.11888791620731354,12304,4
0.02192852273583412,12305,4
0.09300444275140762,12306,4
0.030118610709905624,12307,4
0.1160253956913948,12308,4
0.009955836459994316,12309,4
0.027037624269723892,12310,4
0.010135556571185589,12311,4
0.08387009054422379,12312,4
0.011810999363660812,12313,4
0.024000339210033417,12314,4
0.010305672883987427,12315,4
0.021885056048631668,12316,4
0.008904281072318554,12317,4
0.013133769854903221,12318,4
0.0053625330328941345,12319,4
0.086268350481987,12320,4
0.021736791357398033,12321,4
0.007167277857661247,12322,4
0.024754948914051056,12323,4
0.36166292428970337,12324,4
0.049669645726680756,12325,4
0.016721680760383606,12326,4
0.033224593847990036,12327,4
0.0108352554962039,12328,4
0.008232026360929012,12329,4
0.02931470423936844,12330,4
0.01208449061959982,12331,4
0.1910524219274521,12332,4
0.03053954616189003,12333,4
0.016500025987625122,12334,4
0.00997944362461567,12335,4
0.08663351833820343,12336,4
0.00839458778500557,12337,4
0.3493855595588684,12338,4
0.014125320129096508,12339,4
0.013037476688623428,12340,4
0.017466429620981216,12341,4
0.028394129127264023,12342,4
0.008026063442230225,12343,4
0.16259147226810455,12344,4
0.010957281105220318,12345,4
0.023602470755577087,12346,4
0.00797266699373722,12347,4
0.026942072436213493,12348,4
0.010284525342285633,12349,4
0.008404547348618507,12350,4
0.03723100572824478,12351,4
0.008629463613033295,12352,4
0.005546758882701397,12353,4
0.009010134264826775,12354,4
0.02233300358057022,12355,4
0.015974292531609535,12356,4
0.0070799570530653,12357,4
0.026600506156682968,12358,4
0.007483134977519512,12359,4
0.008209828287363052,12360,4
0.12052102386951447,12361,4
0.017167821526527405,12362,4
0.01089286245405674,12363,4
0.23293989896774292,12364,4
0.028802385553717613,12365,4
0.015386655926704407,12366,4
0.013405232690274715,12367,4
0.011720600537955761,12368,4
0.11975711584091187,12369,4
0.009454017505049706,12370,4
0.007262819446623325,12371,4
0.04606088995933533,12372,4
0.02388618513941765,12373,4
0.011208047159016132,12374,4
0.013243488036096096,12375,4
0.007133379112929106,12376,4
0.01132037304341793,12377,4
0.01597989723086357,12378,4
0.03552577272057533,12379,4
0.016409367322921753,12380,4
0.007761373184621334,12381,4
0.009158110246062279,12382,4
0.009195331484079361,12383,4
0.020460957661271095,12384,4
0.005240193568170071,12385,4
0.008543247357010841,12386,4
0.008910881355404854,12387,4
0.008481714874505997,12388,4
0.00974169373512268,12389,4
0.05149424821138382,12390,4
0.012626868672668934,12391,4
0.007564152590930462,12392,4
0.013338521122932434,12393,4
0.009062934666872025,12394,4
0.8473734855651855,12395,4
0.007066711783409119,12396,4
0.0071845632046461105,12397,4
0.39657753705978394,12398,4
0.005426450632512569,12399,4
0.22453933954238892,12400,4
0.010864891111850739,12401,4
0.014152752235531807,12402,4
0.008048756048083305,12403,4
0.012223140336573124,12404,4
0.04856124147772789,12405,4
0.017916928976774216,12406,4
0.037076130509376526,12407,4
0.026078779250383377,12408,4
0.014408718794584274,12409,4
0.013267818838357925,12410,4
0.3435790240764618,12411,4
0.06237560883164406,12412,4
0.31265658140182495,12413,4
0.14632035791873932,12414,4
0.009591922163963318,12415,4
0.011048207990825176,12416,4
0.01729266345500946,12417,4
0.04625808075070381,12418,4
0.3194034695625305,12419,4
0.007529811002314091,12420,4
0.012476585805416107,12421,4
0.0281209759414196,12422,4
0.19373545050621033,12423,4
0.015524596907198429,12424,4
0.008929828181862831,12425,4
0.04143450781702995,12426,4
0.017702095210552216,12427,4
0.446581095457077,12428,4
0.013140536844730377,12429,4
0.02481437847018242,12430,4
0.007982803508639336,12431,4
0.009388613514602184,12432,4
0.27987462282180786,12433,4
0.020734088495373726,12434,4
0.01352312508970499,12435,4
0.009940316900610924,12436,4
0.0077742463909089565,12437,4
0.008717840537428856,12438,4
0.01588572934269905,12439,4
0.01029073167592287,12440,4
0.19733309745788574,12441,4
0.01557212695479393,12442,4
0.009191768243908882,12443,4
0.08468972146511078,12444,4
0.1655689775943756,12445,4
0.3554512560367584,12446,4
0.01988391950726509,12447,4
0.011959483847022057,12448,4
0.01289586815983057,12449,4
0.008770245127379894,12450,4
0.016581812873482704,12451,4
0.04181649908423424,12452,4
0.007075389381498098,12453,4
0.01623551920056343,12454,4
0.017109207808971405,12455,4
0.5263634324073792,12456,4
0.019976889714598656,12457,4
0.42362451553344727,12458,4
0.10798424482345581,12459,4
0.014610289596021175,12460,4
0.015747960656881332,12461,4
0.012833094224333763,12462,4
0.012056579813361168,12463,4
0.01778551936149597,12464,4
0.16290244460105896,12465,4
0.12163470685482025,12466,4
0.4378938376903534,12467,4
0.015069739893078804,12468,4
0.536932647228241,12469,4
0.016854381188750267,12470,4
0.09007991850376129,12471,4
0.043536581099033356,12472,4
0.009429749101400375,12473,4
0.0347650945186615,12474,4
0.06658726930618286,12475,4
0.013693733140826225,12476,4
0.007776286918669939,12477,4
0.02448783442378044,12478,4
0.16185705363750458,12479,4
0.01821121945977211,12480,4
0.02021683007478714,12481,4
0.028267966583371162,12482,4
0.008496517315506935,12483,4
0.02039673924446106,12484,4
0.012976262718439102,12485,4
0.6162856817245483,12486,4
0.23618066310882568,12487,4
0.17499376833438873,12488,4
0.03221537545323372,12489,4
0.07279036194086075,12490,4
0.007616984657943249,12491,4
0.023519203066825867,12492,4
0.10490744560956955,12493,4
0.027617977932095528,12494,4
0.010459786280989647,12495,4
0.008388386107981205,12496,4
0.01194382831454277,12497,4
0.007673619315028191,12498,4
0.011502981185913086,12499,4
0.020081713795661926,12500,4
0.11534647643566132,12501,4
0.01881108060479164,12502,4
0.016594424843788147,12503,4
0.007665248587727547,12504,4
0.007892953231930733,12505,4
0.030083129182457924,12506,4
0.028736267238855362,12507,4
0.013050631619989872,12508,4
0.01264914870262146,12509,4
0.04497508332133293,12510,4
0.01135827973484993,12511,4
0.1540585607290268,12512,4
0.10084564983844757,12513,4
0.0060706976801157,12514,4
0.016204530373215675,12515,4
0.00778425857424736,12516,4
0.08450886607170105,12517,4
0.013186405412852764,12518,4
0.2655230164527893,12519,4
0.015841076150536537,12520,4
0.010443746112287045,12521,4
0.07828033715486526,12522,4
0.008465485647320747,12523,4
0.3964076638221741,12524,4
0.00961388647556305,12525,4
0.02577691711485386,12526,4
0.013587910681962967,12527,4
0.034218382090330124,12528,4
0.010538244619965553,12529,4
0.04108099266886711,12530,4
0.00909852422773838,12531,4
0.009705075062811375,12532,4
0.03476714715361595,12533,4
0.1003226488828659,12534,4
0.009526693262159824,12535,4
0.006135429255664349,12536,4
0.009539253078401089,12537,4
0.007032833993434906,12538,4
0.013414686545729637,12539,4
0.01793704926967621,12540,4
0.025237366557121277,12541,4
0.009371346794068813,12542,4
0.14507551491260529,12543,4
0.01559806615114212,12544,4
0.011655121110379696,12545,4
0.012152564711868763,12546,4
0.007931659929454327,12547,4
0.016719277948141098,12548,4
0.007202957756817341,12549,4
0.009035129100084305,12550,4
0.03137988969683647,12551,4
0.24155256152153015,12552,4
0.33536002039909363,12553,4
0.009720866568386555,12554,4
0.015962470322847366,12555,4
0.07851571589708328,12556,4
0.2484164535999298,12557,4
0.05868270993232727,12558,4
0.06478516012430191,12559,4
0.012198399752378464,12560,4
0.030326414853334427,12561,4
0.16709895431995392,12562,4
0.008902249857783318,12563,4
0.01237419992685318,12564,4
0.012558123096823692,12565,4
0.006352664902806282,12566,4
0.012836815789341927,12567,4
0.005439583212137222,12568,4
0.011637836694717407,12569,4
0.010455448180437088,12570,4
0.00969766266644001,12571,4
0.016584623605012894,12572,4
0.23524557054042816,12573,4
0.0773131474852562,12574,4
0.029052548110485077,12575,4
0.023472709581255913,12576,4
0.006949264090508223,12577,4
0.00945097953081131,12578,4
0.013867514207959175,12579,4
0.29436346888542175,12580,4
0.008531270548701286,12581,4
0.008181385695934296,12582,4
0.01948176883161068,12583,4
0.013035411946475506,12584,4
0.015229406766593456,12585,4
0.19340768456459045,12586,4
0.019899841398000717,12587,4
0.008070864714682102,12588,4
0.049265600740909576,12589,4
0.009064263664186,12590,4
0.012965124100446701,12591,4
0.09003753960132599,12592,4
0.018129758536815643,12593,4
0.12064344435930252,12594,4
0.01758735440671444,12595,4
0.011570322327315807,12596,4
0.013564364053308964,12597,4
0.029138224199414253,12598,4
0.009495444595813751,12599,4
0.010472804307937622,12600,4
0.2339058369398117,12601,4
0.018861927092075348,12602,4
0.029631221666932106,12603,4
0.3111940622329712,12604,4
0.014838807284832,12605,4
0.015193266794085503,12606,4
0.03731723502278328,12607,4
0.01799839362502098,12608,4
0.014318931847810745,12609,4
0.0617825984954834,12610,4
0.028039952740073204,12611,4
0.010632292367517948,12612,4
0.015873098745942116,12613,4
0.00814488809555769,12614,4
0.011999504640698433,12615,4
0.011319182813167572,12616,4
0.026278456673026085,12617,4
0.008096718229353428,12618,4
0.01416638121008873,12619,4
0.5034299492835999,12620,4
0.0054216207936406136,12621,4
0.07620701193809509,12622,4
0.034103404730558395,12623,4
0.021565094590187073,12624,4
0.013751862570643425,12625,4
0.009595734067261219,12626,4
0.005591357126832008,12627,4
0.007912086322903633,12628,4
0.04130464419722557,12629,4
0.457989901304245,12630,4
0.012385109439492226,12631,4
0.0062733786180615425,12632,4
0.12773397564888,12633,4
0.004734405316412449,12634,4
0.010426132008433342,12635,4
0.012655716389417648,12636,4
0.010567834600806236,12637,4
0.012220064178109169,12638,4
0.08943608403205872,12639,4
0.2582453191280365,12640,4
0.16112840175628662,12641,4
0.007952377200126648,12642,4
0.008741351775825024,12643,4
0.028865357860922813,12644,4
0.008381536230444908,12645,4
0.2378220558166504,12646,4
0.006141304969787598,12647,4
0.01576343923807144,12648,4
0.24558617174625397,12649,4
0.12250857800245285,12650,4
0.3532397150993347,12651,4
0.04732021689414978,12652,4
0.15728987753391266,12653,4
0.029374469071626663,12654,4
0.1257149577140808,12655,4
0.011751513928174973,12656,4
0.2927728295326233,12657,4
0.05797829478979111,12658,4
0.015476275235414505,12659,4
0.05735786631703377,12660,4
0.006487675942480564,12661,4
0.024196017533540726,12662,4
0.008314177393913269,12663,4
0.011679587885737419,12664,4
0.009805344045162201,12665,4
0.008495792746543884,12666,4
0.007481121923774481,12667,4
0.061789534986019135,12668,4
0.013700860552489758,12669,4
0.27979323267936707,12670,4
0.008538318797945976,12671,4
0.030361343175172806,12672,4
0.016258183866739273,12673,4
0.02282942645251751,12674,4
0.0065121036022901535,12675,4
0.006961716804653406,12676,4
0.011372797191143036,12677,4
0.011415157467126846,12678,4
0.004490932449698448,12679,4
0.008150801993906498,12680,4
0.027105264365673065,12681,4
0.027109693735837936,12682,4
0.007719907909631729,12683,4
0.009906478226184845,12684,4
0.01519473735243082,12685,4
0.0066138338297605515,12686,4
0.03732379153370857,12687,4
0.07397480309009552,12688,4
0.03957460820674896,12689,4
0.02017104998230934,12690,4
0.020481331273913383,12691,4
0.007664823904633522,12692,4
0.05722329765558243,12693,4
0.022262273356318474,12694,4
0.02186688780784607,12695,4
0.43937748670578003,12696,4
0.009237192571163177,12697,4
0.010433745570480824,12698,4
0.008344445377588272,12699,4
0.007964407093822956,12700,4
0.021433841437101364,12701,4
0.030177343636751175,12702,4
0.007002877537161112,12703,4
0.014131304807960987,12704,4
0.11721121519804001,12705,4
0.010834605433046818,12706,4
0.01869247481226921,12707,4
0.009670001454651356,12708,4
0.22932232916355133,12709,4
0.0068522565998137,12710,4
0.057745859026908875,12711,4
0.00610301224514842,12712,4
0.00710441404953599,12713,4
0.010392440482974052,12714,4
0.02369719184935093,12715,4
0.010026044212281704,12716,4
0.011005369946360588,12717,4
0.07637286931276321,12718,4
0.024950096383690834,12719,4
0.018330823630094528,12720,4
0.016585443168878555,12721,4
0.013377280905842781,12722,4
0.009624883532524109,12723,4
0.008086610585451126,12724,4
0.1467040479183197,12725,4
0.032373301684856415,12726,4
0.010988500900566578,12727,4
0.03763273358345032,12728,4
0.008889065124094486,12729,4
0.01176904235035181,12730,4
0.014716670848429203,12731,4
0.008812177926301956,12732,4
0.009430240839719772,12733,4
0.17480452358722687,12734,4
0.008810553699731827,12735,4
0.015307895839214325,12736,4
0.007526942528784275,12737,4
0.10149102658033371,12738,4
0.007964173331856728,12739,4
0.09775152802467346,12740,4
0.020274847745895386,12741,4
0.011061109602451324,12742,4
0.004953708965331316,12743,4
0.008492626249790192,12744,4
0.008977056480944157,12745,4
0.01670735701918602,12746,4
0.034106895327568054,12747,4
0.005512915551662445,12748,4
0.006569957360625267,12749,4
0.0094076506793499,12750,4
0.0077007547952234745,12751,4
0.2743566036224365,12752,4
0.021212263032794,12753,4
0.012256989255547523,12754,4
0.019404156133532524,12755,4
0.0075727785006165504,12756,4
0.1115952879190445,12757,4
0.01874420791864395,12758,4
0.010892841033637524,12759,4
0.024802733212709427,12760,4
0.04668297618627548,12761,4
0.015587486326694489,12762,4
0.038066573441028595,12763,4
0.007731851190328598,12764,4
0.008465801365673542,12765,4
0.010761845856904984,12766,4
0.00904715433716774,12767,4
0.007596061564981937,12768,4
0.034754153341054916,12769,4
0.27063608169555664,12770,4
0.008611153811216354,12771,4
0.01522529125213623,12772,4
0.004760954063385725,12773,4
0.11189530789852142,12774,4
0.45314139127731323,12775,4
0.00520655233412981,12776,4
0.011265194974839687,12777,4
0.27398768067359924,12778,4
0.21649308502674103,12779,4
0.2749854624271393,12780,4
0.010935411788523197,12781,4
0.030930692330002785,12782,4
0.03264840692281723,12783,4
0.014744087122380733,12784,4
0.010487591847777367,12785,4
0.016510749235749245,12786,4
0.05751330778002739,12787,4
0.014157883822917938,12788,4
0.007264585234224796,12789,4
0.028370633721351624,12790,4
0.012457450851798058,12791,4
0.03151595965027809,12792,4
0.011213038116693497,12793,4
0.01013073232024908,12794,4
0.015971999615430832,12795,4
0.005851045250892639,12796,4
0.005039859563112259,12797,4
0.004187451675534248,12798,4
0.0349617637693882,12799,4
0.011180197820067406,12800,4
0.09107690304517746,12801,4
0.01478525809943676,12802,4
0.006890402641147375,12803,4
0.04606461152434349,12804,4
0.050140466541051865,12805,4
0.010782564990222454,12806,4
0.012964424677193165,12807,4
0.1774366945028305,12808,4
0.12919384241104126,12809,4
0.03436257690191269,12810,4
0.012962083332240582,12811,4
0.043891265988349915,12812,4
0.011348683387041092,12813,4
0.009484285488724709,12814,4
0.007860863581299782,12815,4
0.004991495981812477,12816,4
0.007738957647234201,12817,4
0.21821920573711395,12818,4
0.2631271183490753,12819,4
0.050535898655653,12820,4
0.08782607316970825,12821,4
0.020625654608011246,12822,4
0.007623150944709778,12823,4
0.0071581704542040825,12824,4
0.009955237619578838,12825,4
0.03598814085125923,12826,4
0.011796553619205952,12827,4
0.018861660733819008,12828,4
0.009168386459350586,12829,4
0.04403803497552872,12830,4
0.010590663179755211,12831,4
0.008235672488808632,12832,4
0.0802784264087677,12833,4
0.010673437267541885,12834,4
0.298844575881958,12835,4
0.043222375214099884,12836,4
0.04523015022277832,12837,4
0.025165794417262077,12838,4
0.012126902118325233,12839,4
0.005509615410119295,12840,4
0.009188423864543438,12841,4
0.05392534285783768,12842,4
0.1576339155435562,12843,4
0.013245152309536934,12844,4
0.19307897984981537,12845,4
0.05802306905388832,12846,4
0.009405162185430527,12847,4
0.013234836049377918,12848,4
0.008041810244321823,12849,4
0.008246257901191711,12850,4
0.01010097749531269,12851,4
0.009708194993436337,12852,4
0.022122008726000786,12853,4
0.11948810517787933,12854,4
0.27203071117401123,12855,4
0.009450839832425117,12856,4
0.021857161074876785,12857,4
0.024464715272188187,12858,4
0.12369166314601898,12859,4
0.06492271274328232,12860,4
0.019096694886684418,12861,4
0.014103317633271217,12862,4
0.053695641458034515,12863,4
0.014436052180826664,12864,4
0.013005722314119339,12865,4
0.025693021714687347,12866,4
0.016650471836328506,12867,4
0.008939596824347973,12868,4
0.028193052858114243,12869,4
0.012239683419466019,12870,4
0.005951776169240475,12871,4
0.06515393406152725,12872,4
0.1274469643831253,12873,4
0.34462299942970276,12874,4
0.01098179817199707,12875,4
0.019046366214752197,12876,4
0.009187818504869938,12877,4
0.10372436046600342,12878,4
0.01575455069541931,12879,4
0.2916076183319092,12880,4
0.012387890368700027,12881,4
0.0127220768481493,12882,4
0.045311205089092255,12883,4
0.3145029842853546,12884,4
0.01320529542863369,12885,4
0.02471940964460373,12886,4
0.00722229341045022,12887,4
0.006764395162463188,12888,4
0.010905744507908821,12889,4
0.02944929525256157,12890,4
0.031883496791124344,12891,4
0.00816362351179123,12892,4
0.05476151779294014,12893,4
0.05877619609236717,12894,4
0.006242552772164345,12895,4
0.028916023671627045,12896,4
0.011116700246930122,12897,4
0.008595963940024376,12898,4
0.013718022033572197,12899,4
0.008889080956578255,12900,4
0.01488489843904972,12901,4
0.11866448819637299,12902,4
0.015459354966878891,12903,4
0.01771390624344349,12904,4
0.012683477252721786,12905,4
0.004553166218101978,12906,4
0.010108210146427155,12907,4
0.05361418426036835,12908,4
0.007507481146603823,12909,4
0.007647482678294182,12910,4
0.031121548265218735,12911,4
0.013399552553892136,12912,4
0.013242334127426147,12913,4
0.008316668681800365,12914,4
0.018874600529670715,12915,4
0.011660254560410976,12916,4
0.09556543827056885,12917,4
0.0192454531788826,12918,4
0.26048630475997925,12919,4
0.006527397781610489,12920,4
0.34986385703086853,12921,4
0.010839886963367462,12922,4
0.18814292550086975,12923,4
0.11256005614995956,12924,4
0.00826878659427166,12925,4
0.2555728256702423,12926,4
0.09327220916748047,12927,4
0.015700779855251312,12928,4
0.007999571040272713,12929,4
0.011473425664007664,12930,4
0.020317912101745605,12931,4
0.24161496758460999,12932,4
0.005888838786631823,12933,4
0.038916587829589844,12934,4
0.07409105449914932,12935,4
0.012100211344659328,12936,4
0.029987281188368797,12937,4
0.12065307796001434,12938,4
0.01828444004058838,12939,4
0.20850175619125366,12940,4
0.010171733796596527,12941,4
0.12625867128372192,12942,4
0.014101015403866768,12943,4
0.018942713737487793,12944,4
0.014183719642460346,12945,4
0.013499748893082142,12946,4
0.02916582114994526,12947,4
0.00911987479776144,12948,4
0.01407559122890234,12949,4
0.026013784110546112,12950,4
0.016349300742149353,12951,4
0.02324051223695278,12952,4
0.41616109013557434,12953,4
0.06923625618219376,12954,4
0.01942490041255951,12955,4
0.01518324762582779,12956,4
0.009104495868086815,12957,4
0.06833598017692566,12958,4
0.012366389855742455,12959,4
0.18047259747982025,12960,4
0.0066872090101242065,12961,4
0.018856024369597435,12962,4
0.008672158233821392,12963,4
0.1766984462738037,12964,4
0.0434727743268013,12965,4
0.011595191434025764,12966,4
0.04066072404384613,12967,4
0.06982969492673874,12968,4
0.3038754165172577,12969,4
0.06891930103302002,12970,4
0.009962907060980797,12971,4
0.07609330862760544,12972,4
0.007005319464951754,12973,4
0.20014652609825134,12974,4
0.011273088864982128,12975,4
0.2531278729438782,12976,4
0.25234323740005493,12977,4
0.015080610290169716,12978,4
0.03412517160177231,12979,4
0.007521912455558777,12980,4
0.010096332058310509,12981,4
0.009795179590582848,12982,4
0.013924071565270424,12983,4
0.009572598151862621,12984,4
0.009551823139190674,12985,4
0.007385447155684233,12986,4
0.006964164786040783,12987,4
0.013257141225039959,12988,4
0.08558806031942368,12989,4
0.016584308817982674,12990,4
0.005175324622541666,12991,4
0.2624123990535736,12992,4
0.011001219972968102,12993,4
0.014544857665896416,12994,4
0.010051471181213856,12995,4
0.013978359289467335,12996,4
0.025409070774912834,12997,4
0.0050181010738015175,12998,4
0.015247222036123276,12999,4
0.007307316642254591,13000,4
0.010779132135212421,13001,4
0.04804212972521782,13002,4
0.02570226788520813,13003,4
0.012244820594787598,13004,4
0.11104925721883774,13005,4
0.010570861399173737,13006,4
0.007477446459233761,13007,4
0.011978279799222946,13008,4
0.008399955928325653,13009,4
0.0152960866689682,13010,4
0.593525230884552,13011,4
0.04826384782791138,13012,4
0.07854138314723969,13013,4
0.008989447727799416,13014,4
0.05219527333974838,13015,4
0.013172066770493984,13016,4
0.010090695694088936,13017,4
0.007994649931788445,13018,4
0.005943582393229008,13019,4
0.10243789851665497,13020,4
0.03271583095192909,13021,4
0.02869103103876114,13022,4
0.00650598993524909,13023,4
0.006573326885700226,13024,4
0.11991037428379059,13025,4
0.009641948156058788,13026,4
0.02591674029827118,13027,4
0.5850718021392822,13028,4
0.03383951261639595,13029,4
0.2168433964252472,13030,4
0.34008949995040894,13031,4
0.06807760894298553,13032,4
0.015545936301350594,13033,4
0.04591822251677513,13034,4
0.005417190957814455,13035,4
0.006110155954957008,13036,4
0.013601704500615597,13037,4
0.11241663247346878,13038,4
0.013578821904957294,13039,4
0.0062519246712327,13040,4
0.01879783347249031,13041,4
0.05702538043260574,13042,4
0.22306902706623077,13043,4
0.045062385499477386,13044,4
0.009805276989936829,13045,4
0.007055690046399832,13046,4
0.016733655706048012,13047,4
0.023583916947245598,13048,4
0.011177445761859417,13049,4
0.01767725870013237,13050,4
0.018338339403271675,13051,4
0.07009972631931305,13052,4
0.5150681734085083,13053,4
0.01712057553231716,13054,4
0.008193458430469036,13055,4
0.21190297603607178,13056,4
0.009915283881127834,13057,4
0.014572150073945522,13058,4
0.09229806810617447,13059,4
0.09002046287059784,13060,4
0.01040131226181984,13061,4
0.014648376032710075,13062,4
0.059991151094436646,13063,4
0.03599613159894943,13064,4
0.00852846447378397,13065,4
0.037637047469615936,13066,4
0.00875721126794815,13067,4
0.3231772482395172,13068,4
0.02788267843425274,13069,4
0.010832857340574265,13070,4
0.31338945031166077,13071,4
0.021048087626695633,13072,4
0.01052042841911316,13073,4
0.009820236824452877,13074,4
0.009302902966737747,13075,4
0.014687523245811462,13076,4
0.09502675384283066,13077,4
0.017128337174654007,13078,4
0.01362040638923645,13079,4
0.007773463614284992,13080,4
0.12522807717323303,13081,4
0.024504980072379112,13082,4
0.010066721588373184,13083,4
0.013487258926033974,13084,4
0.012814091518521309,13085,4
0.012022125534713268,13086,4
0.00868086889386177,13087,4
0.018438618630170822,13088,4
0.014880967326462269,13089,4
0.012616184540092945,13090,4
0.010689126327633858,13091,4
0.021347027271986008,13092,4
0.03759336471557617,13093,4
0.008474232628941536,13094,4
0.012043263763189316,13095,4
0.014514880254864693,13096,4
0.01725611463189125,13097,4
0.00856096763163805,13098,4
0.02332545630633831,13099,4
0.3295913636684418,13100,4
0.026191003620624542,13101,4
0.023361779749393463,13102,4
0.007962960749864578,13103,4
0.012378035113215446,13104,4
0.009172439575195312,13105,4
0.020519521087408066,13106,4
0.00548802874982357,13107,4
0.021417027339339256,13108,4
0.018488962203264236,13109,4
0.06254409998655319,13110,4
0.025275452062487602,13111,4
0.010805493220686913,13112,4
0.08142313361167908,13113,4
0.026980703696608543,13114,4
0.014996283687651157,13115,4
0.28142619132995605,13116,4
0.07509216666221619,13117,4
0.017013421282172203,13118,4
0.008139796555042267,13119,4
0.015938090160489082,13120,4
0.10786496847867966,13121,4
0.025002416223287582,13122,4
0.1982705295085907,13123,4
0.03218771144747734,13124,4
0.12187239527702332,13125,4
0.022938087582588196,13126,4
0.024384835734963417,13127,4
0.013726171106100082,13128,4
0.26928436756134033,13129,4
0.011683395132422447,13130,4
0.025865664705634117,13131,4
0.009156723506748676,13132,4
0.01199394278228283,13133,4
0.03974376991391182,13134,4
0.01092925388365984,13135,4
0.01739633083343506,13136,4
0.06822722405195236,13137,4
0.015196865424513817,13138,4
0.03447432070970535,13139,4
0.2898580729961395,13140,4
0.02601535990834236,13141,4
0.014608236029744148,13142,4
0.06287418305873871,13143,4
0.015226401388645172,13144,4
0.00947580672800541,13145,4
0.009180538356304169,13146,4
0.00809047743678093,13147,4
0.004978928714990616,13148,4
0.012751385569572449,13149,4
0.01169000007212162,13150,4
0.03723631054162979,13151,4
0.029714439064264297,13152,4
0.025560643523931503,13153,4
0.00554522592574358,13154,4
0.02028627134859562,13155,4
0.01700141280889511,13156,4
0.21399930119514465,13157,4
0.007706786971539259,13158,4
0.06541021168231964,13159,4
0.012275739572942257,13160,4
0.3794518709182739,13161,4
0.0075574107468128204,13162,4
0.019529182463884354,13163,4
0.17686724662780762,13164,4
0.38304829597473145,13165,4
0.011472717858850956,13166,4
0.04775957763195038,13167,4
0.197552889585495,13168,4
0.017622442916035652,13169,4
0.007368973456323147,13170,4
0.01622712053358555,13171,4
0.008568835444748402,13172,4
0.01692323014140129,13173,4
0.03229349106550217,13174,4
0.017505891621112823,13175,4
0.01445038989186287,13176,4
0.1629965752363205,13177,4
0.01017635315656662,13178,4
0.008530935272574425,13179,4
0.03288818523287773,13180,4
0.012279878370463848,13181,4
0.057413168251514435,13182,4
0.19504082202911377,13183,4
0.06519968807697296,13184,4
0.014828507788479328,13185,4
0.1080498993396759,13186,4
0.2904379069805145,13187,4
0.048383928835392,13188,4
0.013822602108120918,13189,4
0.013543871231377125,13190,4
0.033818021416664124,13191,4
0.026028921827673912,13192,4
0.05091395974159241,13193,4
0.0133702103048563,13194,4
0.00958678312599659,13195,4
0.09141980111598969,13196,4
0.01653449609875679,13197,4
0.10344856232404709,13198,4
0.019768888130784035,13199,4
0.009911144152283669,13200,4
0.010100806131958961,13201,4
0.015797793865203857,13202,4
0.20625416934490204,13203,4
0.09349615126848221,13204,4
0.008948196657001972,13205,4
0.21934586763381958,13206,4
0.004755771718919277,13207,4
0.02750059962272644,13208,4
0.007548069581389427,13209,4
0.008541608229279518,13210,4
0.011485422030091286,13211,4
0.008199585601687431,13212,4
0.02047019824385643,13213,4
0.01082664541900158,13214,4
0.018118448555469513,13215,4
0.04831787571310997,13216,4
0.09661722928285599,13217,4
0.37553122639656067,13218,4
0.021250193938612938,13219,4
0.008167071267962456,13220,4
0.016072552651166916,13221,4
0.11372031271457672,13222,4
0.006811143830418587,13223,4
0.010021531954407692,13224,4
0.01420755684375763,13225,4
0.006029470358043909,13226,4
0.009726285003125668,13227,4
0.00830474216490984,13228,4
0.01619381457567215,13229,4
0.02183280885219574,13230,4
0.03680809214711189,13231,4
0.016309397295117378,13232,4
0.011987394653260708,13233,4
0.022374242544174194,13234,4
0.018143828958272934,13235,4
0.008874991908669472,13236,4
0.013401489704847336,13237,4
0.1121588945388794,13238,4
0.014814602211117744,13239,4
0.2198815941810608,13240,4
0.03032635524868965,13241,4
0.06430606544017792,13242,4
0.01572573184967041,13243,4
0.06397582590579987,13244,4
0.03418842703104019,13245,4
0.2096184939146042,13246,4
0.009117156267166138,13247,4
0.005885327234864235,13248,4
0.0465601421892643,13249,4
0.011085321195423603,13250,4
0.028132755309343338,13251,4
0.01591527834534645,13252,4
0.04968615621328354,13253,4
0.03185039386153221,13254,4
0.035267505794763565,13255,4
0.012163791805505753,13256,4
0.012126504443585873,13257,4
0.009669879451394081,13258,4
0.011830219067633152,13259,4
0.09527264535427094,13260,4
0.01015741191804409,13261,4
0.23878255486488342,13262,4
0.01001795381307602,13263,4
0.06480079889297485,13264,4
0.11851907521486282,13265,4
0.010938970372080803,13266,4
0.011533727869391441,13267,4
0.008188070729374886,13268,4
0.01101901289075613,13269,4
0.014177953824400902,13270,4
0.027158048003911972,13271,4
0.3512309491634369,13272,4
0.05018781125545502,13273,4
0.012629197910428047,13274,4
0.00960610993206501,13275,4
0.06072763726115227,13276,4
0.2334328591823578,13277,4
0.02434055507183075,13278,4
0.00821700505912304,13279,4
0.00942885223776102,13280,4
0.006849504075944424,13281,4
0.09765239804983139,13282,4
0.02176493965089321,13283,4
0.006493672262877226,13284,4
0.012174277566373348,13285,4
0.1720127910375595,13286,4
0.007439992390573025,13287,4
0.13725876808166504,13288,4
0.008328363299369812,13289,4
0.007329166866838932,13290,4
0.009446545504033566,13291,4
0.15210889279842377,13292,4
0.014008556492626667,13293,4
0.030535053461790085,13294,4
0.006176259368658066,13295,4
0.04951173812150955,13296,4
0.003924193792045116,13297,4
0.05353841930627823,13298,4
0.01420930027961731,13299,4
0.009193938225507736,13300,4
0.4015006124973297,13301,4
0.01902872882783413,13302,4
0.07281294465065002,13303,4
0.007475109770894051,13304,4
0.06916278600692749,13305,4
0.00946312677115202,13306,4
0.026720929890871048,13307,4
0.014542980119585991,13308,4
0.1068691834807396,13309,4
0.0821475237607956,13310,4
0.02027880772948265,13311,4
0.08522098511457443,13312,4
0.009661486372351646,13313,4
0.03877101466059685,13314,4
0.004472098778933287,13315,4
0.014655841514468193,13316,4
0.011136538349092007,13317,4
0.00606849230825901,13318,4
0.014061514288187027,13319,4
0.008491210639476776,13320,4
0.004449783358722925,13321,4
0.009383492171764374,13322,4
0.03795016184449196,13323,4
0.013780484907329082,13324,4
0.005326482933014631,13325,4
0.3355216085910797,13326,4
0.007442191243171692,13327,4
0.015741746872663498,13328,4
0.027235453948378563,13329,4
0.03063802607357502,13330,4
0.011870364658534527,13331,4
0.2368352860212326,13332,4
0.01169935055077076,13333,4
0.011406917124986649,13334,4
0.05259313806891441,13335,4
0.08649833500385284,13336,4
0.014411642216145992,13337,4
0.012930156663060188,13338,4
0.020247725769877434,13339,4
0.0047949557192623615,13340,4
0.026122266426682472,13341,4
0.013204666785895824,13342,4
0.004811334423720837,13343,4
0.12465312331914902,13344,4
0.020749423652887344,13345,4
0.007650211453437805,13346,4
0.005382907576858997,13347,4
0.011281587183475494,13348,4
0.06725751608610153,13349,4
0.01039082184433937,13350,4
0.04613078385591507,13351,4
0.009391723200678825,13352,4
0.008209067396819592,13353,4
0.0072663333266973495,13354,4
0.027330398559570312,13355,4
0.06516321003437042,13356,4
0.010639261454343796,13357,4
0.005366086028516293,13358,4
0.005388486199080944,13359,4
0.0052452064119279385,13360,4
0.013355002738535404,13361,4
0.030152983963489532,13362,4
0.024746086448431015,13363,4
0.10050489753484726,13364,4
0.019240273162722588,13365,4
0.20289409160614014,13366,4
0.024452291429042816,13367,4
0.024300813674926758,13368,4
0.15724973380565643,13369,4
0.004939632024616003,13370,4
0.006046288181096315,13371,4
0.01770523376762867,13372,4
0.013896655291318893,13373,4
0.009753233753144741,13374,4
0.1726568639278412,13375,4
0.004397944547235966,13376,4
0.025846362113952637,13377,4
0.023198576644062996,13378,4
0.008880699053406715,13379,4
0.005830763839185238,13380,4
0.007023314945399761,13381,4
0.13588283956050873,13382,4
0.005926789250224829,13383,4
0.007402980234473944,13384,4
0.09298241138458252,13385,4
0.1002712994813919,13386,4
0.00958310253918171,13387,4
0.012448647990822792,13388,4
0.25849467515945435,13389,4
0.08183688670396805,13390,4
0.008961894549429417,13391,4
0.009400646202266216,13392,4
0.014403494074940681,13393,4
0.10029268264770508,13394,4
0.11385900527238846,13395,4
0.0135907381772995,13396,4
0.05133184418082237,13397,4
0.013715737499296665,13398,4
0.008237175643444061,13399,4
0.016089919954538345,13400,4
0.029899194836616516,13401,4
0.009187838062644005,13402,4
0.06201043725013733,13403,4
0.10059180855751038,13404,4
0.011098785325884819,13405,4
0.2400791347026825,13406,4
0.057387981563806534,13407,4
0.24336566030979156,13408,4
0.024245478212833405,13409,4
0.00949119683355093,13410,4
0.009975048713386059,13411,4
0.007376760244369507,13412,4
0.015185024589300156,13413,4
0.006199398078024387,13414,4
0.014017963781952858,13415,4
0.007042847573757172,13416,4
0.013054242357611656,13417,4
0.015693392604589462,13418,4
0.013019954785704613,13419,4
0.006175430025905371,13420,4
0.2213115245103836,13421,4
0.0033611636608839035,13422,4
0.016633084043860435,13423,4
0.015522253699600697,13424,4
0.0041923727840185165,13425,4
0.008106037974357605,13426,4
0.011393607594072819,13427,4
0.013000911101698875,13428,4
0.08392097055912018,13429,4
0.020273245871067047,13430,4
0.010808266699314117,13431,4
0.013981934636831284,13432,4
0.03446925804018974,13433,4
0.08886685967445374,13434,4
0.07609381526708603,13435,4
0.02013864368200302,13436,4
0.042630746960639954,13437,4
0.13273604214191437,13438,4
0.01497360784560442,13439,4
0.08444557338953018,13440,4
0.007773730903863907,13441,4
0.011296596378087997,13442,4
0.019480213522911072,13443,4
0.01418002974241972,13444,4
0.01812123879790306,13445,4
0.01883898302912712,13446,4
0.012796994298696518,13447,4
0.04438544064760208,13448,4
0.011926798149943352,13449,4
0.4240013360977173,13450,4
0.15288051962852478,13451,4
0.010057847946882248,13452,4
0.03212391212582588,13453,4
0.16909289360046387,13454,4
0.008718455210328102,13455,4
0.004631825257092714,13456,4
0.019989104941487312,13457,4
0.24692152440547943,13458,4
0.01573038473725319,13459,4
0.009398490190505981,13460,4
0.00667597446590662,13461,4
0.015373817645013332,13462,4
0.008039725944399834,13463,4
0.011631054803729057,13464,4
0.011228098534047604,13465,4
0.022655580192804337,13466,4
0.015486019663512707,13467,4
0.31142449378967285,13468,4
0.01169518381357193,13469,4
0.13637840747833252,13470,4
0.013029816560447216,13471,4
0.006783096119761467,13472,4
0.006040577311068773,13473,4
0.036446038633584976,13474,4
0.24400284886360168,13475,4
0.010599667206406593,13476,4
0.011853083968162537,13477,4
0.5889479517936707,13478,4
0.4068845808506012,13479,4
0.017052631825208664,13480,4
0.006654766388237476,13481,4
0.09802361577749252,13482,4
0.08092370629310608,13483,4
0.01119999960064888,13484,4
0.026644179597496986,13485,4
0.006708043161779642,13486,4
0.3822306990623474,13487,4
0.02415238879621029,13488,4
0.007322355173528194,13489,4
0.013519532978534698,13490,4
0.017998255789279938,13491,4
0.007400417234748602,13492,4
0.009825114160776138,13493,4
0.07702328264713287,13494,4
0.011278560385107994,13495,4
0.011560698971152306,13496,4
0.016519170254468918,13497,4
0.01066395454108715,13498,4
0.027183178812265396,13499,4
0.011525725945830345,13500,4
0.014629249460995197,13501,4
0.01963355951011181,13502,4
0.017643064260482788,13503,4
0.016802195459604263,13504,4
0.013716205023229122,13505,4
0.0272916778922081,13506,4
0.019210100173950195,13507,4
0.013309056870639324,13508,4
0.007148326374590397,13509,4
0.01008438877761364,13510,4
0.010942098684608936,13511,4
0.026971284300088882,13512,4
0.3834039270877838,13513,4
0.00942615419626236,13514,4
0.0894196555018425,13515,4
0.0146706011146307,13516,4
0.010733602568507195,13517,4
0.024134045466780663,13518,4
0.008740222081542015,13519,4
0.02518578991293907,13520,4
0.020527930930256844,13521,4
0.007170567288994789,13522,4
0.11614548414945602,13523,4
0.011035324074327946,13524,4
0.020942844450473785,13525,4
0.019589249044656754,13526,4
0.1270090937614441,13527,4
0.009261270985007286,13528,4
0.009420766495168209,13529,4
0.02993062138557434,13530,4
0.0039599305018782616,13531,4
0.011049221269786358,13532,4
0.02150435373187065,13533,4
0.015549704432487488,13534,4
0.03553543612360954,13535,4
0.005401555448770523,13536,4
0.233864426612854,13537,4
0.013865482062101364,13538,4
0.011062652803957462,13539,4
0.010298613458871841,13540,4
0.16278989613056183,13541,4
0.007824534550309181,13542,4
0.0079022953286767,13543,4
0.010234713554382324,13544,4
0.013113878667354584,13545,4
0.007695367559790611,13546,4
0.008448497392237186,13547,4
0.31019026041030884,13548,4
0.33728694915771484,13549,4
0.25691384077072144,13550,4
0.007961677387356758,13551,4
0.08755587041378021,13552,4
0.006385943852365017,13553,4
0.25772592425346375,13554,4
0.010357048362493515,13555,4
0.009514974430203438,13556,4
0.0449243001639843,13557,4
0.027787864208221436,13558,4
0.017664380371570587,13559,4
0.014880857430398464,13560,4
0.03983696550130844,13561,4
0.008605169132351875,13562,4
0.011300664395093918,13563,4
0.04364043474197388,13564,4
0.010695911012589931,13565,4
0.11558577418327332,13566,4
0.004818337969481945,13567,4
0.006569898687303066,13568,4
0.03923182561993599,13569,4
0.008169461041688919,13570,4
0.00729296263307333,13571,4
0.011331245303153992,13572,4
0.007483712397515774,13573,4
0.0077481959015131,13574,4
0.2717537581920624,13575,4
0.007337046321481466,13576,4
0.011121831834316254,13577,4
0.011709103360772133,13578,4
0.010993327014148235,13579,4
0.02311519905924797,13580,4
0.0070838769897818565,13581,4
0.009099448099732399,13582,4
0.35554057359695435,13583,4
0.017106156796216965,13584,4
0.005004996433854103,13585,4
0.006877601146697998,13586,4
0.011036677286028862,13587,4
0.022284889593720436,13588,4
0.018769366666674614,13589,4
0.0075052953325212,13590,4
0.053121309727430344,13591,4
0.022346215322613716,13592,4
0.1675058901309967,13593,4
0.01643397845327854,13594,4
0.00922895036637783,13595,4
0.025541432201862335,13596,4
0.059236183762550354,13597,4
0.015919838100671768,13598,4
0.006421225611120462,13599,4
0.16391922533512115,13600,4
0.029933858662843704,13601,4
0.07655809074640274,13602,4
0.017054535448551178,13603,4
0.030722051858901978,13604,4
0.00954800471663475,13605,4
0.008093353360891342,13606,4
0.03287419676780701,13607,4
0.012170987203717232,13608,4
0.12777334451675415,13609,4
0.2800831198692322,13610,4
0.011199107393622398,13611,4
0.0131654292345047,13612,4
0.31239938735961914,13613,4
0.15436597168445587,13614,4
0.008459842763841152,13615,4
0.010676180012524128,13616,4
0.05399177968502045,13617,4
0.14124663174152374,13618,4
0.007441462483257055,13619,4
0.021291378885507584,13620,4
0.01563079096376896,13621,4
0.012665173038840294,13622,4
0.009817926213145256,13623,4
0.007568026427179575,13624,4
0.009266874752938747,13625,4
0.007647679653018713,13626,4
0.009294988587498665,13627,4
0.005937270820140839,13628,4
0.007714623119682074,13629,4
0.014439059421420097,13630,4
0.010779820382595062,13631,4
0.09950149059295654,13632,4
0.018707219511270523,13633,4
0.020940840244293213,13634,4
0.012106516398489475,13635,4
0.007036982104182243,13636,4
0.0072234622202813625,13637,4
0.02025230973958969,13638,4
0.005447749979794025,13639,4
0.008616328239440918,13640,4
0.17775240540504456,13641,4
0.013861862011253834,13642,4
0.009610800072550774,13643,4
0.005647622048854828,13644,4
0.004925851244479418,13645,4
0.15299488604068756,13646,4
0.03250870853662491,13647,4
0.29008111357688904,13648,4
0.007577897049486637,13649,4
0.008919723331928253,13650,4
0.01406474132090807,13651,4
0.13106299936771393,13652,4
0.008379223756492138,13653,4
0.009559850208461285,13654,4
0.0268226508051157,13655,4
0.012655466794967651,13656,4
0.0065656257793307304,13657,4
0.011013573966920376,13658,4
0.017421100288629532,13659,4
0.009376870468258858,13660,4
0.004568672273308039,13661,4
0.010528423823416233,13662,4
0.04291415959596634,13663,4
0.01316356286406517,13664,4
0.007652771659195423,13665,4
0.0942363515496254,13666,4
0.009115537628531456,13667,4
0.006597178056836128,13668,4
0.03187558427453041,13669,4
0.1785811185836792,13670,4
0.0414651483297348,13671,4
0.24675963819026947,13672,4
0.0204263087362051,13673,4
0.01837979257106781,13674,4
0.0082534309476614,13675,4
0.06628087908029556,13676,4
0.028052380308508873,13677,4
0.010702254250645638,13678,4
0.010400000959634781,13679,4
0.012946169823408127,13680,4
0.022870909422636032,13681,4
0.01725676842033863,13682,4
0.016947820782661438,13683,4
0.08619622141122818,13684,4
0.00874985009431839,13685,4
0.009939733892679214,13686,4
0.011072482913732529,13687,4
0.013527999632060528,13688,4
0.01617462746798992,13689,4
0.038562897592782974,13690,4
0.04207087308168411,13691,4
0.01337774470448494,13692,4
0.015221117064356804,13693,4
0.12795135378837585,13694,4
0.34506845474243164,13695,4
0.009487861767411232,13696,4
0.032881349325180054,13697,4
0.16898831725120544,13698,4
0.4582546353340149,13699,4
0.2007528692483902,13700,4
0.012962620705366135,13701,4
0.005815810523927212,13702,4
0.009653188288211823,13703,4
0.010851677507162094,13704,4
0.01065017282962799,13705,4
0.023778939619660378,13706,4
0.01148890145123005,13707,4
0.006543915253132582,13708,4
0.0361904576420784,13709,4
0.007660669274628162,13710,4
0.31945252418518066,13711,4
0.020941490307450294,13712,4
0.2704519033432007,13713,4
0.028590288013219833,13714,4
0.010750709101557732,13715,4
0.014714634045958519,13716,4
0.08498428761959076,13717,4
0.00908795278519392,13718,4
0.015966318547725677,13719,4
0.15941675007343292,13720,4
0.01483033038675785,13721,4
0.0339338481426239,13722,4
0.11414792388677597,13723,4
0.010611874982714653,13724,4
0.07464322447776794,13725,4
0.006393670104444027,13726,4
0.007313213311135769,13727,4
0.008020623587071896,13728,4
0.005456316750496626,13729,4
0.3311462104320526,13730,4
0.010696852579712868,13731,4
0.020474722608923912,13732,4
0.0056452881544828415,13733,4
0.012089039199054241,13734,4
0.00603907834738493,13735,4
0.0060704839415848255,13736,4
0.007267303764820099,13737,4
0.024338699877262115,13738,4
0.005952056962996721,13739,4
0.007030533626675606,13740,4
0.12194722890853882,13741,4
0.34726959466934204,13742,4
0.0060533019714057446,13743,4
0.04209240525960922,13744,4
0.012422365136444569,13745,4
0.023252960294485092,13746,4
0.010203171521425247,13747,4
0.07213189452886581,13748,4
0.02811446413397789,13749,4
0.5479574799537659,13750,4
0.012082625180482864,13751,4
0.0066765183582901955,13752,4
0.01853022165596485,13753,4
0.010114233009517193,13754,4
0.14786365628242493,13755,4
0.40707701444625854,13756,4
0.19539715349674225,13757,4
0.010193591006100178,13758,4
0.009943297132849693,13759,4
0.025649821385741234,13760,4
0.01568455621600151,13761,4
0.0456804521381855,13762,4
0.021034207195043564,13763,4
0.010425334796309471,13764,4
0.02157326228916645,13765,4
0.048175252974033356,13766,4
0.007216250523924828,13767,4
0.011565452441573143,13768,4
0.022820597514510155,13769,4
0.005171885248273611,13770,4
0.012884499505162239,13771,4
0.009456435218453407,13772,4
0.0423746332526207,13773,4
0.05671696364879608,13774,4
0.46036195755004883,13775,4
0.012848332524299622,13776,4
0.22100190818309784,13777,4
0.010139473713934422,13778,4
0.008733323775231838,13779,4
0.00920942984521389,13780,4
0.26255854964256287,13781,4
0.013230263255536556,13782,4
0.007541052997112274,13783,4
0.015966283157467842,13784,4
0.07758941501379013,13785,4
0.030974630266427994,13786,4
0.011941041797399521,13787,4
0.008725125342607498,13788,4
0.26778215169906616,13789,4
0.00910663791000843,13790,4
0.051272884011268616,13791,4
0.0294124037027359,13792,4
0.27614080905914307,13793,4
0.010702673345804214,13794,4
0.08122700452804565,13795,4
0.008850166574120522,13796,4
0.015878863632678986,13797,4
0.0103988666087389,13798,4
0.008745567873120308,13799,4
0.023236526176333427,13800,4
0.01505306363105774,13801,4
0.16906872391700745,13802,4
0.02482893317937851,13803,4
0.0447220504283905,13804,4
0.30643171072006226,13805,4
0.008735453709959984,13806,4
0.019101470708847046,13807,4
0.2680877447128296,13808,4
0.02170923724770546,13809,4
0.009537622332572937,13810,4
0.0641128271818161,13811,4
0.012321434915065765,13812,4
0.017485756427049637,13813,4
0.012399718165397644,13814,4
0.015620371326804161,13815,4
0.00648080836981535,13816,4
0.014222845435142517,13817,4
0.030813422054052353,13818,4
0.007904203608632088,13819,4
0.009947669692337513,13820,4
0.01292319968342781,13821,4
0.06649944186210632,13822,4
0.009296935983002186,13823,4
0.28929442167282104,13824,4
0.016335608437657356,13825,4
0.031103774905204773,13826,4
0.010537199676036835,13827,4
0.011222586035728455,13828,4
0.015900231897830963,13829,4
0.009973389096558094,13830,4
0.00745838787406683,13831,4
0.007014777511358261,13832,4
0.017992662265896797,13833,4
0.036505356431007385,13834,4
0.02119293063879013,13835,4
0.008056570775806904,13836,4
0.07943476736545563,13837,4
0.010543737560510635,13838,4
0.029970990493893623,13839,4
0.01126325037330389,13840,4
0.040198277682065964,13841,4
0.0127544105052948,13842,4
0.006274035200476646,13843,4
0.010219847783446312,13844,4
0.007069963961839676,13845,4
0.008226560428738594,13846,4
0.012719647958874702,13847,4
0.008643017150461674,13848,4
0.10739325731992722,13849,4
0.37896332144737244,13850,4
0.02005404233932495,13851,4
0.0855163112282753,13852,4
0.007622793782502413,13853,4
0.009350256994366646,13854,4
0.008783853612840176,13855,4
0.3372544050216675,13856,4
0.01058995258063078,13857,4
0.05770126357674599,13858,4
0.00688658794388175,13859,4
0.007113231346011162,13860,4
0.018584325909614563,13861,4
0.009921511635184288,13862,4
0.02080753818154335,13863,4
0.028300568461418152,13864,4
0.10365406423807144,13865,4
0.009819271042943,13866,4
0.009292223490774632,13867,4
0.025035234168171883,13868,4
0.14435401558876038,13869,4
0.0548444502055645,13870,4
0.16782061755657196,13871,4
0.00926322489976883,13872,4
0.015650881454348564,13873,4
0.016933653503656387,13874,4
0.028076982125639915,13875,4
0.021886665374040604,13876,4
0.00761451106518507,13877,4
0.010651109740138054,13878,4
0.014998430386185646,13879,4
0.02716439589858055,13880,4
0.02987530641257763,13881,4
0.009192096069455147,13882,4
0.15784607827663422,13883,4
0.006962509360164404,13884,4
0.02087860368192196,13885,4
0.13624049723148346,13886,4
0.011201860383152962,13887,4
0.006929007358849049,13888,4
0.010782917961478233,13889,4
0.011967886239290237,13890,4
0.06565039604902267,13891,4
0.5584439635276794,13892,4
0.01077872235327959,13893,4
0.01353231631219387,13894,4
0.01505616307258606,13895,4
0.007542456965893507,13896,4
0.10268493741750717,13897,4
0.0038643674924969673,13898,4
0.05699283257126808,13899,4
0.06143295019865036,13900,4
0.011436842381954193,13901,4
0.14196453988552094,13902,4
0.008626057766377926,13903,4
0.020913034677505493,13904,4
0.10782027989625931,13905,4
0.07924103736877441,13906,4
0.009425582364201546,13907,4
0.003781607374548912,13908,4
0.006574250757694244,13909,4
0.012725342065095901,13910,4
0.03306294232606888,13911,4
0.007160205394029617,13912,4
0.010626361705362797,13913,4
0.012492747977375984,13914,4
0.006493392400443554,13915,4
0.014369755983352661,13916,4
0.009010212495923042,13917,4
0.19545945525169373,13918,4
0.007968902587890625,13919,4
0.015595534816384315,13920,4
0.009358111768960953,13921,4
0.05189695954322815,13922,4
0.012887131422758102,13923,4
0.010296914726495743,13924,4
0.034903090447187424,13925,4
0.004627583082765341,13926,4
0.005585678853094578,13927,4
0.011419800110161304,13928,4
0.07439306378364563,13929,4
0.010557016357779503,13930,4
0.011693890206515789,13931,4
0.006477988325059414,13932,4
0.02077401615679264,13933,4
0.0877685472369194,13934,4
0.010607428848743439,13935,4
0.008907211944460869,13936,4
0.008078659884631634,13937,4
0.01662636548280716,13938,4
0.004573145881295204,13939,4
0.015535564161837101,13940,4
0.008261176757514477,13941,4
0.0058825816959142685,13942,4
0.013372812420129776,13943,4
0.2760232090950012,13944,4
0.4286986291408539,13945,5
0.01560829859226942,13946,5
0.01087929680943489,13947,5
0.007545009721070528,13948,5
0.010995594784617424,13949,5
0.014043804258108139,13950,5
0.39231929183006287,13951,5
0.08062280714511871,13952,5
0.033033497631549835,13953,5
0.009323248639702797,13954,5
0.010239067487418652,13955,5
0.012996472418308258,13956,5
0.007454895880073309,13957,5
0.007390865124762058,13958,5
0.008074954152107239,13959,5
0.008497286587953568,13960,5
0.008335626684129238,13961,5
0.04367537796497345,13962,5
0.007972819730639458,13963,5
0.008597072213888168,13964,5
0.009370604529976845,13965,5
0.01967240497469902,13966,5
0.013116110116243362,13967,5
0.01279668789356947,13968,5
0.006233558524399996,13969,5
0.058479998260736465,13970,5
0.009629664942622185,13971,5
0.009716554544866085,13972,5
0.005429603159427643,13973,5
0.041414063423871994,13974,5
0.008053040131926537,13975,5
0.03714655712246895,13976,5
0.007343779783695936,13977,5
0.020549632608890533,13978,5
0.006807999685406685,13979,5
0.025892456993460655,13980,5
0.00612533837556839,13981,5
0.11479085683822632,13982,5
0.21101006865501404,13983,5
0.008918710052967072,13984,5
0.09511910378932953,13985,5
0.013649478554725647,13986,5
0.007562721613794565,13987,5
0.03494861721992493,13988,5
0.0056017544120550156,13989,5
0.00691013690084219,13990,5
0.032504208385944366,13991,5
0.009334035217761993,13992,5
0.1890334039926529,13993,5
0.009827155619859695,13994,5
0.035687416791915894,13995,5
0.06154815852642059,13996,5
0.006966772023588419,13997,5
0.01393948495388031,13998,5
0.013878943398594856,13999,5
0.8041636943817139,14000,5
0.01113159954547882,14001,5
0.030491502955555916,14002,5
0.006597843021154404,14003,5
0.01177537627518177,14004,5
0.012953359633684158,14005,5
0.012450385838747025,14006,5
0.017452184110879898,14007,5
0.18482446670532227,14008,5
0.13713526725769043,14009,5
0.017439158633351326,14010,5
0.006971267051994801,14011,5
0.020760104060173035,14012,5
0.005949052050709724,14013,5
0.019563935697078705,14014,5
0.012696112506091595,14015,5
0.05492399260401726,14016,5
0.005120609421283007,14017,5
0.01436857134103775,14018,5
0.0671141967177391,14019,5
0.008058235049247742,14020,5
0.010917112231254578,14021,5
0.037359487265348434,14022,5
0.016116667538881302,14023,5
0.015309632755815983,14024,5
0.016456589102745056,14025,5
0.04429500177502632,14026,5
0.009262324310839176,14027,5
0.018094560131430626,14028,5
0.0216401107609272,14029,5
0.013515839353203773,14030,5
0.03203033283352852,14031,5
0.16883355379104614,14032,5
0.035561203956604004,14033,5
0.04061711207032204,14034,5
0.0044309962540864944,14035,5
0.007869773544371128,14036,5
0.017873140051960945,14037,5
0.6093270778656006,14038,5
0.005629091523587704,14039,5
0.03765113651752472,14040,5
0.07165112346410751,14041,5
0.012110522948205471,14042,5
0.023139871656894684,14043,5
0.02760918065905571,14044,5
0.008574146777391434,14045,5
0.009301785379648209,14046,5
0.021166544407606125,14047,5
0.021827569231390953,14048,5
0.004761602729558945,14049,5
0.04396182298660278,14050,5
0.05861203372478485,14051,5
0.015422623604536057,14052,5
0.009539221413433552,14053,5
0.012057154439389706,14054,5
0.005192384123802185,14055,5
0.005240193568170071,14056,5
0.008067317306995392,14057,5
0.010035388171672821,14058,5
0.1400645673274994,14059,5
0.011408749036490917,14060,5
0.4066776633262634,14061,5
0.006686602719128132,14062,5
0.01929476484656334,14063,5
0.012456372380256653,14064,5
0.005976012907922268,14065,5
0.00799290556460619,14066,5
0.05002625659108162,14067,5
0.018993886187672615,14068,5
0.01769094169139862,14069,5
0.008113393560051918,14070,5
0.00862045492976904,14071,5
0.0047660875134170055,14072,5
0.09172388911247253,14073,5
0.012563616037368774,14074,5
0.004247113596647978,14075,5
0.16379529237747192,14076,5
0.015255405567586422,14077,5
0.022371305152773857,14078,5
0.005061757285147905,14079,5
0.01050814799964428,14080,5
0.017047708854079247,14081,5
0.008673418313264847,14082,5
0.005199958570301533,14083,5
0.006989198736846447,14084,5
0.009132761508226395,14085,5
0.008927002549171448,14086,5
0.009122828021645546,14087,5
0.01494335662573576,14088,5
0.1337684690952301,14089,5
0.09083137661218643,14090,5
0.012082797475159168,14091,5
0.03550367429852486,14092,5
0.012990567833185196,14093,5
0.008084212429821491,14094,5
0.007334189489483833,14095,5
0.006779940333217382,14096,5
0.01264607161283493,14097,5
0.012936798855662346,14098,5
0.2825489044189453,14099,5
0.014112142845988274,14100,5
0.013908745720982552,14101,5
0.012853972613811493,14102,5
0.03374090790748596,14103,5
0.0095529081299901,14104,5
0.00983913242816925,14105,5
0.4089969992637634,14106,5
0.012469545938074589,14107,5
0.009033143520355225,14108,5
0.16201207041740417,14109,5
0.015406398102641106,14110,5
0.008750446140766144,14111,5
0.009429387748241425,14112,5
0.011565632186830044,14113,5
0.011677833274006844,14114,5
0.010468614287674427,14115,5
0.007782742381095886,14116,5
0.09512606263160706,14117,5
0.005039077252149582,14118,5
0.010280916467308998,14119,5
0.20210213959217072,14120,5
0.34839314222335815,14121,5
0.02448238432407379,14122,5
0.015170102007687092,14123,5
0.005189072340726852,14124,5
0.004930604249238968,14125,5
0.032350897789001465,14126,5
0.0410144217312336,14127,5
0.009159384295344353,14128,5
0.0237725879997015,14129,5
0.013255500234663486,14130,5
0.012896140106022358,14131,5
0.023494817316532135,14132,5
0.21567687392234802,14133,5
0.011021730490028858,14134,5
0.007086427882313728,14135,5
0.007590129971504211,14136,5
0.09812827408313751,14137,5
0.03852744773030281,14138,5
0.22526583075523376,14139,5
0.009801223874092102,14140,5
0.0062531945295631886,14141,5
0.05868317559361458,14142,5
0.025810617953538895,14143,5
0.007252410985529423,14144,5
0.019213829189538956,14145,5
0.020510638132691383,14146,5
0.01020173542201519,14147,5
0.012760037556290627,14148,5
0.01017646212130785,14149,5
0.007651005871593952,14150,5
0.013937439769506454,14151,5
0.2713566720485687,14152,5
0.2726871073246002,14153,5
0.00950749684125185,14154,5
0.03191205486655235,14155,5
0.009420027956366539,14156,5
0.00975464191287756,14157,5
0.012135808356106281,14158,5
0.011416790075600147,14159,5
0.22259701788425446,14160,5
0.03279154747724533,14161,5
0.01710314117372036,14162,5
0.00996895506978035,14163,5
0.01455498207360506,14164,5
0.005016757175326347,14165,5
0.011896050535142422,14166,5
0.008902233093976974,14167,5
0.009873202070593834,14168,5
0.01583258807659149,14169,5
0.008807798847556114,14170,5
0.009361125528812408,14171,5
0.008856799453496933,14172,5
0.06003742665052414,14173,5
0.006855670362710953,14174,5
0.024103842675685883,14175,5
0.018136702477931976,14176,5
0.02034677006304264,14177,5
0.044179122895002365,14178,5
0.018403707072138786,14179,5
0.014761313796043396,14180,5
0.00900685042142868,14181,5
0.023699335753917694,14182,5
0.006411716807633638,14183,5
0.015013040974736214,14184,5
0.007934898138046265,14185,5
0.033806223422288895,14186,5
0.012701851315796375,14187,5
0.006956044118851423,14188,5
0.007266022264957428,14189,5
0.006995157338678837,14190,5
0.009337088093161583,14191,5
0.007945643737912178,14192,5
0.012781942263245583,14193,5
0.010613830760121346,14194,5
0.007179942913353443,14195,5
0.0102082509547472,14196,5
0.014067105948925018,14197,5
0.01713218353688717,14198,5
0.00558954942971468,14199,5
0.006822304800152779,14200,5
0.011365123093128204,14201,5
0.16826970875263214,14202,5
0.010241126641631126,14203,5
0.020466703921556473,14204,5
0.0436992421746254,14205,5
0.008436639793217182,14206,5
0.0865374282002449,14207,5
0.017437107861042023,14208,5
0.012614866718649864,14209,5
0.007605991326272488,14210,5
0.04257937893271446,14211,5
0.009403444826602936,14212,5
0.008352609351277351,14213,5
0.005786599591374397,14214,5
0.02320719137787819,14215,5
0.009718885645270348,14216,5
0.014991166070103645,14217,5
0.008031669072806835,14218,5
0.286509245634079,14219,5
0.007359324023127556,14220,5
0.008827914483845234,14221,5
0.007280504330992699,14222,5
0.1519434005022049,14223,5
0.006446657702326775,14224,5
0.028088996186852455,14225,5
0.01024995930492878,14226,5
0.005991247482597828,14227,5
0.2203788012266159,14228,5
0.09303449094295502,14229,5
0.009831508621573448,14230,5
0.012909125536680222,14231,5
0.009618553332984447,14232,5
0.018408184871077538,14233,5
0.006320207379758358,14234,5
0.028251588344573975,14235,5
0.009368549101054668,14236,5
0.005890744738280773,14237,5
0.047874536365270615,14238,5
0.02772323600947857,14239,5
0.05616085231304169,14240,5
0.009142099879682064,14241,5
0.01628553681075573,14242,5
0.016983896493911743,14243,5
0.27234742045402527,14244,5
0.14565832912921906,14245,5
0.008301523514091969,14246,5
0.016116902232170105,14247,5
0.011408129706978798,14248,5
0.01244908757507801,14249,5
0.007469577249139547,14250,5
0.011547273024916649,14251,5
0.019471051171422005,14252,5
0.009242001920938492,14253,5
0.011421686969697475,14254,5
0.007217754609882832,14255,5
0.011757927015423775,14256,5
0.009765805676579475,14257,5
0.008235135115683079,14258,5
0.01521243341267109,14259,5
0.007100457325577736,14260,5
0.006989006884396076,14261,5
0.00568746030330658,14262,5
0.11398958414793015,14263,5
0.004940785933285952,14264,5
0.16608823835849762,14265,5
0.2385776937007904,14266,5
0.011161908507347107,14267,5
0.17984895408153534,14268,5
0.37811359763145447,14269,5
0.016083817929029465,14270,5
0.00843721255660057,14271,5
0.0634707361459732,14272,5
0.017522552981972694,14273,5
0.010263544507324696,14274,5
0.03345974534749985,14275,5
0.004526476375758648,14276,5
0.014326991513371468,14277,5
0.1559002548456192,14278,5
0.1363169401884079,14279,5
0.008224443532526493,14280,5
0.018961234018206596,14281,5
0.016358889639377594,14282,5
0.033198706805706024,14283,5
0.01535831205546856,14284,5
0.03225651755928993,14285,5
0.11565879732370377,14286,5
0.14228525757789612,14287,5
0.010877704247832298,14288,5
0.050673335790634155,14289,5
0.012817650102078915,14290,5
0.00645694462582469,14291,5
0.01276552677154541,14292,5
0.023527514189481735,14293,5
0.32450997829437256,14294,5
0.03572281450033188,14295,5
0.01995774731040001,14296,5
0.01978803426027298,14297,5
0.03174063563346863,14298,5
0.17701348662376404,14299,5
0.01003167126327753,14300,5
0.017352083697915077,14301,5
0.0036954605020582676,14302,5
0.0058897715061903,14303,5
0.25426170229911804,14304,5
0.01510087214410305,14305,5
0.007991531863808632,14306,5
0.26492294669151306,14307,5
0.017324134707450867,14308,5
0.026418982073664665,14309,5
0.007667523343116045,14310,5
0.011590089648962021,14311,5
0.03688044473528862,14312,5
0.015946857631206512,14313,5
0.03911038115620613,14314,5
0.013282662257552147,14315,5
0.008711855858564377,14316,5
0.019888773560523987,14317,5
0.00521897803992033,14318,5
0.023688223212957382,14319,5
0.1415383368730545,14320,5
0.1563066691160202,14321,5
0.013650237582623959,14322,5
0.04869304224848747,14323,5
0.00924765132367611,14324,5
0.006119695492088795,14325,5
0.02393203228712082,14326,5
0.01343105360865593,14327,5
0.28273722529411316,14328,5
0.017386481165885925,14329,5
0.007192510645836592,14330,5
0.005934034939855337,14331,5
0.025742564350366592,14332,5
0.00719035230576992,14333,5
0.04206009954214096,14334,5
0.016887642443180084,14335,5
0.00971080269664526,14336,5
0.004228624515235424,14337,5
0.0535472109913826,14338,5
0.0063070133328437805,14339,5
0.019095124676823616,14340,5
0.01775994710624218,14341,5
0.007433026097714901,14342,5
0.01849733665585518,14343,5
0.043209295719861984,14344,5
0.007734913378953934,14345,5
0.12843984365463257,14346,5
0.00595012167468667,14347,5
0.011311987414956093,14348,5
0.008637169376015663,14349,5
0.020025845617055893,14350,5
0.045954786241054535,14351,5
0.03809110447764397,14352,5
0.12732766568660736,14353,5
0.011548813432455063,14354,5
0.0087567875161767,14355,5
0.00824039801955223,14356,5
0.016540780663490295,14357,5
0.03341362625360489,14358,5
0.01386260986328125,14359,5
0.010053646750748158,14360,5
0.010004685260355473,14361,5
0.008214914239943027,14362,5
0.008397245779633522,14363,5
0.008536197245121002,14364,5
0.022151462733745575,14365,5
0.012105118483304977,14366,5
0.020841576159000397,14367,5
0.13350994884967804,14368,5
0.012153776362538338,14369,5
0.009480269625782967,14370,5
0.09732096642255783,14371,5
0.010670660994946957,14372,5
0.00882792565971613,14373,5
0.006268787197768688,14374,5
0.15500162541866302,14375,5
0.010763239115476608,14376,5
0.007318081334233284,14377,5
0.025286685675382614,14378,5
0.015051818452775478,14379,5
0.012341855093836784,14380,5
0.06782503426074982,14381,5
0.01082150824368,14382,5
0.00783568061888218,14383,5
0.01789630763232708,14384,5
0.32554417848587036,14385,5
0.11715447157621384,14386,5
0.024168062955141068,14387,5
0.270766019821167,14388,5
0.02952379733324051,14389,5
0.041636496782302856,14390,5
0.16043224930763245,14391,5
0.2089696228504181,14392,5
0.04322109371423721,14393,5
0.03606764227151871,14394,5
0.009798777289688587,14395,5
0.006319822743535042,14396,5
0.08336175978183746,14397,5
0.00943747442215681,14398,5
0.008251376450061798,14399,5
0.007607136387377977,14400,5
0.008507931604981422,14401,5
0.31509268283843994,14402,5
0.006055125966668129,14403,5
0.006370119284838438,14404,5
0.00893015880137682,14405,5
0.13187825679779053,14406,5
0.018789120018482208,14407,5
0.041718415915966034,14408,5
0.004968450404703617,14409,5
0.049321990460157394,14410,5
0.008333667181432247,14411,5
0.0693376362323761,14412,5
0.009647497907280922,14413,5
0.006478301249444485,14414,5
0.014185179024934769,14415,5
0.029630910605192184,14416,5
0.007781277876347303,14417,5
0.010604700073599815,14418,5
0.039818741381168365,14419,5
0.012349742464721203,14420,5
0.003831942565739155,14421,5
0.01175196748226881,14422,5
0.02002779208123684,14423,5
0.010187393985688686,14424,5
0.007871359586715698,14425,5
0.01668822579085827,14426,5
0.010494005866348743,14427,5
0.01554686576128006,14428,5
0.0058387937024235725,14429,5
0.007853357121348381,14430,5
0.03515004366636276,14431,5
0.014737371355295181,14432,5
0.16482801735401154,14433,5
0.010120252147316933,14434,5
0.016803450882434845,14435,5
0.006050041876733303,14436,5
0.24875342845916748,14437,5
0.12682142853736877,14438,5
0.007925804704427719,14439,5
0.012473921291530132,14440,5
0.02424844726920128,14441,5
0.017465710639953613,14442,5
0.3362565338611603,14443,5
0.29270464181900024,14444,5
0.019290031865239143,14445,5
0.009408621117472649,14446,5
0.007184438873082399,14447,5
0.027325715869665146,14448,5
0.006610073149204254,14449,5
0.01018841378390789,14450,5
0.011824969202280045,14451,5
0.007654665969312191,14452,5
0.006652627140283585,14453,5
0.006430765613913536,14454,5
0.01662766933441162,14455,5
0.00548477191478014,14456,5
0.0882834941148758,14457,5
0.010372932069003582,14458,5
0.16461865603923798,14459,5
0.009272731840610504,14460,5
0.008122637867927551,14461,5
0.03770879656076431,14462,5
0.06005818396806717,14463,5
0.00576828746125102,14464,5
0.017611822113394737,14465,5
0.008216130547225475,14466,5
0.010547123849391937,14467,5
0.02389441803097725,14468,5
0.005240404978394508,14469,5
0.007603834383189678,14470,5
0.23347824811935425,14471,5
0.011186342686414719,14472,5
0.02259622886776924,14473,5
0.008377671241760254,14474,5
0.018902024254202843,14475,5
0.017913084477186203,14476,5
0.022890394553542137,14477,5
0.0569940060377121,14478,5
0.007896711118519306,14479,5
0.011625689454376698,14480,5
0.2720041275024414,14481,5
0.009789463132619858,14482,5
0.009302789345383644,14483,5
0.08158794045448303,14484,5
0.20583213865756989,14485,5
0.5725110769271851,14486,5
0.026241466403007507,14487,5
0.45873841643333435,14488,5
0.01175792794674635,14489,5
0.008317878469824791,14490,5
0.008133078925311565,14491,5
0.006881885230541229,14492,5
0.01426653191447258,14493,5
0.008847479708492756,14494,5
0.007089865393936634,14495,5
0.1817651391029358,14496,5
0.0048718759790062904,14497,5
0.007831858471035957,14498,5
0.013484327122569084,14499,5
0.02507633902132511,14500,5
0.1131601482629776,14501,5
0.03350961208343506,14502,5
0.016994237899780273,14503,5
0.010073278099298477,14504,5
0.008116476237773895,14505,5
0.01312045007944107,14506,5
0.011899769306182861,14507,5
0.12214207649230957,14508,5
0.027389679104089737,14509,5
0.28246423602104187,14510,5
0.017801523208618164,14511,5
0.05620402842760086,14512,5
0.008962048217654228,14513,5
0.008638671599328518,14514,5
0.00876416452229023,14515,5
0.045127298682928085,14516,5
0.014108738861978054,14517,5
0.02797340415418148,14518,5
0.0166911780834198,14519,5
0.03442538157105446,14520,5
0.009894383139908314,14521,5
0.007241610903292894,14522,5
0.011836842633783817,14523,5
0.06858158856630325,14524,5
0.006658199243247509,14525,5
0.028319183737039566,14526,5
0.009004772640764713,14527,5
0.016611900180578232,14528,5
0.20569583773612976,14529,5
0.08309159427881241,14530,5
0.010018669068813324,14531,5
0.013234416022896767,14532,5
0.2436966598033905,14533,5
0.011310924775898457,14534,5
0.0059437318705022335,14535,5
0.01769479736685753,14536,5
0.010341884568333626,14537,5
0.039904117584228516,14538,5
0.01019041333347559,14539,5
0.381021648645401,14540,5
0.006356201600283384,14541,5
0.016520638018846512,14542,5
0.03386674076318741,14543,5
0.04959360510110855,14544,5
0.2865554392337799,14545,5
0.004615985322743654,14546,5
0.008515090681612492,14547,5
0.006242533214390278,14548,5
0.00891474261879921,14549,5
0.03533807024359703,14550,5
0.009021705947816372,14551,5
0.011577756144106388,14552,5
0.007335260510444641,14553,5
0.014862937852740288,14554,5
0.012921794317662716,14555,5
0.007580382749438286,14556,5
0.008233089931309223,14557,5
0.01788194663822651,14558,5
0.011894416064023972,14559,5
0.017231259495019913,14560,5
0.009811166673898697,14561,5
0.04652130976319313,14562,5
0.009456341154873371,14563,5
0.007795906160026789,14564,5
0.008206862956285477,14565,5
0.01258513331413269,14566,5
0.25011691451072693,14567,5
0.012452415190637112,14568,5
0.008470669388771057,14569,5
0.02762063592672348,14570,5
0.006771687418222427,14571,5
0.00808353628963232,14572,5
0.008287888020277023,14573,5
0.008181692101061344,14574,5
0.05828820914030075,14575,5
0.007377711124718189,14576,5
0.013432059437036514,14577,5
0.008012276142835617,14578,5
0.012820509262382984,14579,5
0.014313723891973495,14580,5
0.009640121832489967,14581,5
0.003633229061961174,14582,5
0.019839361310005188,14583,5
0.04798246547579765,14584,5
0.011365225538611412,14585,5
0.017351679503917694,14586,5
0.004761351738125086,14587,5
0.013708410784602165,14588,5
0.007545175962150097,14589,5
0.08431453257799149,14590,5
0.01200445368885994,14591,5
0.057585541158914566,14592,5
0.014553535729646683,14593,5
0.034534428268671036,14594,5
0.011234842240810394,14595,5
0.011549619026482105,14596,5
0.011505046859383583,14597,5
0.007295301184058189,14598,5
0.008382027968764305,14599,5
0.04679960757493973,14600,5
0.013629085384309292,14601,5
0.01112830638885498,14602,5
0.008616279810667038,14603,5
0.1242683157324791,14604,5
0.28308573365211487,14605,5
0.008278075605630875,14606,5
0.008069097995758057,14607,5
0.007828442379832268,14608,5
0.003811025759205222,14609,5
0.0177457258105278,14610,5
0.01256741862744093,14611,5
0.00705195777118206,14612,5
0.008663724176585674,14613,5
0.0077255601063370705,14614,5
0.023490581661462784,14615,5
0.03826812654733658,14616,5
0.023714900016784668,14617,5
0.008228376507759094,14618,5
0.013738630339503288,14619,5
0.008644964545965195,14620,5
0.006912835408002138,14621,5
0.3442685604095459,14622,5
0.033595435321331024,14623,5
0.020626571029424667,14624,5
0.00900365225970745,14625,5
0.23737898468971252,14626,5
0.03739771246910095,14627,5
0.007327779196202755,14628,5
0.007862132973968983,14629,5
0.0038181692361831665,14630,5
0.0808069184422493,14631,5
0.010288938879966736,14632,5
0.01904197596013546,14633,5
0.008437711745500565,14634,5
0.06451410800218582,14635,5
0.24502812325954437,14636,5
0.05643357336521149,14637,5
0.061005037277936935,14638,5
0.013478877954185009,14639,5
0.010447291657328606,14640,5
0.00835463311523199,14641,5
0.007070351392030716,14642,5
0.003952547907829285,14643,5
0.006912180222570896,14644,5
0.007528705522418022,14645,5
0.010596760548651218,14646,5
0.044377654790878296,14647,5
0.008441142737865448,14648,5
0.0062776003032922745,14649,5
0.005004744045436382,14650,5
0.012229325249791145,14651,5
0.011698668822646141,14652,5
0.07821011543273926,14653,5
0.007014892064034939,14654,5
0.061737075448036194,14655,5
0.009137981571257114,14656,5
0.012712132185697556,14657,5
0.00520638283342123,14658,5
0.021162571385502815,14659,5
0.006654273718595505,14660,5
0.021992942318320274,14661,5
0.08001204580068588,14662,5
0.008520545437932014,14663,5
0.045097850263118744,14664,5
0.0183772724121809,14665,5
0.21609020233154297,14666,5
0.00904097594320774,14667,5
0.16640004515647888,14668,5
0.008998442441225052,14669,5
0.03389858454465866,14670,5
0.3379102945327759,14671,5
0.01128561981022358,14672,5
0.0062835440039634705,14673,5
0.010850232094526291,14674,5
0.010194985195994377,14675,5
0.007138192653656006,14676,5
0.0081289978697896,14677,5
0.005487244576215744,14678,5
0.018425827845931053,14679,5
0.010297577828168869,14680,5
0.00954977422952652,14681,5
0.01244501955807209,14682,5
0.00536442780867219,14683,5
0.00570328626781702,14684,5
0.013042500242590904,14685,5
0.009061846882104874,14686,5
0.008029825054109097,14687,5
0.040568236261606216,14688,5
0.013910865411162376,14689,5
0.038994189351797104,14690,5
0.006616441532969475,14691,5
0.011188657954335213,14692,5
0.33483919501304626,14693,5
0.03285076469182968,14694,5
0.007748288102447987,14695,5
0.40831315517425537,14696,5
0.012128634378314018,14697,5
0.01588408462703228,14698,5
0.02272111177444458,14699,5
0.014370106160640717,14700,5
0.06778287142515182,14701,5
0.008002239279448986,14702,5
0.009143121540546417,14703,5
0.030357271432876587,14704,5
0.009232813492417336,14705,5
0.007262574974447489,14706,5
0.009176213294267654,14707,5
0.008677547797560692,14708,5
0.010600361973047256,14709,5
0.06328120827674866,14710,5
0.052096858620643616,14711,5
0.007868613116443157,14712,5
0.03797469288110733,14713,5
0.009953858330845833,14714,5
0.008811542764306068,14715,5
0.008220797404646873,14716,5
0.014972034841775894,14717,5
0.013389598578214645,14718,5
0.017887338995933533,14719,5
0.007377997040748596,14720,5
0.17518314719200134,14721,5
0.015760276466608047,14722,5
0.02312278002500534,14723,5
0.011707594618201256,14724,5
0.007034618407487869,14725,5
0.036058370023965836,14726,5
0.01780545711517334,14727,5
0.09037232398986816,14728,5
0.011832263320684433,14729,5
0.006717069074511528,14730,5
0.027623528614640236,14731,5
0.005520250648260117,14732,5
0.0038363714702427387,14733,5
0.019574297592043877,14734,5
0.015451648272573948,14735,5
0.005885416176170111,14736,5
0.07353663444519043,14737,5
0.02743143029510975,14738,5
0.004789115395396948,14739,5
0.008791888132691383,14740,5
0.032846421003341675,14741,5
0.09545581042766571,14742,5
0.05280747264623642,14743,5
0.021001111716032028,14744,5
0.10789582878351212,14745,5
0.006493350025266409,14746,5
0.08134880661964417,14747,5
0.030677789822220802,14748,5
0.006113776005804539,14749,5
0.011970095336437225,14750,5
0.00648005586117506,14751,5
0.2088628113269806,14752,5
0.007879801094532013,14753,5
0.3733094334602356,14754,5
0.010687604546546936,14755,5
0.03654759004712105,14756,5
0.0093772541731596,14757,5
0.008457295596599579,14758,5
0.020375218242406845,14759,5
0.08313794434070587,14760,5
0.15066951513290405,14761,5
0.18008793890476227,14762,5
0.11892717331647873,14763,5
0.13284367322921753,14764,5
0.006031516473740339,14765,5
0.008334222249686718,14766,5
0.011920280754566193,14767,5
0.010864623822271824,14768,5
0.29656782746315,14769,5
0.005205579102039337,14770,5
0.17669139802455902,14771,5
0.011304278858006,14772,5
0.009303937666118145,14773,5
0.01385065820068121,14774,5
0.0070882742293179035,14775,5
0.03667498007416725,14776,5
0.036768101155757904,14777,5
0.34122902154922485,14778,5
0.00959787517786026,14779,5
0.08432691544294357,14780,5
0.020739495754241943,14781,5
0.006781458854675293,14782,5
0.006090299692004919,14783,5
0.01478248555213213,14784,5
0.010250724852085114,14785,5
0.008402088657021523,14786,5
0.005649709142744541,14787,5
0.008536508306860924,14788,5
0.029680047184228897,14789,5
0.023378677666187286,14790,5
0.05698040872812271,14791,5
0.006853123661130667,14792,5
0.005773446056991816,14793,5
0.00994204543530941,14794,5
0.03031127341091633,14795,5
0.009384965524077415,14796,5
0.016605403274297714,14797,5
0.0064262691885232925,14798,5
0.02429712563753128,14799,5
0.009150603786110878,14800,5
0.05489898845553398,14801,5
0.003196939593181014,14802,5
0.014284092001616955,14803,5
0.29785779118537903,14804,5
0.008700291626155376,14805,5
0.3271956741809845,14806,5
0.008925928734242916,14807,5
0.014560351148247719,14808,5
0.08096972107887268,14809,5
0.014172965660691261,14810,5
0.007331499829888344,14811,5
0.009570915251970291,14812,5
0.00606269296258688,14813,5
0.05891957879066467,14814,5
0.011412367224693298,14815,5
0.06350056827068329,14816,5
0.004127645865082741,14817,5
0.037508510053157806,14818,5
0.007524162996560335,14819,5
0.011959094554185867,14820,5
0.02355566807091236,14821,5
0.05108378455042839,14822,5
0.013331618160009384,14823,5
0.006640941835939884,14824,5
0.009439692832529545,14825,5
0.011649761348962784,14826,5
0.004756462294608355,14827,5
0.004325426183640957,14828,5
0.40142083168029785,14829,5
0.008369933813810349,14830,5
0.009099381975829601,14831,5
0.01012999378144741,14832,5
0.008960189297795296,14833,5
0.01663673296570778,14834,5
0.010004514828324318,14835,5
0.006050072610378265,14836,5
0.011463887058198452,14837,5
0.02103089913725853,14838,5
0.004648387897759676,14839,5
0.019682185724377632,14840,5
0.10376614332199097,14841,5
0.1905990093946457,14842,5
0.23187080025672913,14843,5
0.013370287604629993,14844,5
0.017050890251994133,14845,5
0.010647975839674473,14846,5
0.008377531543374062,14847,5
0.029166994616389275,14848,5
0.023069463670253754,14849,5
0.0447431355714798,14850,5
0.007228362374007702,14851,5
0.026289157569408417,14852,5
0.0684438943862915,14853,5
0.07704745978116989,14854,5
0.010354450903832912,14855,5
0.02823125757277012,14856,5
0.3032843768596649,14857,5
0.01676376536488533,14858,5
0.023109756410121918,14859,5
0.01838255487382412,14860,5
0.010424530133605003,14861,5
0.016625287011265755,14862,5
0.008627455681562424,14863,5
0.006251807790249586,14864,5
0.006423233076930046,14865,5
0.013916290365159512,14866,5
0.01188842672854662,14867,5
0.01264697965234518,14868,5
0.01050540991127491,14869,5
0.27890628576278687,14870,5
0.01775810308754444,14871,5
0.04224525764584541,14872,5
0.009561855345964432,14873,5
0.010790013708174229,14874,5
0.00725975539535284,14875,5
0.08354844897985458,14876,5
0.34292876720428467,14877,5
0.09571482986211777,14878,5
0.0046090176329016685,14879,5
0.011224543675780296,14880,5
0.04792460426688194,14881,5
0.004118963610380888,14882,5
0.012981881387531757,14883,5
0.005824891850352287,14884,5
0.37878698110580444,14885,5
0.015477225184440613,14886,5
0.008550764992833138,14887,5
0.006874449551105499,14888,5
0.1483398973941803,14889,5
0.06658660620450974,14890,5
0.017366554588079453,14891,5
0.009862637147307396,14892,5
0.3695422112941742,14893,5
0.006780729163438082,14894,5
0.009108922444283962,14895,5
0.09921757131814957,14896,5
0.006437521893531084,14897,5
0.009164024144411087,14898,5
0.020330725237727165,14899,5
0.007537282537668943,14900,5
0.00872750487178564,14901,5
0.008381474763154984,14902,5
0.04401443526148796,14903,5
0.11431843042373657,14904,5
0.018640747293829918,14905,5
0.01266438141465187,14906,5
0.018816549330949783,14907,5
0.33469873666763306,14908,5
0.0127444788813591,14909,5
0.037134043872356415,14910,5
0.39054927229881287,14911,5
0.16398490965366364,14912,5
0.008614562451839447,14913,5
0.07090949267148972,14914,5
0.013122908771038055,14915,5
0.008010291494429111,14916,5
0.07049741595983505,14917,5
0.008560420013964176,14918,5
0.01090522576123476,14919,5
0.011734254658222198,14920,5
0.01008562184870243,14921,5
0.0046806251630187035,14922,5
0.12242984771728516,14923,5
0.009877057746052742,14924,5
0.014090534299612045,14925,5
0.10494742542505264,14926,5
0.007955050095915794,14927,5
0.04292810708284378,14928,5
0.01741151139140129,14929,5
0.009762182831764221,14930,5
0.0873095765709877,14931,5
0.009939819574356079,14932,5
0.009718460962176323,14933,5
0.03742387145757675,14934,5
0.10139678418636322,14935,5
0.01048405934125185,14936,5
0.040086887776851654,14937,5
0.01113867573440075,14938,5
0.033454060554504395,14939,5
0.013963575474917889,14940,5
0.010787246748805046,14941,5
0.015221459791064262,14942,5
0.006728365086019039,14943,5
0.06444629281759262,14944,5
0.00824141688644886,14945,5
0.00680109579116106,14946,5
0.00983341597020626,14947,5
0.010009543970227242,14948,5
0.013864779844880104,14949,5
0.009244728833436966,14950,5
0.020253166556358337,14951,5
0.07641002535820007,14952,5
0.005858566612005234,14953,5
0.019382081925868988,14954,5
0.013027103617787361,14955,5
0.01462743803858757,14956,5
0.017723966389894485,14957,5
0.008328750729560852,14958,5
0.0788755714893341,14959,5
0.006135378964245319,14960,5
0.010966829024255276,14961,5
0.012354305014014244,14962,5
0.016157522797584534,14963,5
0.22556014358997345,14964,5
0.014195596799254417,14965,5
0.006568898446857929,14966,5
0.008158889599144459,14967,5
0.010089375078678131,14968,5
0.007634451612830162,14969,5
0.016708102077245712,14970,5
0.12077975273132324,14971,5
0.1532839983701706,14972,5
0.005100932903587818,14973,5
0.009771259501576424,14974,5
0.007854778319597244,14975,5
0.00813906081020832,14976,5
0.014228953048586845,14977,5
0.0071537429466843605,14978,5
0.010787678882479668,14979,5
0.04793842136859894,14980,5
0.014135295525193214,14981,5
0.00618852861225605,14982,5
0.006493970286101103,14983,5
0.004809172824025154,14984,5
0.09026096761226654,14985,5
0.010943175293505192,14986,5
0.009776821359992027,14987,5
0.004302969202399254,14988,5
0.02363326959311962,14989,5
0.284323513507843,14990,5
0.4811968207359314,14991,5
0.25511670112609863,14992,5
0.007878542877733707,14993,5
0.008478321135044098,14994,5
0.06119345873594284,14995,5
0.0053758276626467705,14996,5
0.06438468396663666,14997,5
0.009363893419504166,14998,5
0.011241370812058449,14999,5
0.025471316650509834,15000,5
0.0067056892439723015,15001,5
0.013201043009757996,15002,5
0.012328172102570534,15003,5
0.005765021778643131,15004,5
0.007977291941642761,15005,5
0.020505165681242943,15006,5
0.024903636425733566,15007,5
0.013838011771440506,15008,5
0.22905032336711884,15009,5
0.0034993174485862255,15010,5
0.0077005913481116295,15011,5
0.012458328157663345,15012,5
0.013791371136903763,15013,5
0.004761188291013241,15014,5
0.013187233358621597,15015,5
0.008990786969661713,15016,5
0.020379066467285156,15017,5
0.2545395791530609,15018,5
0.461296409368515,15019,5
0.02821963280439377,15020,5
0.014206694439053535,15021,5
0.02410808950662613,15022,5
0.009446362964808941,15023,5
0.007152965757995844,15024,5
0.008687794208526611,15025,5
0.013020449317991734,15026,5
0.011761210858821869,15027,5
0.01190214604139328,15028,5
0.25585612654685974,15029,5
0.031371042132377625,15030,5
0.205069899559021,15031,5
0.0528273731470108,15032,5
0.1382444202899933,15033,5
0.01900472119450569,15034,5
0.007043684367090464,15035,5
0.00855271890759468,15036,5
0.14272435009479523,15037,5
0.005730077624320984,15038,5
0.0925142765045166,15039,5
0.007476791739463806,15040,5
0.005303174257278442,15041,5
0.011011292226612568,15042,5
0.03064539097249508,15043,5
0.00531391054391861,15044,5
0.007132558152079582,15045,5
0.061999011784791946,15046,5
0.06699966639280319,15047,5
0.014338316395878792,15048,5
0.0123191699385643,15049,5
0.007963139563798904,15050,5
0.09915649890899658,15051,5
0.01151750236749649,15052,5
0.006047945935279131,15053,5
0.3236446678638458,15054,5
0.013535608537495136,15055,5
0.029759971424937248,15056,5
0.02238216996192932,15057,5
0.005747725255787373,15058,5
0.014014397747814655,15059,5
0.03990247845649719,15060,5
0.021128226071596146,15061,5
0.0053111473098397255,15062,5
0.012812658213078976,15063,5
0.009098324924707413,15064,5
0.0063010817393660545,15065,5
0.007649112492799759,15066,5
0.09130669385194778,15067,5
0.011453580111265182,15068,5
0.029506433755159378,15069,5
0.002896421356126666,15070,5
0.3032810091972351,15071,5
0.00915704108774662,15072,5
0.03453943505883217,15073,5
0.00906823668628931,15074,5
0.010948081500828266,15075,5
0.3069227933883667,15076,5
0.0074505130760371685,15077,5
0.012609411962330341,15078,5
0.020419862121343613,15079,5
0.039646491408348083,15080,5
0.005509695969521999,15081,5
0.008670084178447723,15082,5
0.3210155963897705,15083,5
0.009806917980313301,15084,5
0.05504000931978226,15085,5
0.009180421009659767,15086,5
0.008262723684310913,15087,5
0.012581722810864449,15088,5
0.3794780373573303,15089,5
0.005218300502747297,15090,5
0.05893564224243164,15091,5
0.35733702778816223,15092,5
0.29968854784965515,15093,5
0.00465218722820282,15094,5
0.012733793817460537,15095,5
0.006757296621799469,15096,5
0.06267277151346207,15097,5
0.0391976535320282,15098,5
0.04833253473043442,15099,5
0.08152429759502411,15100,5
0.01019754447042942,15101,5
0.012457506731152534,15102,5
0.04372845217585564,15103,5
0.08415035903453827,15104,5
0.27757787704467773,15105,5
0.009767213836312294,15106,5
0.2513786852359772,15107,5
0.11444368213415146,15108,5
0.24086987972259521,15109,5
0.008274022489786148,15110,5
0.015853511169552803,15111,5
0.009004926308989525,15112,5
0.007824121974408627,15113,5
0.017579134553670883,15114,5
0.019958551973104477,15115,5
0.131522998213768,15116,5
0.009504585526883602,15117,5
0.25567367672920227,15118,5
0.061768319457769394,15119,5
0.02134404331445694,15120,5
0.34437674283981323,15121,5
0.009193509817123413,15122,5
0.017173100262880325,15123,5
0.011748254299163818,15124,5
0.02635609358549118,15125,5
0.009137826040387154,15126,5
0.011618788354098797,15127,5
0.035451676696538925,15128,5
0.005531584843993187,15129,5
0.14070278406143188,15130,5
0.004740373697131872,15131,5
0.1587928682565689,15132,5
0.013288270682096481,15133,5
0.06484898924827576,15134,5
0.22128677368164062,15135,5
0.21463941037654877,15136,5
0.018086329102516174,15137,5
0.2899802029132843,15138,5
0.006079112645238638,15139,5
0.007683263625949621,15140,5
0.0110235083848238,15141,5
0.09791138023138046,15142,5
0.01093442551791668,15143,5
0.01935528963804245,15144,5
0.009721008129417896,15145,5
0.05067211389541626,15146,5
0.006236395798623562,15147,5
0.3899322748184204,15148,5
0.010645431466400623,15149,5
0.029741346836090088,15150,5
0.01225060224533081,15151,5
0.006591572426259518,15152,5
0.020207827910780907,15153,5
0.009889141656458378,15154,5
0.018477700650691986,15155,5
0.010898308828473091,15156,5
0.009672559797763824,15157,5
0.030302414670586586,15158,5
0.007629740983247757,15159,5
0.005651270039379597,15160,5
0.17517730593681335,15161,5
0.007431148551404476,15162,5
0.006552238017320633,15163,5
0.01013669278472662,15164,5
0.010382669046521187,15165,5
0.032758262008428574,15166,5
0.1284412443637848,15167,5
0.007441602647304535,15168,5
0.03841260448098183,15169,5
0.02271771803498268,15170,5
0.007188095711171627,15171,5
0.00781550444662571,15172,5
0.005531122907996178,15173,5
0.11544664204120636,15174,5
0.26536449790000916,15175,5
0.012772394344210625,15176,5
0.028560537844896317,15177,5
0.04847639426589012,15178,5
0.015973888337612152,15179,5
0.010752957314252853,15180,5
0.04395338520407677,15181,5
0.01954580843448639,15182,5
0.058772169053554535,15183,5
0.17789360880851746,15184,5
0.0986853837966919,15185,5
0.3554810583591461,15186,5
0.011830585077404976,15187,5
0.007231169380247593,15188,5
0.00996001623570919,15189,5
0.3307209312915802,15190,5
0.016435276716947556,15191,5
0.008368448354303837,15192,5
0.013067242689430714,15193,5
0.01192527823150158,15194,5
0.027643583714962006,15195,5
0.04430920258164406,15196,5
0.010480065830051899,15197,5
0.21055634319782257,15198,5
0.013398844748735428,15199,5
0.07786750793457031,15200,5
0.022057360038161278,15201,5
0.013664714992046356,15202,5
0.12154693901538849,15203,5
0.00998283363878727,15204,5
0.021910585463047028,15205,5
0.006900525651872158,15206,5
0.01502116210758686,15207,5
0.01640772819519043,15208,5
0.012074179016053677,15209,5
0.014844012446701527,15210,5
0.012261135503649712,15211,5
0.017068788409233093,15212,5
0.041557155549526215,15213,5
0.04046998918056488,15214,5
0.01124283391982317,15215,5
0.009799536317586899,15216,5
0.003501688130199909,15217,5
0.12550576031208038,15218,5
0.006762499455362558,15219,5
0.00905972346663475,15220,5
0.02178853750228882,15221,5
0.006686175707727671,15222,5
0.021575715392827988,15223,5
0.012544840574264526,15224,5
0.009426742792129517,15225,5
0.012071939185261726,15226,5
0.025669626891613007,15227,5
0.05125574395060539,15228,5
0.014801304787397385,15229,5
0.020935198292136192,15230,5
0.02250131219625473,15231,5
0.013049256056547165,15232,5
0.012804064899682999,15233,5
0.03958461433649063,15234,5
0.009395749308168888,15235,5
0.014707814902067184,15236,5
0.0471927747130394,15237,5
0.00999425072222948,15238,5
0.03194885700941086,15239,5
0.013829370029270649,15240,5
0.0259025227278471,15241,5
0.2388835996389389,15242,5
0.0049257585778832436,15243,5
0.23673996329307556,15244,5
0.023430533707141876,15245,5
0.00829203799366951,15246,5
0.1396724134683609,15247,5
0.014148909598588943,15248,5
0.0196785107254982,15249,5
0.026450831443071365,15250,5
0.006840404588729143,15251,5
0.021437805145978928,15252,5
0.009943707846105099,15253,5
0.05033686384558678,15254,5
0.4440614581108093,15255,5
0.006053846795111895,15256,5
0.011778254061937332,15257,5
0.2478281557559967,15258,5
0.02502427250146866,15259,5
0.009532781317830086,15260,5
0.012084371410310268,15261,5
0.026818696409463882,15262,5
0.14408452808856964,15263,5
0.021278545260429382,15264,5
0.007166954223066568,15265,5
0.011499324813485146,15266,5
0.006914530415087938,15267,5
0.01078568771481514,15268,5
0.00911417230963707,15269,5
0.0836421549320221,15270,5
0.014923361130058765,15271,5
0.028528723865747452,15272,5
0.11602569371461868,15273,5
0.012468768283724785,15274,5
0.01009097509086132,15275,5
0.013333979994058609,15276,5
0.006939211394637823,15277,5
0.019914381206035614,15278,5
0.04294760897755623,15279,5
0.011779077351093292,15280,5
0.008121641352772713,15281,5
0.015719186514616013,15282,5
0.008459949865937233,15283,5
0.02404164709150791,15284,5
0.07226265221834183,15285,5
0.015536974184215069,15286,5
0.007602006662636995,15287,5
0.08235371857881546,15288,5
0.012967776507139206,15289,5
0.205250084400177,15290,5
0.01911718025803566,15291,5
0.3319007456302643,15292,5
0.07929808646440506,15293,5
0.005599934607744217,15294,5
0.30158793926239014,15295,5
0.006886289454996586,15296,5
0.009305441752076149,15297,5
0.006323305889964104,15298,5
0.030909841880202293,15299,5
0.24660804867744446,15300,5
0.0065298136323690414,15301,5
0.00979355163872242,15302,5
0.036457233130931854,15303,5
0.019349122419953346,15304,5
0.020341677591204643,15305,5
0.0187369491904974,15306,5
0.024733368307352066,15307,5
0.14655598998069763,15308,5
0.006235022097826004,15309,5
0.009118427522480488,15310,5
0.19138574600219727,15311,5
0.03713125362992287,15312,5
0.08801952004432678,15313,5
0.07459968328475952,15314,5
0.026517733931541443,15315,5
0.009648535400629044,15316,5
0.010031447745859623,15317,5
0.42027729749679565,15318,5
0.013163725845515728,15319,5
0.054504215717315674,15320,5
0.009795716032385826,15321,5
0.007338671945035458,15322,5
0.08888693898916245,15323,5
0.010341469198465347,15324,5
0.006756066344678402,15325,5
0.4441264867782593,15326,5
0.006152926944196224,15327,5
0.03961484879255295,15328,5
0.00711781857535243,15329,5
0.14305688440799713,15330,5
0.09700525552034378,15331,5
0.014139581471681595,15332,5
0.010143948718905449,15333,5
0.610937774181366,15334,5
0.013025437481701374,15335,5
0.012586049735546112,15336,5
0.006331418640911579,15337,5
0.012126171961426735,15338,5
0.013800136744976044,15339,5
0.01139654591679573,15340,5
0.012121208012104034,15341,5
0.00858045183122158,15342,5
0.01864698901772499,15343,5
0.05050446093082428,15344,5
0.007134065497666597,15345,5
0.022925501689314842,15346,5
0.008119113743305206,15347,5
0.028615441173315048,15348,5
0.009142639115452766,15349,5
0.14398382604122162,15350,5
0.0614188089966774,15351,5
0.006778523325920105,15352,5
0.009655304253101349,15353,5
0.027026154100894928,15354,5
0.006669577211141586,15355,5
0.05667059123516083,15356,5
0.038596261292696,15357,5
0.010241739451885223,15358,5
0.007440872490406036,15359,5
0.005670246202498674,15360,5
0.009377380833029747,15361,5
0.010739842429757118,15362,5
0.015755770727992058,15363,5
0.011583825573325157,15364,5
0.14154547452926636,15365,5
0.0096732871606946,15366,5
0.02145245671272278,15367,5
0.26259154081344604,15368,5
0.006919605657458305,15369,5
0.03706848621368408,15370,5
0.013595307245850563,15371,5
0.008881993591785431,15372,5
0.0050318557769060135,15373,5
0.01042366586625576,15374,5
0.06608651578426361,15375,5
0.011100830510258675,15376,5
0.039405014365911484,15377,5
0.07553417235612869,15378,5
0.006503514479845762,15379,5
0.013586269691586494,15380,5
0.005405973643064499,15381,5
0.007061048410832882,15382,5
0.026752300560474396,15383,5
0.006246513221412897,15384,5
0.005599903408437967,15385,5
0.38064345717430115,15386,5
0.024010322988033295,15387,5
0.015448292717337608,15388,5
0.003078521229326725,15389,5
0.01638912968337536,15390,5
0.008849119767546654,15391,5
0.0063149044290184975,15392,5
0.008711328729987144,15393,5
0.023920200765132904,15394,5
0.02557051181793213,15395,5
0.015951137989759445,15396,5
0.011294270865619183,15397,5
0.00656782416626811,15398,5
0.037913739681243896,15399,5
0.09756965190172195,15400,5
0.03869782015681267,15401,5
0.03889450058341026,15402,5
0.025705015286803246,15403,5
0.012198293581604958,15404,5
0.015519056469202042,15405,5
0.007346570957452059,15406,5
0.08910506218671799,15407,5
0.04934582859277725,15408,5
0.003431848483160138,15409,5
0.006627804599702358,15410,5
0.04504011943936348,15411,5
0.013537914492189884,15412,5
0.015140408650040627,15413,5
0.33762961626052856,15414,5
0.010653325356543064,15415,5
0.011487741023302078,15416,5
0.05929064005613327,15417,5
0.159225732088089,15418,5
0.0074160294607281685,15419,5
0.012412667274475098,15420,5
0.015515911392867565,15421,5
0.011971714906394482,15422,5
0.03691104054450989,15423,5
0.44999900460243225,15424,5
0.020405463874340057,15425,5
0.19582852721214294,15426,5
0.023400690406560898,15427,5
0.010444004088640213,15428,5
0.01670089364051819,15429,5
0.19054719805717468,15430,5
0.007424437906593084,15431,5
0.018240589648485184,15432,5
0.009656213223934174,15433,5
0.08165519684553146,15434,5
0.043341025710105896,15435,5
0.07438013702630997,15436,5
0.004970463924109936,15437,5
0.049730777740478516,15438,5
0.01853269711136818,15439,5
0.009409638121724129,15440,5
0.014098902232944965,15441,5
0.008903998881578445,15442,5
0.015261414460837841,15443,5
0.012730717658996582,15444,5
0.24189554154872894,15445,5
0.008423661813139915,15446,5
0.007134374231100082,15447,5
0.007535746321082115,15448,5
0.013547142967581749,15449,5
0.010809478349983692,15450,5
0.0097445547580719,15451,5
0.027494534850120544,15452,5
0.012969577684998512,15453,5
0.010035443119704723,15454,5
0.011404115706682205,15455,5
0.008340172469615936,15456,5
0.08846332877874374,15457,5
0.00587083026766777,15458,5
0.020653244107961655,15459,5
0.07171133905649185,15460,5
0.044538695365190506,15461,5
0.0071607930585742,15462,5
0.009536167606711388,15463,5
0.015445567667484283,15464,5
0.008783777244389057,15465,5
0.011005126871168613,15466,5
0.00802969466894865,15467,5
0.020688608288764954,15468,5
0.019572028890252113,15469,5
0.012666827067732811,15470,5
0.006331007461994886,15471,5
0.006058323197066784,15472,5
0.006671187933534384,15473,5
0.008675210177898407,15474,5
0.08079337328672409,15475,5
0.246133953332901,15476,5
0.009970792569220066,15477,5
0.010081575252115726,15478,5
0.007434559985995293,15479,5
0.011529511772096157,15480,5
0.0072235604748129845,15481,5
0.0075138830579817295,15482,5
0.011428257450461388,15483,5
0.005720877088606358,15484,5
0.014688168652355671,15485,5
0.010744836181402206,15486,5
0.010454321280121803,15487,5
0.03821777179837227,15488,5
0.016494154930114746,15489,5
0.008792579174041748,15490,5
0.006737511605024338,15491,5
0.012347118929028511,15492,5
0.005850919522345066,15493,5
0.008607316762208939,15494,5
0.037561092525720596,15495,5
0.06064869463443756,15496,5
0.024105224758386612,15497,5
0.014130322262644768,15498,5
0.009358598850667477,15499,5
0.006598797161132097,15500,5
0.007737253326922655,15501,5
0.07178755849599838,15502,5
0.013090493157505989,15503,5
0.00739887123927474,15504,5
0.005323607474565506,15505,5
0.3744608163833618,15506,5
0.011419350281357765,15507,5
0.01166996918618679,15508,5
0.03091341257095337,15509,5
0.010540788993239403,15510,5
0.011309323832392693,15511,5
0.012591397389769554,15512,5
0.00793476216495037,15513,5
0.0517403781414032,15514,5
0.00675585912540555,15515,5
0.2619912326335907,15516,5
0.004332274664193392,15517,5
0.08061533421278,15518,5
0.006673967465758324,15519,5
0.22617985308170319,15520,5
0.023514699190855026,15521,5
0.01618470996618271,15522,5
0.043405331671237946,15523,5
0.027447450906038284,15524,5
0.007649891544133425,15525,5
0.006417181342840195,15526,5
0.01016196608543396,15527,5
0.011271368712186813,15528,5
0.009981270879507065,15529,5
0.009997040964663029,15530,5
0.006574784871190786,15531,5
0.07342980802059174,15532,5
0.03830184042453766,15533,5
0.05770237743854523,15534,5
0.008847981691360474,15535,5
0.01905379816889763,15536,5
0.05245530232787132,15537,5
0.008813917636871338,15538,5
0.0052629197016358376,15539,5
0.006414951756596565,15540,5
0.02729581482708454,15541,5
0.021040810272097588,15542,5
0.011085727252066135,15543,5
0.00814797542989254,15544,5
0.007428138516843319,15545,5
0.07933247089385986,15546,5
0.5116313695907593,15547,5
0.007446421310305595,15548,5
0.0088141318410635,15549,5
0.12490114569664001,15550,5
0.014667169190943241,15551,5
0.0071050673723220825,15552,5
0.012597888708114624,15553,5
0.10371100902557373,15554,5
0.019771279767155647,15555,5
0.009925076737999916,15556,5
0.007610177621245384,15557,5
0.025782207027077675,15558,5
0.006029997952282429,15559,5
0.37828123569488525,15560,5
0.008087042719125748,15561,5
0.006160006392747164,15562,5
0.009958958253264427,15563,5
0.007775972597301006,15564,5
0.014443527907133102,15565,5
0.007329086773097515,15566,5
0.007381164003163576,15567,5
0.009293640032410622,15568,5
0.012056957930326462,15569,5
0.04362399876117706,15570,5
0.005871911067515612,15571,5
0.015099437907338142,15572,5
0.0075645470060408115,15573,5
0.05101095885038376,15574,5
0.1242792159318924,15575,5
0.024356860667467117,15576,5
0.007809623144567013,15577,5
0.025033731013536453,15578,5
0.006775001063942909,15579,5
0.007906896062195301,15580,5
0.010836495086550713,15581,5
0.02322637103497982,15582,5
0.0078998738899827,15583,5
0.01728786900639534,15584,5
0.012985596433281898,15585,5
0.04706835746765137,15586,5
0.022055961191654205,15587,5
0.03361601382493973,15588,5
0.005342358723282814,15589,5
0.004954256117343903,15590,5
0.010637580417096615,15591,5
0.018596259877085686,15592,5
0.0070081185549497604,15593,5
0.00763749610632658,15594,5
0.007675786502659321,15595,5
0.06568604707717896,15596,5
0.05750614404678345,15597,5
0.025422612205147743,15598,5
0.008091231808066368,15599,5
0.00903112068772316,15600,5
0.2404099702835083,15601,5
0.016351640224456787,15602,5
0.006801523268222809,15603,5
0.0077480413019657135,15604,5
0.008078175596892834,15605,5
0.005782065447419882,15606,5
0.27933263778686523,15607,5
0.021967295557260513,15608,5
0.01311592198908329,15609,5
0.01921890489757061,15610,5
0.013685527257621288,15611,5
0.010043886490166187,15612,5
0.004394810646772385,15613,5
0.13450510799884796,15614,5
0.010291041806340218,15615,5
0.006727326195687056,15616,5
0.009283248335123062,15617,5
0.05999007821083069,15618,5
0.03316071629524231,15619,5
0.1956980973482132,15620,5
0.02273082733154297,15621,5
0.00765583198517561,15622,5
0.0069840652868151665,15623,5
0.05121171474456787,15624,5
0.252701073884964,15625,5
0.20926691591739655,15626,5
0.008398905396461487,15627,5
0.00833120010793209,15628,5
0.0590246319770813,15629,5
0.1321028769016266,15630,5
0.009497408755123615,15631,5
0.013780675828456879,15632,5
0.006736168172210455,15633,5
0.013293827883899212,15634,5
0.009070721454918385,15635,5
0.00727510591968894,15636,5
0.01201871782541275,15637,5
0.020282816141843796,15638,5
0.008538417518138885,15639,5
0.010614505968987942,15640,5
0.29030680656433105,15641,5
0.016707099974155426,15642,5
0.04552774876356125,15643,5
0.006626472342759371,15644,5
0.23992618918418884,15645,5
0.03656625375151634,15646,5
0.024820677936077118,15647,5
0.041307590901851654,15648,5
0.01258397102355957,15649,5
0.01259584166109562,15650,5
0.37154439091682434,15651,5
0.040827151387929916,15652,5
0.013582240790128708,15653,5
0.004779177717864513,15654,5
0.008007552474737167,15655,5
0.008216043002903461,15656,5
0.6555706262588501,15657,5
0.2556373178958893,15658,5
0.15032240748405457,15659,5
0.01156566385179758,15660,5
0.2919721305370331,15661,5
0.21985845267772675,15662,5
0.04931073263287544,15663,5
0.04828912392258644,15664,5
0.010651148855686188,15665,5
0.018761400133371353,15666,5
0.18272414803504944,15667,5
0.010405877605080605,15668,5
0.00768938846886158,15669,5
0.00781538337469101,15670,5
0.013002397492527962,15671,5
0.013894235715270042,15672,5
0.10368471592664719,15673,5
0.023324690759181976,15674,5
0.006643631495535374,15675,5
0.22182217240333557,15676,5
0.044006697833538055,15677,5
0.08618846535682678,15678,5
0.013343581929802895,15679,5
0.026284165680408478,15680,5
0.017603866755962372,15681,5
0.11506094038486481,15682,5
0.013560186140239239,15683,5
0.0414748415350914,15684,5
0.23503564298152924,15685,5
0.05996987223625183,15686,5
0.013890555128455162,15687,5
0.00856015831232071,15688,5
0.012429781258106232,15689,5
0.006511875428259373,15690,5
0.007709164172410965,15691,5
0.004065186716616154,15692,5
0.13175185024738312,15693,5
0.015932442620396614,15694,5
0.019601784646511078,15695,5
0.011427273973822594,15696,5
0.03147391602396965,15697,5
0.005435471888631582,15698,5
0.010524493642151356,15699,5
0.007664955221116543,15700,5
0.008171264082193375,15701,5
0.007293688133358955,15702,5
0.004501977935433388,15703,5
0.45368003845214844,15704,5
0.006289544515311718,15705,5
0.05683338642120361,15706,5
0.0036382032558321953,15707,5
0.10775911808013916,15708,5
0.005592816974967718,15709,5
0.00508697796612978,15710,5
0.007767152972519398,15711,5
0.03183220326900482,15712,5
0.011026648804545403,15713,5
0.004702181555330753,15714,5
0.05224877595901489,15715,5
0.07728061079978943,15716,5
0.009938975796103477,15717,5
0.012701233848929405,15718,5
0.017660856246948242,15719,5
0.04992394894361496,15720,5
0.024384059011936188,15721,5
0.010842832736670971,15722,5
0.010862552560865879,15723,5
0.01455017551779747,15724,5
0.015003714710474014,15725,5
0.005069563165307045,15726,5
0.014472195878624916,15727,5
0.009204925037920475,15728,5
0.03972479701042175,15729,5
0.039907731115818024,15730,5
0.24511970579624176,15731,5
0.011245285160839558,15732,5
0.004409207962453365,15733,5
0.007240587845444679,15734,5
0.18404322862625122,15735,5
0.00758738350123167,15736,5
0.036638885736465454,15737,5
0.011082315817475319,15738,5
0.04809938371181488,15739,5
0.03117997944355011,15740,5
0.006062855012714863,15741,5
0.014331420883536339,15742,5
0.014466335065662861,15743,5
0.04785019904375076,15744,5
0.010870859026908875,15745,5
0.010398942977190018,15746,5
0.11702097207307816,15747,5
0.0065504503436386585,15748,5
0.012955684214830399,15749,5
0.042184680700302124,15750,5
0.011062640696763992,15751,5
0.015661466866731644,15752,5
0.008840810507535934,15753,5
0.004811996594071388,15754,5
0.2711900472640991,15755,5
0.02966131828725338,15756,5
0.041213978081941605,15757,5
0.006327445153146982,15758,5
0.009782434441149235,15759,5
0.007374417036771774,15760,5
0.012979766353964806,15761,5
0.31508904695510864,15762,5
0.01115790568292141,15763,5
0.005998525768518448,15764,5
0.004741768818348646,15765,5
0.017795920372009277,15766,5
0.016924669966101646,15767,5
0.43396565318107605,15768,5
0.003700218629091978,15769,5
0.016387101262807846,15770,5
0.22543109953403473,15771,5
0.006220561917871237,15772,5
0.04473762586712837,15773,5
0.18811161816120148,15774,5
0.06989002972841263,15775,5
0.051900845021009445,15776,5
0.005808061920106411,15777,5
0.009220663458108902,15778,5
0.014996347017586231,15779,5
0.0105106420814991,15780,5
0.04949280247092247,15781,5
0.013585853390395641,15782,5
0.261313259601593,15783,5
0.08886200189590454,15784,5
0.004909880459308624,15785,5
0.005833350587636232,15786,5
0.12527672946453094,15787,5
0.059610769152641296,15788,5
0.05414734408259392,15789,5
0.010703396052122116,15790,5
0.008416922762989998,15791,5
0.014297271147370338,15792,5
0.005875350441783667,15793,5
0.013898804783821106,15794,5
0.009840044192969799,15795,5
0.009131712839007378,15796,5
0.12450703978538513,15797,5
0.2163875252008438,15798,5
0.006478303112089634,15799,5
0.019456570968031883,15800,5
0.011215907521545887,15801,5
0.00802372582256794,15802,5
0.004847992677241564,15803,5
0.005955314263701439,15804,5
0.01582934707403183,15805,5
0.014747818931937218,15806,5
0.008889937773346901,15807,5
0.017690390348434448,15808,5
0.3552995026111603,15809,5
0.024316053837537766,15810,5
0.02135246805846691,15811,5
0.009651738218963146,15812,5
0.004344429820775986,15813,5
0.010952787473797798,15814,5
0.0074194143526256084,15815,5
0.6174529790878296,15816,5
0.028697477653622627,15817,5
0.0073822541162371635,15818,5
0.007509971037507057,15819,5
0.011148596182465553,15820,5
0.00874673668295145,15821,5
0.2571725845336914,15822,5
0.005663454532623291,15823,5
0.017274286597967148,15824,5
0.007413480896502733,15825,5
0.039365556091070175,15826,5
0.19076506793498993,15827,5
0.003465203568339348,15828,5
0.003944623749703169,15829,5
0.08251722902059555,15830,5
0.004731874912977219,15831,5
0.012672558426856995,15832,5
0.005310452543199062,15833,5
0.017181629315018654,15834,5
0.01353977806866169,15835,5
0.007910529151558876,15836,5
0.018117234110832214,15837,5
0.014322010800242424,15838,5
0.006644977256655693,15839,5
0.39693522453308105,15840,5
0.04449422284960747,15841,5
0.036476340144872665,15842,5
0.012926563620567322,15843,5
0.27207258343696594,15844,5
0.009724888950586319,15845,5
0.28712666034698486,15846,5
0.0074824318289756775,15847,5
0.014494724571704865,15848,5
0.018686950206756592,15849,5
0.07307589799165726,15850,5
0.012728487141430378,15851,5
0.022590339183807373,15852,5
0.015682894736528397,15853,5
0.005216027610003948,15854,5
0.03788517042994499,15855,5
0.010754224844276905,15856,5
0.03670692816376686,15857,5
0.006797210779041052,15858,5
0.00494750589132309,15859,5
0.2537488341331482,15860,5
0.012253559194505215,15861,5
0.004627212882041931,15862,5
0.01125366985797882,15863,5
0.014207713305950165,15864,5
0.009700115770101547,15865,5
0.06674802303314209,15866,5
0.0062377555295825005,15867,5
0.007925569079816341,15868,5
0.004840141627937555,15869,5
0.01220615953207016,15870,5
0.08003753423690796,15871,5
0.004548737779259682,15872,5
0.008731522597372532,15873,5
0.009772399440407753,15874,5
0.06614409387111664,15875,5
0.012559846974909306,15876,5
0.009408318437635899,15877,5
0.024205349385738373,15878,5
0.24272941052913666,15879,5
0.023500697687268257,15880,5
0.006109193898737431,15881,5
0.06978657841682434,15882,5
0.02433420903980732,15883,5
0.07098156213760376,15884,5
0.006818860769271851,15885,5
0.35814395546913147,15886,5
0.004566669929772615,15887,5
0.02355530858039856,15888,5
0.016910897567868233,15889,5
0.03528595343232155,15890,5
0.03456393629312515,15891,5
0.022341033443808556,15892,5
0.11740824580192566,15893,5
0.006919342093169689,15894,5
0.23037943243980408,15895,5
0.014959041029214859,15896,5
0.004400676116347313,15897,5
0.006728159263730049,15898,5
0.017554787918925285,15899,5
0.01560267899185419,15900,5
0.04078155755996704,15901,5
0.04285259544849396,15902,5
0.04010695219039917,15903,5
0.028166864067316055,15904,5
0.10335950553417206,15905,5
0.016651932150125504,15906,5
0.005390288308262825,15907,5
0.03905780613422394,15908,5
0.007040941622108221,15909,5
0.016199912875890732,15910,5
0.008703159168362617,15911,5
0.3432902693748474,15912,5
0.011559742502868176,15913,5
0.005948020610958338,15914,5
0.005345171317458153,15915,5
0.2567683756351471,15916,5
0.007660991512238979,15917,5
0.0805886834859848,15918,5
0.007273832801729441,15919,5
0.07856109738349915,15920,5
0.012951147742569447,15921,5
0.012573814019560814,15922,5
0.009594615548849106,15923,5
0.004017310217022896,15924,5
0.003494726028293371,15925,5
0.008366774767637253,15926,5
0.018725067377090454,15927,5
0.005527251400053501,15928,5
0.008928355760872364,15929,5
0.042181964963674545,15930,5
0.010719663463532925,15931,5
0.016814518719911575,15932,5
0.00830630399286747,15933,5
0.005493066739290953,15934,5
0.007718576118350029,15935,5
0.052334852516651154,15936,5
0.009000184014439583,15937,5
0.0048284647054970264,15938,5
0.006334660109132528,15939,5
0.08718110620975494,15940,5
0.02003948763012886,15941,5
0.007465284317731857,15942,5
0.008211840875446796,15943,5
0.005325064063072205,15944,5
0.22769637405872345,15945,5
0.007801217958331108,15946,5
0.10506907105445862,15947,5
0.009997265413403511,15948,5
0.33336013555526733,15949,5
0.008229407481849194,15950,5
0.019552653655409813,15951,5
0.025164291262626648,15952,5
0.034301452338695526,15953,5
0.012321696616709232,15954,5
0.06015324965119362,15955,5
0.006497738882899284,15956,5
0.012657924555242062,15957,5
0.023929912596940994,15958,5
0.007564553990960121,15959,5
0.018194332718849182,15960,5
0.01082092896103859,15961,5
0.4718914031982422,15962,5
0.02771177515387535,15963,5
0.00558850122615695,15964,5
0.013389827683568,15965,5
0.304048627614975,15966,5
0.008763788267970085,15967,5
0.13193507492542267,15968,5
0.019441969692707062,15969,5
0.006216483190655708,15970,5
0.006410960108041763,15971,5
0.009152356535196304,15972,5
0.13161177933216095,15973,5
0.22380666434764862,15974,5
0.026585690677165985,15975,5
0.013799998909235,15976,5
0.02411613054573536,15977,5
0.021029217168688774,15978,5
0.010613193735480309,15979,5
0.29084423184394836,15980,5
0.013170859776437283,15981,5
0.006852756720036268,15982,5
0.0084700807929039,15983,5
0.008006171323359013,15984,5
0.00550935510545969,15985,5
0.014517719857394695,15986,5
0.0066297478042542934,15987,5
0.016348369419574738,15988,5
0.012762095779180527,15989,5
0.004941219463944435,15990,5
0.005138854496181011,15991,5
0.02823612652719021,15992,5
0.020606305450201035,15993,5
0.01666218601167202,15994,5
0.04167625308036804,15995,5
0.009893259033560753,15996,5
0.32569634914398193,15997,5
0.011372953653335571,15998,5
0.09901850670576096,15999,5
0.008950332179665565,16000,5
0.008078515529632568,16001,5
0.011285931803286076,16002,5
0.007866176776587963,16003,5
0.04061807319521904,16004,5
0.007970673963427544,16005,5
0.07403634488582611,16006,5
0.00459272600710392,16007,5
0.029690811410546303,16008,5
0.007071142550557852,16009,5
0.010826349258422852,16010,5
0.08154155313968658,16011,5
0.028690315783023834,16012,5
0.0687563568353653,16013,5
0.006795781664550304,16014,5
0.005514046177268028,16015,5
0.004570349585264921,16016,5
0.01198533084243536,16017,5
0.08092816919088364,16018,5
0.3487379252910614,16019,5
0.004047847352921963,16020,5
0.012434118427336216,16021,5
0.02240365371108055,16022,5
0.009911013767123222,16023,5
0.008336168713867664,16024,5
0.012159258127212524,16025,5
0.0029213542584329844,16026,5
0.05925046280026436,16027,5
0.01668095588684082,16028,5
0.006061512045562267,16029,5
0.013349464163184166,16030,5
0.05800148844718933,16031,5
0.011835426092147827,16032,5
0.004319260828197002,16033,5
0.02780364826321602,16034,5
0.006124111823737621,16035,5
0.013377700001001358,16036,5
0.0050790030509233475,16037,5
0.008764257654547691,16038,5
0.009948637336492538,16039,5
0.007508168462663889,16040,5
0.021550755947828293,16041,5
0.016450345516204834,16042,5
0.011636238545179367,16043,5
0.023769529536366463,16044,5
0.006597364787012339,16045,5
0.013549519702792168,16046,5
0.011982167139649391,16047,5
0.010163618251681328,16048,5
0.009995028376579285,16049,5
0.007775377947837114,16050,5
0.055617496371269226,16051,5
0.030917707830667496,16052,5
0.03820236772298813,16053,5
0.09962434321641922,16054,5
0.004214944317936897,16055,5
0.009833185002207756,16056,5
0.008122343569993973,16057,5
0.008346356451511383,16058,5
0.007345221471041441,16059,5
0.016085442155599594,16060,5
0.020112333819270134,16061,5
0.008055323734879494,16062,5
0.007178725674748421,16063,5
0.01783723570406437,16064,5
0.01834242418408394,16065,5
0.23545770347118378,16066,5
0.008377274498343468,16067,5
0.042844008654356,16068,5
0.008291346952319145,16069,5
0.007313823327422142,16070,5
0.005422666668891907,16071,5
0.011122215539216995,16072,5
0.010318483226001263,16073,5
0.006627836264669895,16074,5
0.006577854976058006,16075,5
0.0067093707621097565,16076,5
0.010684274137020111,16077,5
0.011680898256599903,16078,5
0.20343878865242004,16079,5
0.014589754864573479,16080,5
0.03524646535515785,16081,5
0.010271172039210796,16082,5
0.0046392641961574554,16083,5
0.013745770789682865,16084,5
0.01928134635090828,16085,5
0.016807524487376213,16086,5
0.009381947107613087,16087,5
0.010744672268629074,16088,5
0.006747425068169832,16089,5
0.005067371763288975,16090,5
0.3461402952671051,16091,5
0.23288185894489288,16092,5
0.011105729267001152,16093,5
0.013484546914696693,16094,5
0.006444766651839018,16095,5
0.04747632145881653,16096,5
0.09965862333774567,16097,5
0.19482949376106262,16098,5
0.010214234702289104,16099,5
0.02118051052093506,16100,5
0.008123340085148811,16101,5
0.014318185858428478,16102,5
0.01074181031435728,16103,5
0.006686067674309015,16104,5
0.0688486248254776,16105,5
0.006885460112243891,16106,5
0.017234694212675095,16107,5
0.021035978570580482,16108,5
0.15748517215251923,16109,5
0.2762395143508911,16110,5
0.13918493688106537,16111,5
0.024560820311307907,16112,5
0.014271941035985947,16113,5
0.032407019287347794,16114,5
0.014414660632610321,16115,5
0.005452421493828297,16116,5
0.3913241922855377,16117,5
0.009094726294279099,16118,5
0.02732408605515957,16119,5
0.012629386968910694,16120,5
0.00920958537608385,16121,5
0.005576827097684145,16122,5
0.08916037529706955,16123,5
0.01042107678949833,16124,5
0.020402248948812485,16125,5
0.17510296404361725,16126,5
0.00712377205491066,16127,5
0.006262801121920347,16128,5
0.0209195576608181,16129,5
0.007934361696243286,16130,5
0.004641893319785595,16131,5
0.0055424245074391365,16132,5
0.05075409635901451,16133,5
0.004419893957674503,16134,5
0.028911840170621872,16135,5
0.007755600847303867,16136,5
0.054177191108465195,16137,5
0.006210755556821823,16138,5
0.016983497887849808,16139,5
0.005839192308485508,16140,5
0.008329767733812332,16141,5
0.015376057475805283,16142,5
0.00710058631375432,16143,5
0.012707657180726528,16144,5
0.029449420049786568,16145,5
0.0056342463940382,16146,5
0.012628265656530857,16147,5
0.03100646659731865,16148,5
0.009213652461767197,16149,5
0.014413554221391678,16150,5
0.008528773672878742,16151,5
0.00897068902850151,16152,5
0.007645780220627785,16153,5
0.0859420970082283,16154,5
0.008506497368216515,16155,5
0.03920839726924896,16156,5
0.011809024959802628,16157,5
0.390272319316864,16158,5
0.08870932459831238,16159,5
0.006948686204850674,16160,5
0.004477257374674082,16161,5
0.012274762615561485,16162,5
0.011287114582955837,16163,5
0.020866861566901207,16164,5
0.04901588335633278,16165,5
0.010722313076257706,16166,5
0.005708932410925627,16167,5
0.00965421088039875,16168,5
0.00839003175497055,16169,5
0.02055201306939125,16170,5
0.023104321211576462,16171,5
0.008254806511104107,16172,5
0.0834449753165245,16173,5
0.026967087760567665,16174,5
0.4708673357963562,16175,5
0.009716153144836426,16176,5
0.00822945311665535,16177,5
0.06592700630426407,16178,5
0.010161753743886948,16179,5
0.0059219831600785255,16180,5
0.059507567435503006,16181,5
0.0077301617711782455,16182,5
0.008449390530586243,16183,5
0.01789069175720215,16184,5
0.010519376955926418,16185,5
0.007485736161470413,16186,5
0.009661464020609856,16187,5
0.011216484941542149,16188,5
0.011786581948399544,16189,5
0.015579486265778542,16190,5
0.013133996166288853,16191,5
0.007959568873047829,16192,5
0.005014874041080475,16193,5
0.011160804890096188,16194,5
0.010805019177496433,16195,5
0.017940780147910118,16196,5
0.18817417323589325,16197,5
0.06485163420438766,16198,5
0.06541594862937927,16199,5
0.02877521701157093,16200,5
0.05526081472635269,16201,5
0.009172404184937477,16202,5
0.01046583242714405,16203,5
0.28267332911491394,16204,5
0.0069841258227825165,16205,5
0.13815182447433472,16206,5
0.009910790249705315,16207,5
0.2419443577528,16208,5
0.005873969756066799,16209,5
0.1505158543586731,16210,5
0.005976259708404541,16211,5
0.017403170466423035,16212,5
0.16694484651088715,16213,5
0.26167917251586914,16214,5
0.012476062402129173,16215,5
0.015297336503863335,16216,5
0.006262557581067085,16217,5
0.043672382831573486,16218,5
0.008427834138274193,16219,5
0.005166580900549889,16220,5
0.00693895947188139,16221,5
0.008089193142950535,16222,5
0.18171891570091248,16223,5
0.006729724816977978,16224,5
0.007659096270799637,16225,5
0.005613562650978565,16226,5
0.012535284273326397,16227,5
0.017019834369421005,16228,5
0.013069288805127144,16229,5
0.004765433259308338,16230,5
0.013644654303789139,16231,5
0.013461440801620483,16232,5
0.008845438249409199,16233,5
0.009641613811254501,16234,5
0.00900322012603283,16235,5
0.007994611747562885,16236,5
0.012404514476656914,16237,5
0.005573326721787453,16238,5
0.006729154847562313,16239,5
0.011734497733414173,16240,5
0.010514335706830025,16241,5
0.11036598682403564,16242,5
0.00830551516264677,16243,5
0.049896854907274246,16244,5
0.04789184033870697,16245,5
0.03160778060555458,16246,5
0.017224403098225594,16247,5
0.037164077162742615,16248,5
0.007753683719784021,16249,5
0.05279089882969856,16250,5
0.2854475975036621,16251,5
0.006459329277276993,16252,5
0.008308550342917442,16253,5
0.014619957655668259,16254,5
0.01440027728676796,16255,5
0.015481294132769108,16256,5
0.005037560127675533,16257,5
0.10282637178897858,16258,5
0.04209808260202408,16259,5
0.008470745757222176,16260,5
0.0064463065937161446,16261,5
0.010705560445785522,16262,5
0.017279423773288727,16263,5
0.06427717953920364,16264,5
0.004206644371151924,16265,5
0.17154434323310852,16266,5
0.01708937995135784,16267,5
0.05158580094575882,16268,5
0.02359740436077118,16269,5
0.0052376058883965015,16270,5
0.0065390318632125854,16271,5
0.02059211954474449,16272,5
0.018240220844745636,16273,5
0.025640271604061127,16274,5
0.029090389609336853,16275,5
0.007150884717702866,16276,5
0.011926453560590744,16277,5
0.007571150548756123,16278,5
0.025845084339380264,16279,5
0.06755141913890839,16280,5
0.009971394203603268,16281,5
0.18003727495670319,16282,5
0.0069641415029764175,16283,5
0.009117771871387959,16284,5
0.0065551633015275,16285,5
0.012051757425069809,16286,5
0.11583408713340759,16287,5
0.04872098192572594,16288,5
0.008974991738796234,16289,5
0.01919952780008316,16290,5
0.005709114950150251,16291,5
0.049219079315662384,16292,5
0.00683219637721777,16293,5
0.008390931412577629,16294,5
0.015781207010149956,16295,5
0.10289382934570312,16296,5
0.10563460737466812,16297,5
0.01870589330792427,16298,5
0.020641351118683815,16299,5
0.015539316460490227,16300,5
0.010385757312178612,16301,5
0.013475149869918823,16302,5
0.02289678156375885,16303,5
0.007373208180069923,16304,5
0.4539169371128082,16305,5
0.006073889322578907,16306,5
0.013721037656068802,16307,5
0.008847447112202644,16308,5
0.012583322823047638,16309,5
0.011791658587753773,16310,5
0.01827925071120262,16311,5
0.007746750023216009,16312,5
0.007586360909044743,16313,5
0.011933231726288795,16314,5
0.011944363825023174,16315,5
0.03924574330449104,16316,5
0.25999996066093445,16317,5
0.06944280117750168,16318,5
0.024131853133440018,16319,5
0.009731365367770195,16320,5
0.011595630086958408,16321,5
0.009077640250325203,16322,5
0.007147923111915588,16323,5
0.01455657184123993,16324,5
0.015267389826476574,16325,5
0.04663243889808655,16326,5
0.04605720192193985,16327,5
0.007501592393964529,16328,5
0.004341732244938612,16329,5
0.013299567624926567,16330,5
0.013756128028035164,16331,5
0.011047983542084694,16332,5
0.01536199264228344,16333,5
0.010194648988544941,16334,5
0.005665869917720556,16335,5
0.00748701486736536,16336,5
0.009864061139523983,16337,5
0.05316087231040001,16338,5
0.05818098783493042,16339,5
0.005709853954613209,16340,5
0.01258385181427002,16341,5
0.006392406299710274,16342,5
0.011892829090356827,16343,5
0.005999588407576084,16344,5
0.012423616833984852,16345,5
0.011713411659002304,16346,5
0.007945604622364044,16347,5
0.005886896513402462,16348,5
0.014894269406795502,16349,5
0.013554641976952553,16350,5
0.014405460096895695,16351,5
0.010476132854819298,16352,5
0.03145219758152962,16353,5
0.01034499704837799,16354,5
0.032881274819374084,16355,5
0.006699820980429649,16356,5
0.014242958277463913,16357,5
0.012568728998303413,16358,5
0.018790071830153465,16359,5
0.033041227608919144,16360,5
0.2979903221130371,16361,5
0.08367708325386047,16362,5
0.015317483805119991,16363,5
0.008341243490576744,16364,5
0.006017131265252829,16365,5
0.023243900388479233,16366,5
0.005943317897617817,16367,5
0.012181648053228855,16368,5
0.020894665271043777,16369,5
0.005122089292854071,16370,5
0.007518751081079245,16371,5
0.011217856779694557,16372,5
0.01107234787195921,16373,5
0.00805784109979868,16374,5
0.0043057603761553764,16375,5
0.010210992768406868,16376,5
0.07855628430843353,16377,5
0.005226887762546539,16378,5
0.004497279413044453,16379,5
0.15343144536018372,16380,5
0.1799492985010147,16381,5
0.004089076071977615,16382,5
0.25599923729896545,16383,5
0.01616554521024227,16384,5
0.005316668190062046,16385,5
0.012448865920305252,16386,5
0.010948451235890388,16387,5
0.008800821378827095,16388,5
0.05258239805698395,16389,5
0.01362152025103569,16390,5
0.04524920880794525,16391,5
0.014069250784814358,16392,5
0.009207801893353462,16393,5
0.009290271438658237,16394,5
0.012143854051828384,16395,5
0.005261322483420372,16396,5
0.010950502008199692,16397,5
0.0066424221731722355,16398,5
0.35738322138786316,16399,5
0.05916040390729904,16400,5
0.013951756060123444,16401,5
0.18967635929584503,16402,5
0.27334079146385193,16403,5
0.036611415445804596,16404,5
0.026206383481621742,16405,5
0.010284915566444397,16406,5
0.036653026938438416,16407,5
0.027098149061203003,16408,5
0.020517008379101753,16409,5
0.3056205213069916,16410,5
0.15498881042003632,16411,5
0.00638887844979763,16412,5
0.007177326828241348,16413,5
0.01942812278866768,16414,5
0.17088636755943298,16415,5
0.012359779328107834,16416,5
0.008272157050669193,16417,5
0.027012553066015244,16418,5
0.012786135077476501,16419,5
0.021412953734397888,16420,5
0.011588532477617264,16421,5
0.01802680268883705,16422,5
0.01235397532582283,16423,5
0.007571805268526077,16424,5
0.013908088207244873,16425,5
0.011196702718734741,16426,5
0.007264362648129463,16427,5
0.052357833832502365,16428,5
0.036056600511074066,16429,5
0.010084835812449455,16430,5
0.014401398599147797,16431,5
0.0054597631096839905,16432,5
0.010669684037566185,16433,5
0.009053051471710205,16434,5
0.008727042004466057,16435,5
0.011966277845203876,16436,5
0.0450066439807415,16437,5
0.01530303806066513,16438,5
0.00671031791716814,16439,5
0.006118477322161198,16440,5
0.00865358579903841,16441,5
0.0121535062789917,16442,5
0.017726099118590355,16443,5
0.14137674868106842,16444,5
0.06504854559898376,16445,5
0.007118077948689461,16446,5
0.01153809018433094,16447,5
0.010330813005566597,16448,5
0.07696826010942459,16449,5
0.00542587973177433,16450,5
0.010837968438863754,16451,5
0.009525838308036327,16452,5
0.05472268909215927,16453,5
0.030768558382987976,16454,5
0.00488943699747324,16455,5
0.04726272076368332,16456,5
0.004354988224804401,16457,5
0.010192139074206352,16458,5
0.4574068784713745,16459,5
0.029690826311707497,16460,5
0.019039858132600784,16461,5
0.028139833360910416,16462,5
0.01065145991742611,16463,5
0.12865498661994934,16464,5
0.009639601223170757,16465,5
0.03541310131549835,16466,5
0.011750608682632446,16467,5
0.007913688197731972,16468,5
0.011774854734539986,16469,5
0.38650789856910706,16470,5
0.05151962488889694,16471,5
0.018215201795101166,16472,5
0.007180469110608101,16473,5
0.0404321551322937,16474,5
0.1521015614271164,16475,5
0.01305288728326559,16476,5
0.027754340320825577,16477,5
0.009625248610973358,16478,5
0.01072144415229559,16479,5
0.007873927243053913,16480,5
0.005529849324375391,16481,5
0.008831608109176159,16482,5
0.007060514762997627,16483,5
0.05393626540899277,16484,5
0.011984985321760178,16485,5
0.011471912264823914,16486,5
0.008819101378321648,16487,5
0.01028172206133604,16488,5
0.041967131197452545,16489,5
0.020344547927379608,16490,5
0.008757490664720535,16491,5
0.01121513545513153,16492,5
0.038309842348098755,16493,5
0.014133087359368801,16494,5
0.02378959022462368,16495,5
0.00544202933087945,16496,5
0.01177714578807354,16497,5
0.4796580374240875,16498,5
0.008823167532682419,16499,5
0.06337270885705948,16500,5
0.008114265277981758,16501,5
0.01080147922039032,16502,5
0.013513322919607162,16503,5
0.03808315843343735,16504,5
0.009123397059738636,16505,5
0.024174124002456665,16506,5
0.011753663420677185,16507,5
0.009757519699633121,16508,5
0.009354028850793839,16509,5
0.012203310616314411,16510,5
0.008226068690419197,16511,5
0.299002081155777,16512,5
0.007246806286275387,16513,5
0.0162438303232193,16514,5
0.00971989519894123,16515,5
0.07917338609695435,16516,5
0.014521785080432892,16517,5
0.008049818687140942,16518,5
0.01300705224275589,16519,5
0.007229591254144907,16520,5
0.006518509238958359,16521,5
0.33772972226142883,16522,5
0.011032698675990105,16523,5
0.007100555580109358,16524,5
0.11362222582101822,16525,5
0.01933736354112625,16526,5
0.012061993591487408,16527,5
0.009867098182439804,16528,5
0.39961594343185425,16529,5
0.02077612280845642,16530,5
0.04821581020951271,16531,5
0.021888965740799904,16532,5
0.0163075290620327,16533,5
0.02131963148713112,16534,5
0.012440832331776619,16535,5
0.015273558907210827,16536,5
0.024836476892232895,16537,5
0.057041414082050323,16538,5
0.006515314802527428,16539,5
0.010247018188238144,16540,5
0.026950471103191376,16541,5
0.02866530790925026,16542,5
0.0035878377966582775,16543,5
0.12180843949317932,16544,5
0.012937282212078571,16545,5
0.005583068821579218,16546,5
0.07167570292949677,16547,5
0.017866704612970352,16548,5
0.005066574551165104,16549,5
0.01051211729645729,16550,5
0.4616272449493408,16551,5
0.05713324621319771,16552,5
0.01630009524524212,16553,5
0.022398103028535843,16554,5
0.04933358356356621,16555,5
0.09899134933948517,16556,5
0.02454620972275734,16557,5
0.012009170837700367,16558,5
0.014926472678780556,16559,5
0.03303119167685509,16560,5
0.01434496883302927,16561,5
0.018255535513162613,16562,5
0.01493850164115429,16563,5
0.04353960603475571,16564,5
0.00874597392976284,16565,5
0.00785197876393795,16566,5
0.02875712141394615,16567,5
0.024297159165143967,16568,5
0.27172353863716125,16569,5
0.025083433836698532,16570,5
0.012414743192493916,16571,5
0.008559215813875198,16572,5
0.00920662097632885,16573,5
0.006264830008149147,16574,5
0.020210320129990578,16575,5
0.07476832717657089,16576,5
0.016966423019766808,16577,5
0.06287403404712677,16578,5
0.30760523676872253,16579,5
0.3841001093387604,16580,5
0.005800735671073198,16581,5
0.17935438454151154,16582,5
0.005496032536029816,16583,5
0.01275046356022358,16584,5
0.06702466309070587,16585,5
0.014135674573481083,16586,5
0.008932825177907944,16587,5
0.008477124385535717,16588,5
0.033147215843200684,16589,5
0.009916670620441437,16590,5
0.02217935584485531,16591,5
0.15393316745758057,16592,5
0.013042458333075047,16593,5
0.009277337230741978,16594,5
0.053784534335136414,16595,5
0.09442947059869766,16596,5
0.009907827712595463,16597,5
0.00669373944401741,16598,5
0.011221633292734623,16599,5
0.01644005812704563,16600,5
0.010355506092309952,16601,5
0.010849446058273315,16602,5
0.009191135875880718,16603,5
0.009040195494890213,16604,5
0.09314407408237457,16605,5
0.04929656907916069,16606,5
0.006538894027471542,16607,5
0.012280844151973724,16608,5
0.008508525788784027,16609,5
0.013379765674471855,16610,5
0.01727541722357273,16611,5
0.005311749409884214,16612,5
0.04409050568938255,16613,5
0.006505053490400314,16614,5
0.12380541861057281,16615,5
0.007245199754834175,16616,5
0.01061294600367546,16617,5
0.007855746895074844,16618,5
0.008531540632247925,16619,5
0.027074579149484634,16620,5
0.010648276656866074,16621,5
0.05249969661235809,16622,5
0.011955933645367622,16623,5
0.005621364340186119,16624,5
0.00879645999521017,16625,5
0.007680896669626236,16626,5
0.005388583056628704,16627,5
0.007571106310933828,16628,5
0.008277632296085358,16629,5
0.00756791140884161,16630,5
0.007768481504172087,16631,5
0.008205128833651543,16632,5
0.006721646524965763,16633,5
0.007067927159368992,16634,5
0.03587665408849716,16635,5
0.025173775851726532,16636,5
0.011739857494831085,16637,5
0.28500130772590637,16638,5
0.007877270691096783,16639,5
0.010165387764573097,16640,5
0.013500029221177101,16641,5
0.010664436966180801,16642,5
0.2041158825159073,16643,5
0.017053984105587006,16644,5
0.007833793759346008,16645,5
0.01364923920482397,16646,5
0.0050045582465827465,16647,5
0.0323120653629303,16648,5
0.0319073349237442,16649,5
0.005328337196260691,16650,5
0.014788752421736717,16651,5
0.1944303810596466,16652,5
0.005533606745302677,16653,5
0.019700538367033005,16654,5
0.007872112095355988,16655,5
0.016523299738764763,16656,5
0.013451933860778809,16657,5
0.007556091994047165,16658,5
0.013156542554497719,16659,5
0.024747591465711594,16660,5
0.015260555781424046,16661,5
0.008061143569648266,16662,5
0.01021290197968483,16663,5
0.007291240617632866,16664,5
0.023372361436486244,16665,5
0.009753107093274593,16666,5
0.2616247236728668,16667,5
0.008992904797196388,16668,5
0.023145059123635292,16669,5
0.005757331848144531,16670,5
0.03961701691150665,16671,5
0.0919448509812355,16672,5
0.27345868945121765,16673,5
0.007232993841171265,16674,5
0.02123872935771942,16675,5
0.021395528689026833,16676,5
0.0056450883857905865,16677,5
0.1771460324525833,16678,5
0.018172049894928932,16679,5
0.020790018141269684,16680,5
0.008119909092783928,16681,5
0.009791338816285133,16682,5
0.01221588533371687,16683,5
0.037659309804439545,16684,5
0.029035279527306557,16685,5
0.0058428701013326645,16686,5
0.005132414400577545,16687,5
0.011668937280774117,16688,5
0.007429979741573334,16689,5
0.007819484919309616,16690,5
0.09697851538658142,16691,5
0.00527771795168519,16692,5
0.0247245691716671,16693,5
0.03980840742588043,16694,5
0.004894034005701542,16695,5
0.011756191961467266,16696,5
0.006715999450534582,16697,5
0.10417190194129944,16698,5
0.006497434340417385,16699,5
0.006665708962827921,16700,5
0.009732321836054325,16701,5
0.009060392156243324,16702,5
0.0133137796074152,16703,5
0.02324119210243225,16704,5
0.007536489050835371,16705,5
0.00816466473042965,16706,5
0.4143527150154114,16707,5
0.21817484498023987,16708,5
0.03764728829264641,16709,5
0.00723945302888751,16710,5
0.007053913548588753,16711,5
0.03530023247003555,16712,5
0.010005731135606766,16713,5
0.0759226605296135,16714,5
0.08818892389535904,16715,5
0.010330609045922756,16716,5
0.09536617994308472,16717,5
0.018095042556524277,16718,5
0.006813881918787956,16719,5
0.03629710152745247,16720,5
0.027763647958636284,16721,5
0.009586488828063011,16722,5
0.2674911618232727,16723,5
0.00638983678072691,16724,5
0.011934922076761723,16725,5
0.023251425474882126,16726,5
0.2509867548942566,16727,5
0.055004797875881195,16728,5
0.006106427870690823,16729,5
0.009435348212718964,16730,5
0.005692657083272934,16731,5
0.006559619680047035,16732,5
0.009607437066733837,16733,5
